{
  "type": "FeatureCollection",
  "generated_at": "2026-10-08T12:03:46.762935+00:00",
  "count": 1016,
  "features": [
    {
      "type": "Feature",
      "geometry": {
        "type": "Point",
        "coordinates": [
          5.86685,
          46.22241
        ]
      },
      "properties": {
        "title": "Géomètre Topographe H/F",
        "company": "Manpower",
        "location": "Collonges, Gex",
        "country": "FR",
        "url": "https://www.adzuna.fr/details/5896040653?utm_medium=api&utm_source=600ef87e",
        "created": "2026-09-24T03:13:58Z",
        "salary_min": 12,
        "salary_max": 14,
        "matched_keyword": "topographe",
        "source": "Adzuna"
      }
    },
    {
      "type": "Feature",
      "geometry": {
        "type": "Point",
        "coordinates": [
          6.228797,
          45.50167
        ]
      },
      "properties": {
        "title": "Géometre-Topographe",
        "company": "GEODE GEOMETRES-EXPERTS",
        "location": "Savoie, Auvergne-Rhône-Alpes",
        "country": "FR",
        "url": "https://www.adzuna.fr/details/5091050337?utm_medium=api&utm_source=600ef87e",
        "created": "2025-03-13T10:53:21Z",
        "salary_min": 2400,
        "salary_max": 2900,
        "matched_keyword": "topographe",
        "source": "Adzuna"
      }
    },
    {
      "type": "Feature",
      "geometry": {
        "type": "Point",
        "coordinates": [
          6.76708,
          45.61695
        ]
      },
      "properties": {
        "title": "Géometre-Topographe",
        "company": "GEODE GEOMETRES-EXPERTS",
        "location": "Bourg-Saint-Maurice, Albertville",
        "country": "FR",
        "url": "https://www.adzuna.fr/details/5434797608?utm_medium=api&utm_source=600ef87e",
        "created": "2025-10-07T03:56:12Z",
        "salary_min": 2400,
        "salary_max": 2900,
        "matched_keyword": "topographe",
        "source": "Adzuna"
      }
    },
    {
      "type": "Feature",
      "geometry": {
        "type": "Point",
        "coordinates": [
          6.21026,
          45.58483
        ]
      },
      "properties": {
        "title": "Géometre-Topographe Foncier",
        "company": "GEODE GEOMETRES-EXPERTS",
        "location": "Saint-Pierre-d'Albigny, Chambéry",
        "country": "FR",
        "url": "https://www.adzuna.fr/details/5433454689?utm_medium=api&utm_source=600ef87e",
        "created": "2025-10-06T04:04:20Z",
        "salary_min": 2400,
        "salary_max": 2900,
        "matched_keyword": "topographe",
        "source": "Adzuna"
      }
    },
    {
      "type": "Feature",
      "geometry": {
        "type": "Point",
        "coordinates": [
          6.228797,
          45.50167
        ]
      },
      "properties": {
        "title": "Géometre-Topographe Foncier",
        "company": "GEODE GEOMETRES-EXPERTS",
        "location": "Savoie, Auvergne-Rhône-Alpes",
        "country": "FR",
        "url": "https://www.adzuna.fr/details/5433454687?utm_medium=api&utm_source=600ef87e",
        "created": "2025-10-06T04:04:20Z",
        "salary_min": 2400,
        "salary_max": 2900,
        "matched_keyword": "topographe",
        "source": "Adzuna"
      }
    },
    {
      "type": "Feature",
      "geometry": {
        "type": "Point",
        "coordinates": [
          0.72691,
          46.94031
        ]
      },
      "properties": {
        "title": "Géomètre Topographe H/F",
        "company": "Global Interim",
        "location": "Dangé-Saint-Romain, Châtellerault",
        "country": "FR",
        "url": "https://www.adzuna.fr/details/5896039842?utm_medium=api&utm_source=600ef87e",
        "created": "2026-09-24T03:13:51Z",
        "salary_min": null,
        "salary_max": null,
        "matched_keyword": "topographe",
        "source": "Adzuna"
      }
    },
    {
      "type": "Feature",
      "geometry": {
        "type": "Point",
        "coordinates": [
          1.28896,
          49.98347
        ]
      },
      "properties": {
        "title": "Geometre Topographe H/F",
        "company": "PROMAN",
        "location": "Envermeu, Dieppe",
        "country": "FR",
        "url": "https://www.adzuna.fr/details/5918174605?utm_medium=api&utm_source=600ef87e",
        "created": "2026-10-08T04:21:40Z",
        "salary_min": 12,
        "salary_max": 12,
        "matched_keyword": "topographe",
        "source": "Adzuna"
      }
    },
    {
      "type": "Feature",
      "geometry": {
        "type": "Point",
        "coordinates": [
          5.70845,
          43.6873
        ]
      },
      "properties": {
        "title": "TECHNICIEN TOPOGRAPHE H/F",
        "company": "SITES",
        "location": "Peyrolles-en-Provence, Aix-en-Provence",
        "country": "FR",
        "url": "https://www.adzuna.fr/details/5774201023?utm_medium=api&utm_source=600ef87e",
        "created": "2026-06-24T03:26:03Z",
        "salary_min": null,
        "salary_max": null,
        "matched_keyword": "topographe",
        "source": "Adzuna"
      }
    },
    {
      "type": "Feature",
      "geometry": {
        "type": "Point",
        "coordinates": [
          3.32095,
          45.3721
        ]
      },
      "properties": {
        "title": "Géomètre Topographe F/H",
        "company": "Eiffage",
        "location": "Auzon, Brioude",
        "country": "FR",
        "url": "https://www.adzuna.fr/details/5690170469?utm_medium=api&utm_source=600ef87e",
        "created": "2026-04-04T22:38:58Z",
        "salary_min": null,
        "salary_max": null,
        "matched_keyword": "topographe",
        "source": "Adzuna"
      }
    },
    {
      "type": "Feature",
      "geometry": {
        "type": "Point",
        "coordinates": [
          3.32095,
          45.3721
        ]
      },
      "properties": {
        "title": "Géomètre Topographe F/H",
        "company": "Eiffage",
        "location": "Auzon, Brioude",
        "country": "FR",
        "url": "https://www.adzuna.fr/details/5894126737?utm_medium=api&utm_source=600ef87e",
        "created": "2026-09-22T18:18:21Z",
        "salary_min": null,
        "salary_max": null,
        "matched_keyword": "topographe",
        "source": "Adzuna"
      }
    },
    {
      "type": "Feature",
      "geometry": {
        "type": "Point",
        "coordinates": [
          5.08666,
          45.72035
        ]
      },
      "properties": {
        "title": "Ingénieur Géomètre-Topographe H/F",
        "company": "Survey",
        "location": "Lyon, Rhône",
        "country": "FR",
        "url": "https://www.adzuna.fr/details/5871491760?utm_medium=api&utm_source=600ef87e",
        "created": "2026-09-05T07:19:10Z",
        "salary_min": null,
        "salary_max": null,
        "matched_keyword": "geometre topographe",
        "source": "Adzuna"
      }
    },
    {
      "type": "Feature",
      "geometry": {
        "type": "Point",
        "coordinates": [
          1.47787,
          48.5378
        ]
      },
      "properties": {
        "title": "Ingénieur Géomètre Topographe (H/F)",
        "company": "Systea Infrastructures",
        "location": "Chartres-Nord-Est, Chartres",
        "country": "FR",
        "url": "https://www.adzuna.fr/details/5909300876?utm_medium=api&utm_source=600ef87e",
        "created": "2026-10-03T04:49:29Z",
        "salary_min": null,
        "salary_max": null,
        "matched_keyword": "geometre topographe",
        "source": "Adzuna"
      }
    },
    {
      "type": "Feature",
      "geometry": {
        "type": "Point",
        "coordinates": [
          1.954423,
          48.84045
        ]
      },
      "properties": {
        "title": "INGENIEUR GEOMETRE TOPOGRAPHE H/F",
        "company": "N/A",
        "location": "Yvelines, Ile-de-France",
        "country": "FR",
        "url": "https://www.adzuna.fr/details/5888029620?utm_medium=api&utm_source=600ef87e",
        "created": "2026-09-17T19:02:58Z",
        "salary_min": null,
        "salary_max": null,
        "matched_keyword": "geometre topographe",
        "source": "Adzuna"
      }
    },
    {
      "type": "Feature",
      "geometry": {
        "type": "Point",
        "coordinates": [
          1.48417,
          48.44441
        ]
      },
      "properties": {
        "title": "Ingénieur Géomètre F/H",
        "company": "DGE INTERIM",
        "location": "Chartres, Eure-et-Loir",
        "country": "FR",
        "url": "https://www.adzuna.fr/details/5884538672?utm_medium=api&utm_source=600ef87e",
        "created": "2026-09-15T12:59:29Z",
        "salary_min": 37000,
        "salary_max": 48000,
        "matched_keyword": "ingenieur geometre",
        "source": "Adzuna"
      }
    },
    {
      "type": "Feature",
      "geometry": {
        "type": "Point",
        "coordinates": [
          1.44295,
          43.60436
        ]
      },
      "properties": {
        "title": "Ingénieur Géomètre F/H",
        "company": "DGE INTERIM",
        "location": "Toulouse, Haute-Garonne",
        "country": "FR",
        "url": "https://www.adzuna.fr/details/5884538650?utm_medium=api&utm_source=600ef87e",
        "created": "2026-09-15T12:59:29Z",
        "salary_min": 37000,
        "salary_max": 48000,
        "matched_keyword": "ingenieur geometre",
        "source": "Adzuna"
      }
    },
    {
      "type": "Feature",
      "geometry": {
        "type": "Point",
        "coordinates": [
          6.1825,
          48.69079
        ]
      },
      "properties": {
        "title": "Ingénieur Géomètre F/H",
        "company": "DGE INTERIM",
        "location": "Nancy, Meurthe-et-Moselle",
        "country": "FR",
        "url": "https://www.adzuna.fr/details/5884537113?utm_medium=api&utm_source=600ef87e",
        "created": "2026-09-15T12:58:07Z",
        "salary_min": 37000,
        "salary_max": 48000,
        "matched_keyword": "ingenieur geometre",
        "source": "Adzuna"
      }
    },
    {
      "type": "Feature",
      "geometry": {
        "type": "Point",
        "coordinates": [
          5.04399,
          47.32721
        ]
      },
      "properties": {
        "title": "Ingénieur Géomètre F/H",
        "company": "DGE INTERIM",
        "location": "Dijon, Côte-d'Or",
        "country": "FR",
        "url": "https://www.adzuna.fr/details/5884537120?utm_medium=api&utm_source=600ef87e",
        "created": "2026-09-15T12:58:07Z",
        "salary_min": 37000,
        "salary_max": 48000,
        "matched_keyword": "ingenieur geometre",
        "source": "Adzuna"
      }
    },
    {
      "type": "Feature",
      "geometry": {
        "type": "Point",
        "coordinates": [
          2.344631,
          48.863839
        ]
      },
      "properties": {
        "title": "Ingénieur Géomètre F/H",
        "company": "DGE INTERIM",
        "location": "Paris, Ile-de-France",
        "country": "FR",
        "url": "https://www.adzuna.fr/details/5884537100?utm_medium=api&utm_source=600ef87e",
        "created": "2026-09-15T12:58:07Z",
        "salary_min": 37000,
        "salary_max": 48000,
        "matched_keyword": "ingenieur geometre",
        "source": "Adzuna"
      }
    },
    {
      "type": "Feature",
      "geometry": {
        "type": "Point",
        "coordinates": [
          6.1825,
          48.69079
        ]
      },
      "properties": {
        "title": "Ingénieur Géomètre (H/F)",
        "company": "Systea Infrastructures",
        "location": "Malzéville, Nancy",
        "country": "FR",
        "url": "https://www.adzuna.fr/details/5909300953?utm_medium=api&utm_source=600ef87e",
        "created": "2026-10-03T04:49:31Z",
        "salary_min": null,
        "salary_max": null,
        "matched_keyword": "ingenieur geometre",
        "source": "Adzuna"
      }
    },
    {
      "type": "Feature",
      "geometry": {
        "type": "Point",
        "coordinates": [
          4.721577,
          47.30381
        ]
      },
      "properties": {
        "title": "Ingénieur Géomètre (H/F)",
        "company": "Systea Infrastructures",
        "location": "Côte-d'Or, Bourgogne-Franche-Comté",
        "country": "FR",
        "url": "https://www.adzuna.fr/details/5909300989?utm_medium=api&utm_source=600ef87e",
        "created": "2026-10-03T04:49:32Z",
        "salary_min": null,
        "salary_max": null,
        "matched_keyword": "ingenieur geometre",
        "source": "Adzuna"
      }
    },
    {
      "type": "Feature",
      "geometry": {
        "type": "Point",
        "coordinates": [
          2.344631,
          48.863839
        ]
      },
      "properties": {
        "title": "Ingénieur Géomètre (H/F)",
        "company": "Systea Infrastructures",
        "location": "Paris, Ile-de-France",
        "country": "FR",
        "url": "https://www.adzuna.fr/details/5909300996?utm_medium=api&utm_source=600ef87e",
        "created": "2026-10-03T04:49:32Z",
        "salary_min": null,
        "salary_max": null,
        "matched_keyword": "ingenieur geometre",
        "source": "Adzuna"
      }
    },
    {
      "type": "Feature",
      "geometry": {
        "type": "Point",
        "coordinates": [
          1.44295,
          43.60436
        ]
      },
      "properties": {
        "title": "Ingénieur Géomètre (H/F)",
        "company": "Systea Infrastructures",
        "location": "Rangueuil, Toulouse",
        "country": "FR",
        "url": "https://www.adzuna.fr/details/5909300981?utm_medium=api&utm_source=600ef87e",
        "created": "2026-10-03T04:49:32Z",
        "salary_min": null,
        "salary_max": null,
        "matched_keyword": "ingenieur geometre",
        "source": "Adzuna"
      }
    },
    {
      "type": "Feature",
      "geometry": {
        "type": "Point",
        "coordinates": [
          1.31674,
          48.371765
        ]
      },
      "properties": {
        "title": "Ingénieur Géomètre (H/F)",
        "company": "Systea Infrastructures",
        "location": "Eure-et-Loir, Centre",
        "country": "FR",
        "url": "https://www.adzuna.fr/details/5909301005?utm_medium=api&utm_source=600ef87e",
        "created": "2026-10-03T04:49:32Z",
        "salary_min": null,
        "salary_max": null,
        "matched_keyword": "ingenieur geometre",
        "source": "Adzuna"
      }
    },
    {
      "type": "Feature",
      "geometry": {
        "type": "Point",
        "coordinates": [
          4.721577,
          47.30381
        ]
      },
      "properties": {
        "title": "Ingénieur Géomètre (H/F)",
        "company": "Systea Infrastructures",
        "location": "Côte-d'Or, Bourgogne-Franche-Comté",
        "country": "FR",
        "url": "https://www.adzuna.fr/details/5909427079?utm_medium=api&utm_source=600ef87e",
        "created": "2026-10-03T06:51:28Z",
        "salary_min": 42000,
        "salary_max": 60000,
        "matched_keyword": "ingenieur geometre",
        "source": "Adzuna"
      }
    },
    {
      "type": "Feature",
      "geometry": {
        "type": "Point",
        "coordinates": [
          6.114425,
          48.811878
        ]
      },
      "properties": {
        "title": "Ingénieur Géomètre (H/F)",
        "company": "Systea Infrastructures",
        "location": "Meurthe-et-Moselle, Grand-Est",
        "country": "FR",
        "url": "https://www.adzuna.fr/details/5909426973?utm_medium=api&utm_source=600ef87e",
        "created": "2026-10-03T06:51:28Z",
        "salary_min": 42000,
        "salary_max": 60000,
        "matched_keyword": "ingenieur geometre",
        "source": "Adzuna"
      }
    },
    {
      "type": "Feature",
      "geometry": {
        "type": "Point",
        "coordinates": [
          2.344631,
          48.863839
        ]
      },
      "properties": {
        "title": "Ingénieur Géomètre (H/F)",
        "company": "Systea Infrastructures",
        "location": "Paris, Ile-de-France",
        "country": "FR",
        "url": "https://www.adzuna.fr/details/5909426971?utm_medium=api&utm_source=600ef87e",
        "created": "2026-10-03T06:51:28Z",
        "salary_min": 42000,
        "salary_max": 60000,
        "matched_keyword": "ingenieur geometre",
        "source": "Adzuna"
      }
    },
    {
      "type": "Feature",
      "geometry": {
        "type": "Point",
        "coordinates": [
          1.13894,
          43.4082
        ]
      },
      "properties": {
        "title": "Ingénieur Géomètre (H/F)",
        "company": "Systea Infrastructures",
        "location": "Haute-Garonne, Occitanie",
        "country": "FR",
        "url": "https://www.adzuna.fr/details/5909426970?utm_medium=api&utm_source=600ef87e",
        "created": "2026-10-03T06:51:28Z",
        "salary_min": 42000,
        "salary_max": 60000,
        "matched_keyword": "ingenieur geometre",
        "source": "Adzuna"
      }
    },
    {
      "type": "Feature",
      "geometry": {
        "type": "Point",
        "coordinates": [
          1.44295,
          43.60436
        ]
      },
      "properties": {
        "title": "Ingénieur Géomètre H/F",
        "company": "Systea Infrastructures",
        "location": "Rangueuil, Toulouse",
        "country": "FR",
        "url": "https://www.adzuna.fr/details/5918181850?utm_medium=api&utm_source=600ef87e",
        "created": "2026-10-08T04:23:31Z",
        "salary_min": 42000,
        "salary_max": 60000,
        "matched_keyword": "ingenieur geometre",
        "source": "Adzuna"
      }
    },
    {
      "type": "Feature",
      "geometry": {
        "type": "Point",
        "coordinates": [
          1.31674,
          48.371765
        ]
      },
      "properties": {
        "title": "Ingénieur Géomètre (H/F)",
        "company": "Systea Infrastructures",
        "location": "Eure-et-Loir, Centre",
        "country": "FR",
        "url": "https://www.adzuna.fr/details/5909426972?utm_medium=api&utm_source=600ef87e",
        "created": "2026-10-03T06:51:28Z",
        "salary_min": 42000,
        "salary_max": 60000,
        "matched_keyword": "ingenieur geometre",
        "source": "Adzuna"
      }
    },
    {
      "type": "Feature",
      "geometry": {
        "type": "Point",
        "coordinates": [
          1.481895,
          42.987116
        ]
      },
      "properties": {
        "title": "Ingénieur Géomètre H/F",
        "company": "LTd",
        "location": "Ariège, Occitanie",
        "country": "FR",
        "url": "https://www.adzuna.fr/details/5902742202?utm_medium=api&utm_source=600ef87e",
        "created": "2026-09-29T12:52:59Z",
        "salary_min": null,
        "salary_max": null,
        "matched_keyword": "ingenieur geometre",
        "source": "Adzuna"
      }
    },
    {
      "type": "Feature",
      "geometry": {
        "type": "Point",
        "coordinates": [
          2.38875,
          48.84079
        ]
      },
      "properties": {
        "title": "Ingénieur Géomètre H/F",
        "company": "N/A",
        "location": "12ème Arrondissement, Paris",
        "country": "FR",
        "url": "https://www.adzuna.fr/details/5888030023?utm_medium=api&utm_source=600ef87e",
        "created": "2026-09-17T19:03:14Z",
        "salary_min": null,
        "salary_max": null,
        "matched_keyword": "ingenieur geometre",
        "source": "Adzuna"
      }
    },
    {
      "type": "Feature",
      "geometry": {
        "type": "Point",
        "coordinates": [
          4.093763,
          48.317913
        ]
      },
      "properties": {
        "title": "Ingénieur Géomètre H/F",
        "company": "LTd",
        "location": "Aube, Grand-Est",
        "country": "FR",
        "url": "https://www.adzuna.fr/details/5884514551?utm_medium=api&utm_source=600ef87e",
        "created": "2026-09-15T12:46:36Z",
        "salary_min": null,
        "salary_max": null,
        "matched_keyword": "ingenieur geometre",
        "source": "Adzuna"
      }
    },
    {
      "type": "Feature",
      "geometry": {
        "type": "Point",
        "coordinates": [
          2.38875,
          48.84079
        ]
      },
      "properties": {
        "title": "Ingénieur Géomètre H/F",
        "company": "GTA GEOMETRES EXPERTS",
        "location": "12ème Arrondissement, Paris",
        "country": "FR",
        "url": "https://www.adzuna.fr/details/5912095474?utm_medium=api&utm_source=600ef87e",
        "created": "2026-10-05T05:10:13Z",
        "salary_min": null,
        "salary_max": null,
        "matched_keyword": "ingenieur geometre",
        "source": "Adzuna"
      }
    },
    {
      "type": "Feature",
      "geometry": {
        "type": "Point",
        "coordinates": [
          5.80654,
          45.23935
        ]
      },
      "properties": {
        "title": "Ingénieur Géomètre Junior H/F",
        "company": "Sintegra",
        "location": "Biviers, Meylan",
        "country": "FR",
        "url": "https://www.adzuna.fr/details/5880367214?utm_medium=api&utm_source=600ef87e",
        "created": "2026-09-12T02:42:15Z",
        "salary_min": 2500,
        "salary_max": 2700,
        "matched_keyword": "ingenieur geometre",
        "source": "Adzuna"
      }
    },
    {
      "type": "Feature",
      "geometry": {
        "type": "Point",
        "coordinates": [
          5.04399,
          47.32721
        ]
      },
      "properties": {
        "title": "INGÉNIEUR GÉOMÈTRE FONCIER (H/F)",
        "company": "LTd",
        "location": "Dijon, Côte-d'Or",
        "country": "FR",
        "url": "https://www.adzuna.fr/details/5902738434?utm_medium=api&utm_source=600ef87e",
        "created": "2026-09-29T12:50:56Z",
        "salary_min": null,
        "salary_max": null,
        "matched_keyword": "ingenieur geometre",
        "source": "Adzuna"
      }
    },
    {
      "type": "Feature",
      "geometry": {
        "type": "Point",
        "coordinates": [
          2.674407,
          42.60702
        ]
      },
      "properties": {
        "title": "Ingénieur géomètre foncier H/F",
        "company": "Work&You",
        "location": "Pyrénées-Orientales, Occitanie",
        "country": "FR",
        "url": "https://www.adzuna.fr/details/5728435273?utm_medium=api&utm_source=600ef87e",
        "created": "2026-05-13T22:56:56Z",
        "salary_min": 38400,
        "salary_max": 42000,
        "matched_keyword": "ingenieur geometre",
        "source": "Adzuna"
      }
    },
    {
      "type": "Feature",
      "geometry": {
        "type": "Point",
        "coordinates": [
          5.80654,
          45.23935
        ]
      },
      "properties": {
        "title": "Ingénieur géomètre junior (H/F)",
        "company": "France Travail",
        "location": "Biviers, Meylan",
        "country": "FR",
        "url": "https://www.adzuna.fr/details/5904839626?utm_medium=api&utm_source=600ef87e",
        "created": "2026-10-01T06:57:42Z",
        "salary_min": null,
        "salary_max": null,
        "matched_keyword": "ingenieur geometre",
        "source": "Adzuna"
      }
    },
    {
      "type": "Feature",
      "geometry": {
        "type": "Point",
        "coordinates": [
          5.80654,
          45.23935
        ]
      },
      "properties": {
        "title": "Ingénieur géomètre junior - H/F",
        "company": "Sintégra",
        "location": "Biviers, Meylan",
        "country": "FR",
        "url": "https://www.adzuna.fr/details/5904496539?utm_medium=api&utm_source=600ef87e",
        "created": "2026-10-01T04:46:42Z",
        "salary_min": null,
        "salary_max": null,
        "matched_keyword": "ingenieur geometre",
        "source": "Adzuna"
      }
    },
    {
      "type": "Feature",
      "geometry": {
        "type": "Point",
        "coordinates": [
          1.47787,
          48.5378
        ]
      },
      "properties": {
        "title": "Ingénieur Géomètre Topographe (H/F)",
        "company": "Systea Infrastructures",
        "location": "Chartres-Nord-Est, Chartres",
        "country": "FR",
        "url": "https://www.adzuna.fr/details/5909427135?utm_medium=api&utm_source=600ef87e",
        "created": "2026-10-03T06:51:29Z",
        "salary_min": 33000,
        "salary_max": 59000,
        "matched_keyword": "ingenieur geometre",
        "source": "Adzuna"
      }
    },
    {
      "type": "Feature",
      "geometry": {
        "type": "Point",
        "coordinates": [
          1.954423,
          48.84045
        ]
      },
      "properties": {
        "title": "INGENIEUR GEOMETRE TOPOGRAPHE H/F",
        "company": "CABINET HERVIOU - DEBACHY",
        "location": "Yvelines, Ile-de-France",
        "country": "FR",
        "url": "https://www.adzuna.fr/details/5864597239?utm_medium=api&utm_source=600ef87e",
        "created": "2026-09-01T14:58:00Z",
        "salary_min": 78,
        "salary_max": 78,
        "matched_keyword": "ingenieur geometre",
        "source": "Adzuna"
      }
    },
    {
      "type": "Feature",
      "geometry": {
        "type": "Point",
        "coordinates": [
          2.60689,
          48.68942
        ]
      },
      "properties": {
        "title": "Ingénieur Géomètre TP / BIM (H/F)",
        "company": "HEGAL",
        "location": "Epinay-sous-Sénart, Evry",
        "country": "FR",
        "url": "https://www.adzuna.fr/details/5894782223?utm_medium=api&utm_source=600ef87e",
        "created": "2026-09-23T06:41:03Z",
        "salary_min": 50000,
        "salary_max": 60000,
        "matched_keyword": "ingenieur geometre",
        "source": "Adzuna"
      }
    },
    {
      "type": "Feature",
      "geometry": {
        "type": "Point",
        "coordinates": [
          -1.55674,
          47.21684
        ]
      },
      "properties": {
        "title": "Ingénieur Géomètre Foncier - Copropriété H/F",
        "company": "GEOFIT",
        "location": "Pont-Rousseau, Rezé",
        "country": "FR",
        "url": "https://www.adzuna.fr/details/5876846800?utm_medium=api&utm_source=600ef87e",
        "created": "2026-09-09T10:54:34Z",
        "salary_min": 45000,
        "salary_max": 50000,
        "matched_keyword": "ingenieur geometre",
        "source": "Adzuna"
      }
    },
    {
      "type": "Feature",
      "geometry": {
        "type": "Point",
        "coordinates": [
          1.44295,
          43.60436
        ]
      },
      "properties": {
        "title": "Ingénieur Géomètre Topographe VRD (H/F)",
        "company": "Systea Infrastructures",
        "location": "Rangueuil, Toulouse",
        "country": "FR",
        "url": "https://www.adzuna.fr/details/5909300887?utm_medium=api&utm_source=600ef87e",
        "created": "2026-10-03T04:49:29Z",
        "salary_min": null,
        "salary_max": null,
        "matched_keyword": "ingenieur geometre",
        "source": "Adzuna"
      }
    },
    {
      "type": "Feature",
      "geometry": {
        "type": "Point",
        "coordinates": [
          1.13894,
          43.4082
        ]
      },
      "properties": {
        "title": "Ingénieur Géomètre Topographe VRD (H/F)",
        "company": "Systea Infrastructures",
        "location": "Haute-Garonne, Occitanie",
        "country": "FR",
        "url": "https://www.adzuna.fr/details/5909426928?utm_medium=api&utm_source=600ef87e",
        "created": "2026-10-03T06:51:27Z",
        "salary_min": 33000,
        "salary_max": 54999,
        "matched_keyword": "ingenieur geometre",
        "source": "Adzuna"
      }
    },
    {
      "type": "Feature",
      "geometry": {
        "type": "Point",
        "coordinates": [
          1.44295,
          43.60436
        ]
      },
      "properties": {
        "title": "Ingénieur Géomètre Topographe VRD H/F",
        "company": "Systea Infrastructures",
        "location": "Rangueuil, Toulouse",
        "country": "FR",
        "url": "https://www.adzuna.fr/details/5918182058?utm_medium=api&utm_source=600ef87e",
        "created": "2026-10-08T04:23:33Z",
        "salary_min": 33000,
        "salary_max": 55000,
        "matched_keyword": "ingenieur geometre",
        "source": "Adzuna"
      }
    },
    {
      "type": "Feature",
      "geometry": {
        "type": "Point",
        "coordinates": [
          -61.2831,
          16.25426
        ]
      },
      "properties": {
        "title": "Ingénieur géomètre / Technicien géomètre foncier H/F",
        "company": "N/A",
        "location": "Pointe-à-Pitre, Guadeloupe",
        "country": "FR",
        "url": "https://www.adzuna.fr/details/5888029689?utm_medium=api&utm_source=600ef87e",
        "created": "2026-09-17T19:02:59Z",
        "salary_min": null,
        "salary_max": null,
        "matched_keyword": "ingenieur geometre",
        "source": "Adzuna"
      }
    },
    {
      "type": "Feature",
      "geometry": {
        "type": "Point",
        "coordinates": [
          6.55275,
          49.27892
        ]
      },
      "properties": {
        "title": "Ingénieur géomètre / Technicien géomètre foncier H/F",
        "company": "CABINET LAVENTURE",
        "location": "Bouzonville, Boulay-Moselle",
        "country": "FR",
        "url": "https://www.adzuna.fr/details/5856403168?utm_medium=api&utm_source=600ef87e",
        "created": "2026-08-26T07:02:10Z",
        "salary_min": 97,
        "salary_max": 97,
        "matched_keyword": "ingenieur geometre",
        "source": "Adzuna"
      }
    },
    {
      "type": "Feature",
      "geometry": {
        "type": "Point",
        "coordinates": [
          4.902705,
          45.85511
        ]
      },
      "properties": {
        "title": "Ingénieur / Technicien Géomètre-Topographe H/F",
        "company": "LTd",
        "location": "Rhône, Auvergne-Rhône-Alpes",
        "country": "FR",
        "url": "https://www.adzuna.fr/details/5895068641?utm_medium=api&utm_source=600ef87e",
        "created": "2026-09-23T12:47:28Z",
        "salary_min": null,
        "salary_max": null,
        "matched_keyword": "ingenieur geometre",
        "source": "Adzuna"
      }
    },
    {
      "type": "Feature",
      "geometry": {
        "type": "Point",
        "coordinates": [
          -3.07923,
          47.58335
        ]
      },
      "properties": {
        "title": "Ingénieur / Technicien Géomètre-Topographe H/F",
        "company": "LTd",
        "location": "Carnac, Lorient",
        "country": "FR",
        "url": "https://www.adzuna.fr/details/5895068635?utm_medium=api&utm_source=600ef87e",
        "created": "2026-09-23T12:47:28Z",
        "salary_min": null,
        "salary_max": null,
        "matched_keyword": "ingenieur geometre",
        "source": "Adzuna"
      }
    },
    {
      "type": "Feature",
      "geometry": {
        "type": "Point",
        "coordinates": [
          3.171878,
          50.447027
        ]
      },
      "properties": {
        "title": "Ingénieur / Technicien Géomètre-Topographe H/F",
        "company": "LTd",
        "location": "Nord, Hauts-De-France",
        "country": "FR",
        "url": "https://www.adzuna.fr/details/5895054054?utm_medium=api&utm_source=600ef87e",
        "created": "2026-09-23T12:38:52Z",
        "salary_min": 30000,
        "salary_max": 35000,
        "matched_keyword": "ingenieur geometre",
        "source": "Adzuna"
      }
    },
    {
      "type": "Feature",
      "geometry": {
        "type": "Point",
        "coordinates": [
          3.493697,
          43.566897
        ]
      },
      "properties": {
        "title": "Ingénieur / Technicien Géomètre-Topographe H/F",
        "company": "LTd",
        "location": "Hérault, Occitanie",
        "country": "FR",
        "url": "https://www.adzuna.fr/details/5895054060?utm_medium=api&utm_source=600ef87e",
        "created": "2026-09-23T12:38:52Z",
        "salary_min": 30000,
        "salary_max": 35000,
        "matched_keyword": "ingenieur geometre",
        "source": "Adzuna"
      }
    },
    {
      "type": "Feature",
      "geometry": {
        "type": "Point",
        "coordinates": [
          3.171878,
          50.447027
        ]
      },
      "properties": {
        "title": "Ingénieur / Technicien Géomètre-Topographe H/F",
        "company": "LTd",
        "location": "Nord, Hauts-De-France",
        "country": "FR",
        "url": "https://www.adzuna.fr/details/5895068634?utm_medium=api&utm_source=600ef87e",
        "created": "2026-09-23T12:47:28Z",
        "salary_min": null,
        "salary_max": null,
        "matched_keyword": "ingenieur geometre",
        "source": "Adzuna"
      }
    },
    {
      "type": "Feature",
      "geometry": {
        "type": "Point",
        "coordinates": [
          3.493697,
          43.566897
        ]
      },
      "properties": {
        "title": "Ingénieur / Technicien Géomètre-Topographe H/F",
        "company": "LTd",
        "location": "Hérault, Occitanie",
        "country": "FR",
        "url": "https://www.adzuna.fr/details/5895068639?utm_medium=api&utm_source=600ef87e",
        "created": "2026-09-23T12:47:28Z",
        "salary_min": null,
        "salary_max": null,
        "matched_keyword": "ingenieur geometre",
        "source": "Adzuna"
      }
    },
    {
      "type": "Feature",
      "geometry": {
        "type": "Point",
        "coordinates": [
          1.13894,
          43.4082
        ]
      },
      "properties": {
        "title": "Ingénieur / Technicien Géomètre-Topographe H/F",
        "company": "LTd",
        "location": "Haute-Garonne, Occitanie",
        "country": "FR",
        "url": "https://www.adzuna.fr/details/5895068638?utm_medium=api&utm_source=600ef87e",
        "created": "2026-09-23T12:47:28Z",
        "salary_min": null,
        "salary_max": null,
        "matched_keyword": "ingenieur geometre",
        "source": "Adzuna"
      }
    },
    {
      "type": "Feature",
      "geometry": {
        "type": "Point",
        "coordinates": [
          6.257173,
          46.110303
        ]
      },
      "properties": {
        "title": "Ingénieur / Technicien Géomètre-Topographe H/F",
        "company": "LTd",
        "location": "Haute-Savoie, Auvergne-Rhône-Alpes",
        "country": "FR",
        "url": "https://www.adzuna.fr/details/5895068640?utm_medium=api&utm_source=600ef87e",
        "created": "2026-09-23T12:47:28Z",
        "salary_min": null,
        "salary_max": null,
        "matched_keyword": "ingenieur geometre",
        "source": "Adzuna"
      }
    },
    {
      "type": "Feature",
      "geometry": {
        "type": "Point",
        "coordinates": [
          -0.665018,
          44.910658
        ]
      },
      "properties": {
        "title": "Ingénieur / Technicien Géomètre-Topographe H/F",
        "company": "LTd",
        "location": "Gironde, Nouvelle-Aquitaine",
        "country": "FR",
        "url": "https://www.adzuna.fr/details/5895068636?utm_medium=api&utm_source=600ef87e",
        "created": "2026-09-23T12:47:28Z",
        "salary_min": null,
        "salary_max": null,
        "matched_keyword": "ingenieur geometre",
        "source": "Adzuna"
      }
    },
    {
      "type": "Feature",
      "geometry": {
        "type": "Point",
        "coordinates": [
          5.09542,
          43.533738
        ]
      },
      "properties": {
        "title": "Ingénieur / Technicien Géomètre-Topographe H/F",
        "company": "LTd",
        "location": "Bouches-du-Rhône, Provence-Alpes-Côte d'Azur",
        "country": "FR",
        "url": "https://www.adzuna.fr/details/5895068643?utm_medium=api&utm_source=600ef87e",
        "created": "2026-09-23T12:47:28Z",
        "salary_min": null,
        "salary_max": null,
        "matched_keyword": "ingenieur geometre",
        "source": "Adzuna"
      }
    },
    {
      "type": "Feature",
      "geometry": {
        "type": "Point",
        "coordinates": [
          4.902705,
          45.85511
        ]
      },
      "properties": {
        "title": "Ingénieur / Technicien Géomètre-Topographe H/F",
        "company": "LTd",
        "location": "Rhône, Auvergne-Rhône-Alpes",
        "country": "FR",
        "url": "https://www.adzuna.fr/details/5895054062?utm_medium=api&utm_source=600ef87e",
        "created": "2026-09-23T12:38:52Z",
        "salary_min": 30000,
        "salary_max": 35000,
        "matched_keyword": "ingenieur geometre",
        "source": "Adzuna"
      }
    },
    {
      "type": "Feature",
      "geometry": {
        "type": "Point",
        "coordinates": [
          2.324043,
          48.019247
        ]
      },
      "properties": {
        "title": "Ingénieur / Technicien Géomètre-Topographe H/F",
        "company": "LTd",
        "location": "Loiret, Centre",
        "country": "FR",
        "url": "https://www.adzuna.fr/details/5903774867?utm_medium=api&utm_source=600ef87e",
        "created": "2026-09-30T12:41:36Z",
        "salary_min": 30000,
        "salary_max": 35000,
        "matched_keyword": "ingenieur geometre",
        "source": "Adzuna"
      }
    },
    {
      "type": "Feature",
      "geometry": {
        "type": "Point",
        "coordinates": [
          -4.4869,
          48.3906
        ]
      },
      "properties": {
        "title": "Ingénieur / Technicien Géomètre-Topographe H/F",
        "company": "LTd",
        "location": "Brest-L'Hermitage-Gouesnou, Brest",
        "country": "FR",
        "url": "https://www.adzuna.fr/details/5895054055?utm_medium=api&utm_source=600ef87e",
        "created": "2026-09-23T12:38:52Z",
        "salary_min": 30000,
        "salary_max": 35000,
        "matched_keyword": "ingenieur geometre",
        "source": "Adzuna"
      }
    },
    {
      "type": "Feature",
      "geometry": {
        "type": "Point",
        "coordinates": [
          5.09542,
          43.533738
        ]
      },
      "properties": {
        "title": "Ingénieur / Technicien Géomètre-Topographe H/F",
        "company": "LTd",
        "location": "Bouches-du-Rhône, Provence-Alpes-Côte d'Azur",
        "country": "FR",
        "url": "https://www.adzuna.fr/details/5895054061?utm_medium=api&utm_source=600ef87e",
        "created": "2026-09-23T12:38:52Z",
        "salary_min": 30000,
        "salary_max": 35000,
        "matched_keyword": "ingenieur geometre",
        "source": "Adzuna"
      }
    },
    {
      "type": "Feature",
      "geometry": {
        "type": "Point",
        "coordinates": [
          -0.665018,
          44.910658
        ]
      },
      "properties": {
        "title": "Ingénieur / Technicien Géomètre-Topographe H/F",
        "company": "LTd",
        "location": "Gironde, Nouvelle-Aquitaine",
        "country": "FR",
        "url": "https://www.adzuna.fr/details/5895054059?utm_medium=api&utm_source=600ef87e",
        "created": "2026-09-23T12:38:52Z",
        "salary_min": 30000,
        "salary_max": 35000,
        "matched_keyword": "ingenieur geometre",
        "source": "Adzuna"
      }
    },
    {
      "type": "Feature",
      "geometry": {
        "type": "Point",
        "coordinates": [
          6.257173,
          46.110303
        ]
      },
      "properties": {
        "title": "Ingénieur / Technicien Géomètre-Topographe H/F",
        "company": "LTd",
        "location": "Haute-Savoie, Auvergne-Rhône-Alpes",
        "country": "FR",
        "url": "https://www.adzuna.fr/details/5895054064?utm_medium=api&utm_source=600ef87e",
        "created": "2026-09-23T12:38:52Z",
        "salary_min": 30000,
        "salary_max": 35000,
        "matched_keyword": "ingenieur geometre",
        "source": "Adzuna"
      }
    },
    {
      "type": "Feature",
      "geometry": {
        "type": "Point",
        "coordinates": [
          3.171878,
          50.447027
        ]
      },
      "properties": {
        "title": "Ingénieur / Technicien Géomètre-Topographe H/F",
        "company": "LTd",
        "location": "Nord, Hauts-De-France",
        "country": "FR",
        "url": "https://www.adzuna.fr/details/5903774876?utm_medium=api&utm_source=600ef87e",
        "created": "2026-09-30T12:41:36Z",
        "salary_min": 30000,
        "salary_max": 35000,
        "matched_keyword": "ingenieur geometre",
        "source": "Adzuna"
      }
    },
    {
      "type": "Feature",
      "geometry": {
        "type": "Point",
        "coordinates": [
          1.13894,
          43.4082
        ]
      },
      "properties": {
        "title": "Ingénieur / Technicien Géomètre-Topographe H/F",
        "company": "LTd",
        "location": "Haute-Garonne, Occitanie",
        "country": "FR",
        "url": "https://www.adzuna.fr/details/5895054057?utm_medium=api&utm_source=600ef87e",
        "created": "2026-09-23T12:38:52Z",
        "salary_min": 30000,
        "salary_max": 35000,
        "matched_keyword": "ingenieur geometre",
        "source": "Adzuna"
      }
    },
    {
      "type": "Feature",
      "geometry": {
        "type": "Point",
        "coordinates": [
          -3.07923,
          47.58335
        ]
      },
      "properties": {
        "title": "Ingénieur / Technicien Géomètre-Topographe H/F",
        "company": "LTd",
        "location": "Carnac, Lorient",
        "country": "FR",
        "url": "https://www.adzuna.fr/details/5895054058?utm_medium=api&utm_source=600ef87e",
        "created": "2026-09-23T12:38:52Z",
        "salary_min": 30000,
        "salary_max": 35000,
        "matched_keyword": "ingenieur geometre",
        "source": "Adzuna"
      }
    },
    {
      "type": "Feature",
      "geometry": {
        "type": "Point",
        "coordinates": [
          3.171878,
          50.447027
        ]
      },
      "properties": {
        "title": "Ingénieur / Technicien Géomètre-Topographe H/F",
        "company": "LTd",
        "location": "Nord, Hauts-De-France",
        "country": "FR",
        "url": "https://www.adzuna.fr/details/5903795536?utm_medium=api&utm_source=600ef87e",
        "created": "2026-09-30T12:51:08Z",
        "salary_min": null,
        "salary_max": null,
        "matched_keyword": "ingenieur geometre",
        "source": "Adzuna"
      }
    },
    {
      "type": "Feature",
      "geometry": {
        "type": "Point",
        "coordinates": [
          -4.172963,
          48.298953
        ]
      },
      "properties": {
        "title": "Ingénieur / Technicien Géomètre-Topographe H/F",
        "company": "LTd",
        "location": "Finistère, Bretagne",
        "country": "FR",
        "url": "https://www.adzuna.fr/details/5895068637?utm_medium=api&utm_source=600ef87e",
        "created": "2026-09-23T12:47:28Z",
        "salary_min": null,
        "salary_max": null,
        "matched_keyword": "ingenieur geometre",
        "source": "Adzuna"
      }
    },
    {
      "type": "Feature",
      "geometry": {
        "type": "Point",
        "coordinates": [
          2.324043,
          48.019247
        ]
      },
      "properties": {
        "title": "Ingénieur / Technicien Géomètre-Topographe H/F",
        "company": "LTd",
        "location": "Loiret, Centre",
        "country": "FR",
        "url": "https://www.adzuna.fr/details/5903795526?utm_medium=api&utm_source=600ef87e",
        "created": "2026-09-30T12:51:08Z",
        "salary_min": null,
        "salary_max": null,
        "matched_keyword": "ingenieur geometre",
        "source": "Adzuna"
      }
    },
    {
      "type": "Feature",
      "geometry": {
        "type": "Point",
        "coordinates": [
          0.19858,
          48.00772
        ]
      },
      "properties": {
        "title": "Secrétaire général - EPN02 ESGT F/H",
        "company": "Conservatoire National des Arts et Métiers",
        "location": "Le Mans, Sarthe",
        "country": "FR",
        "url": "https://www.adzuna.fr/details/5907892679?utm_medium=api&utm_source=600ef87e",
        "created": "2026-10-02T13:05:10Z",
        "salary_min": 30000,
        "salary_max": 45000,
        "matched_keyword": "ingenieur geometre",
        "source": "Adzuna"
      }
    },
    {
      "type": "Feature",
      "geometry": {
        "type": "Point",
        "coordinates": [
          0.19858,
          48.00772
        ]
      },
      "properties": {
        "title": "Secrétaire général (F/H) - EPN02 ESGT",
        "company": "le cnam",
        "location": "Le Mans, Sarthe",
        "country": "FR",
        "url": "https://www.adzuna.fr/details/5908392259?utm_medium=api&utm_source=600ef87e",
        "created": "2026-10-02T18:11:48Z",
        "salary_min": null,
        "salary_max": null,
        "matched_keyword": "ingenieur geometre",
        "source": "Adzuna"
      }
    },
    {
      "type": "Feature",
      "geometry": {
        "type": "Point",
        "coordinates": [
          6.61471,
          46.32134
        ]
      },
      "properties": {
        "title": "TECHNICIEN GEOMETRE / TOPOGRAPHE (H/F)",
        "company": "France Travail",
        "location": "Evian-les-Bains, Thonon-les-Bains",
        "country": "FR",
        "url": "https://www.adzuna.fr/details/5876637412?utm_medium=api&utm_source=600ef87e",
        "created": "2026-09-09T06:36:56Z",
        "salary_min": null,
        "salary_max": null,
        "matched_keyword": "ingenieur geometre",
        "source": "Adzuna"
      }
    },
    {
      "type": "Feature",
      "geometry": {
        "type": "Point",
        "coordinates": [
          3.493697,
          43.566897
        ]
      },
      "properties": {
        "title": "Chef de projet mobilités durables",
        "company": "Immergis",
        "location": "Hérault, Occitanie",
        "country": "FR",
        "url": "https://www.adzuna.fr/details/5727249254?utm_medium=api&utm_source=600ef87e",
        "created": "2026-05-12T22:44:21Z",
        "salary_min": null,
        "salary_max": null,
        "matched_keyword": "ingenieur geometre",
        "source": "Adzuna"
      }
    },
    {
      "type": "Feature",
      "geometry": {
        "type": "Point",
        "coordinates": [
          2.36488,
          48.93607
        ]
      },
      "properties": {
        "title": "Ingénieur ou ingénieure géométrie/topographie F/H",
        "company": "SNCF - Recrutement externe",
        "location": "Saint-Denis, Seine-Saint-Denis",
        "country": "FR",
        "url": "https://www.adzuna.fr/details/5890557767?utm_medium=api&utm_source=600ef87e",
        "created": "2026-09-19T13:00:53Z",
        "salary_min": null,
        "salary_max": null,
        "matched_keyword": "ingenieur geometre",
        "source": "Adzuna"
      }
    },
    {
      "type": "Feature",
      "geometry": {
        "type": "Point",
        "coordinates": [
          2.36488,
          48.93607
        ]
      },
      "properties": {
        "title": "Ingénieur ou ingénieure géométrie/topographie F/H",
        "company": "SNCF ACT",
        "location": "Saint-Denis, Seine-Saint-Denis",
        "country": "FR",
        "url": "https://www.adzuna.fr/details/5895160688?utm_medium=api&utm_source=600ef87e",
        "created": "2026-09-23T14:05:15Z",
        "salary_min": null,
        "salary_max": null,
        "matched_keyword": "ingenieur geometre",
        "source": "Adzuna"
      }
    },
    {
      "type": "Feature",
      "geometry": {
        "type": "Point",
        "coordinates": [
          3.79712,
          43.64772
        ]
      },
      "properties": {
        "title": "Graphiste / Chargé(e) de communication H/F - Alternance",
        "company": "Immergis",
        "location": "Montpellier 10e Canton, Montpellier",
        "country": "FR",
        "url": "https://www.adzuna.fr/details/5727233870?utm_medium=api&utm_source=600ef87e",
        "created": "2026-05-12T22:42:58Z",
        "salary_min": 8,
        "salary_max": 8,
        "matched_keyword": "ingenieur geometre",
        "source": "Adzuna"
      }
    },
    {
      "type": "Feature",
      "geometry": {
        "type": "Point",
        "coordinates": [
          2.245857,
          48.82583
        ]
      },
      "properties": {
        "title": "Géomètre Projeteur H/F",
        "company": "Systea Infrastructures",
        "location": "Hauts-de-Seine, Ile-de-France",
        "country": "FR",
        "url": "https://www.adzuna.fr/details/5910320966?utm_medium=api&utm_source=600ef87e",
        "created": "2026-10-03T18:54:22Z",
        "salary_min": 28000,
        "salary_max": 50000,
        "matched_keyword": "ingenieur geometre",
        "source": "Adzuna"
      }
    },
    {
      "type": "Feature",
      "geometry": {
        "type": "Point",
        "coordinates": [
          5.41841,
          43.48484
        ]
      },
      "properties": {
        "title": "Géomètre Projeteur H/F",
        "company": "Systea Infrastructures",
        "location": "Aix en Provence Sud-Ouest, Aix-en-Provence",
        "country": "FR",
        "url": "https://www.adzuna.fr/details/5909425709?utm_medium=api&utm_source=600ef87e",
        "created": "2026-10-03T06:51:13Z",
        "salary_min": 28000,
        "salary_max": 50000,
        "matched_keyword": "ingenieur geometre",
        "source": "Adzuna"
      }
    },
    {
      "type": "Feature",
      "geometry": {
        "type": "Point",
        "coordinates": [
          -4.172963,
          48.298953
        ]
      },
      "properties": {
        "title": "Géomètre Projeteur H/F",
        "company": "Systea Infrastructures",
        "location": "Finistère, Bretagne",
        "country": "FR",
        "url": "https://www.adzuna.fr/details/5910321258?utm_medium=api&utm_source=600ef87e",
        "created": "2026-10-03T18:54:33Z",
        "salary_min": 28000,
        "salary_max": 50000,
        "matched_keyword": "ingenieur geometre",
        "source": "Adzuna"
      }
    },
    {
      "type": "Feature",
      "geometry": {
        "type": "Point",
        "coordinates": [
          -1.727553,
          48.20187
        ]
      },
      "properties": {
        "title": "Géomètre Projeteur H/F",
        "company": "Systea Infrastructures",
        "location": "Ille-et-Vilaine, Bretagne",
        "country": "FR",
        "url": "https://www.adzuna.fr/details/5910321259?utm_medium=api&utm_source=600ef87e",
        "created": "2026-10-03T18:54:33Z",
        "salary_min": 28000,
        "salary_max": 50000,
        "matched_keyword": "ingenieur geometre",
        "source": "Adzuna"
      }
    },
    {
      "type": "Feature",
      "geometry": {
        "type": "Point",
        "coordinates": [
          -0.52307,
          44.85094
        ]
      },
      "properties": {
        "title": "Géomètre Projeteur H/F",
        "company": "Systea Infrastructures",
        "location": "Bassens, Toulouse",
        "country": "FR",
        "url": "https://www.adzuna.fr/details/5910321206?utm_medium=api&utm_source=600ef87e",
        "created": "2026-10-03T18:54:32Z",
        "salary_min": 28000,
        "salary_max": 50000,
        "matched_keyword": "ingenieur geometre",
        "source": "Adzuna"
      }
    },
    {
      "type": "Feature",
      "geometry": {
        "type": "Point",
        "coordinates": [
          2.25096,
          48.94425
        ]
      },
      "properties": {
        "title": "Géomètre Projeteur H/F",
        "company": "Systea Infrastructures",
        "location": "Sannois, Argenteuil",
        "country": "FR",
        "url": "https://www.adzuna.fr/details/5909425694?utm_medium=api&utm_source=600ef87e",
        "created": "2026-10-03T06:51:13Z",
        "salary_min": 28000,
        "salary_max": 50000,
        "matched_keyword": "ingenieur geometre",
        "source": "Adzuna"
      }
    },
    {
      "type": "Feature",
      "geometry": {
        "type": "Point",
        "coordinates": [
          2.27287,
          48.7303
        ]
      },
      "properties": {
        "title": "Géomètre Projeteur H/F",
        "company": "Systea Infrastructures",
        "location": "Massy, Palaiseau",
        "country": "FR",
        "url": "https://www.adzuna.fr/details/5910321345?utm_medium=api&utm_source=600ef87e",
        "created": "2026-10-03T18:54:34Z",
        "salary_min": 28000,
        "salary_max": 50000,
        "matched_keyword": "ingenieur geometre",
        "source": "Adzuna"
      }
    },
    {
      "type": "Feature",
      "geometry": {
        "type": "Point",
        "coordinates": [
          1.94855,
          48.8167
        ]
      },
      "properties": {
        "title": "Géomètre Projeteur H/F",
        "company": "Systea Infrastructures",
        "location": "Plaisir, Versailles",
        "country": "FR",
        "url": "https://www.adzuna.fr/details/5909425635?utm_medium=api&utm_source=600ef87e",
        "created": "2026-10-03T06:51:11Z",
        "salary_min": 28000,
        "salary_max": 50000,
        "matched_keyword": "ingenieur geometre",
        "source": "Adzuna"
      }
    },
    {
      "type": "Feature",
      "geometry": {
        "type": "Point",
        "coordinates": [
          -1.75204,
          49.38107
        ]
      },
      "properties": {
        "title": "Ingénieur Systèmes Naval F/H (CDD)",
        "company": "ISD",
        "location": "Barneville-Carteret, Cherbourg-Octeville",
        "country": "FR",
        "url": "https://www.adzuna.fr/land/ad/5908956737?se=purkpg7D8RGZrtr1kasdFg&utm_medium=api&utm_source=600ef87e&v=FCC6170E73DDE62F77535B0BF848C85E20A051EE",
        "created": "2026-10-03T01:06:31Z",
        "salary_min": null,
        "salary_max": null,
        "matched_keyword": "hydrographe",
        "source": "Adzuna"
      }
    },
    {
      "type": "Feature",
      "geometry": {
        "type": "Point",
        "coordinates": [
          1.428963,
          47.417546
        ]
      },
      "properties": {
        "title": "Ingénieur Systèmes Naval F/H",
        "company": "ISD",
        "location": "Cherbourg-en-Cotentin, Val-de-Cher-Controis",
        "country": "FR",
        "url": "https://www.adzuna.fr/details/5909900301?utm_medium=api&utm_source=600ef87e",
        "created": "2026-10-03T13:08:43Z",
        "salary_min": null,
        "salary_max": null,
        "matched_keyword": "hydrographe",
        "source": "Adzuna"
      }
    },
    {
      "type": "Feature",
      "geometry": {
        "type": "Point",
        "coordinates": [
          5.63018,
          43.21332
        ]
      },
      "properties": {
        "title": "Ingénieur Support H/F",
        "company": "Exail",
        "location": "Aubagne-Est, Marseille",
        "country": "FR",
        "url": "https://www.adzuna.fr/details/5890002497?utm_medium=api&utm_source=600ef87e",
        "created": "2026-09-19T02:52:57Z",
        "salary_min": null,
        "salary_max": null,
        "matched_keyword": "hydrographe",
        "source": "Adzuna"
      }
    },
    {
      "type": "Feature",
      "geometry": {
        "type": "Point",
        "coordinates": [
          -1.61424,
          49.63867
        ]
      },
      "properties": {
        "title": "Ingénieur Systèmes Naval F/H",
        "company": "ISD",
        "location": "Tourlaville, Cherbourg-Octeville",
        "country": "FR",
        "url": "https://www.adzuna.fr/details/5744832156?utm_medium=api&utm_source=600ef87e",
        "created": "2026-05-29T22:54:17Z",
        "salary_min": null,
        "salary_max": null,
        "matched_keyword": "hydrographe",
        "source": "Adzuna"
      }
    },
    {
      "type": "Feature",
      "geometry": {
        "type": "Point",
        "coordinates": [
          -1.61424,
          49.63867
        ]
      },
      "properties": {
        "title": "Ingénieur Système Naval F/H",
        "company": "ISD",
        "location": "Tourlaville, Cherbourg-Octeville",
        "country": "FR",
        "url": "https://www.adzuna.fr/details/5877284056?utm_medium=api&utm_source=600ef87e",
        "created": "2026-09-09T18:00:35Z",
        "salary_min": null,
        "salary_max": null,
        "matched_keyword": "hydrographe",
        "source": "Adzuna"
      }
    },
    {
      "type": "Feature",
      "geometry": {
        "type": "Point",
        "coordinates": [
          -4.4869,
          48.3906
        ]
      },
      "properties": {
        "title": "Ingénieur(e) en exploitation de données marégraphiques F/H",
        "company": "Shom",
        "location": "Brest, Finistère",
        "country": "FR",
        "url": "https://www.adzuna.fr/details/5913732120?utm_medium=api&utm_source=600ef87e",
        "created": "2026-10-06T13:11:58Z",
        "salary_min": 36000,
        "salary_max": 36000,
        "matched_keyword": "hydrographe",
        "source": "Adzuna"
      }
    },
    {
      "type": "Feature",
      "geometry": {
        "type": "Point",
        "coordinates": [
          -4.4869,
          48.3906
        ]
      },
      "properties": {
        "title": "Chef du Département Développement Instrumental Métrologie et Chimie Océanographique H/F",
        "company": "Ministère des armées",
        "location": "Brest-L'Hermitage-Gouesnou, Brest",
        "country": "FR",
        "url": "https://www.adzuna.fr/details/5910892107?utm_medium=api&utm_source=600ef87e",
        "created": "2026-10-04T04:27:41Z",
        "salary_min": 43400,
        "salary_max": 43400,
        "matched_keyword": "hydrographe",
        "source": "Adzuna"
      }
    },
    {
      "type": "Feature",
      "geometry": {
        "type": "Point",
        "coordinates": [
          5.42064,
          43.58249
        ]
      },
      "properties": {
        "title": "Ingénieur(e) d'application Marine - Occitanie-PACA",
        "company": "Monnoyeur",
        "location": "Aix-en-Provence, Bouches-du-Rhône",
        "country": "FR",
        "url": "https://www.adzuna.fr/details/5748209401?utm_medium=api&utm_source=600ef87e",
        "created": "2026-06-01T23:07:02Z",
        "salary_min": null,
        "salary_max": null,
        "matched_keyword": "hydrographe",
        "source": "Adzuna"
      }
    },
    {
      "type": "Feature",
      "geometry": {
        "type": "Point",
        "coordinates": [
          -4.4869,
          48.3906
        ]
      },
      "properties": {
        "title": "Chef(fe) du département développement instrumental, métrologie et chimie océanographique H/F",
        "company": "Ministère des Armées",
        "location": "Brest, Finistère",
        "country": "FR",
        "url": "https://www.adzuna.fr/details/5763831321?utm_medium=api&utm_source=600ef87e",
        "created": "2026-06-14T23:16:05Z",
        "salary_min": 43400,
        "salary_max": 43400,
        "matched_keyword": "hydrographe",
        "source": "Adzuna"
      }
    },
    {
      "type": "Feature",
      "geometry": {
        "type": "Point",
        "coordinates": [
          1.44295,
          43.60436
        ]
      },
      "properties": {
        "title": "Ingénieur(e) infrastructure informatique F/H",
        "company": "Shom",
        "location": "Toulouse, Haute-Garonne",
        "country": "FR",
        "url": "https://www.adzuna.fr/details/5884541178?utm_medium=api&utm_source=600ef87e",
        "created": "2026-09-15T13:00:10Z",
        "salary_min": null,
        "salary_max": null,
        "matched_keyword": "hydrographe",
        "source": "Adzuna"
      }
    },
    {
      "type": "Feature",
      "geometry": {
        "type": "Point",
        "coordinates": [
          2.132708,
          47.868654
        ]
      },
      "properties": {
        "title": "ingénieur d'études - géomaticien",
        "company": "Ministère de la Culture",
        "location": "Saint-Denis-de-l'Hôtel, Orléans",
        "country": "FR",
        "url": "https://www.adzuna.fr/details/5892995310?utm_medium=api&utm_source=600ef87e",
        "created": "2026-09-21T18:40:24Z",
        "salary_min": null,
        "salary_max": null,
        "matched_keyword": "geomaticien",
        "source": "Adzuna"
      }
    },
    {
      "type": "Feature",
      "geometry": {
        "type": "Point",
        "coordinates": [
          2.27287,
          48.7303
        ]
      },
      "properties": {
        "title": "Stage Ingénieur SIG - Géomaticien",
        "company": "EQUANS",
        "location": "Massy, Palaiseau",
        "country": "FR",
        "url": "https://www.adzuna.fr/details/5905435457?utm_medium=api&utm_source=600ef87e",
        "created": "2026-10-01T12:57:57Z",
        "salary_min": null,
        "salary_max": null,
        "matched_keyword": "geomaticien",
        "source": "Adzuna"
      }
    },
    {
      "type": "Feature",
      "geometry": {
        "type": "Point",
        "coordinates": [
          -0.02941,
          47.25396
        ]
      },
      "properties": {
        "title": "Cartographe Géomaticien(ne) - F/H",
        "company": "auddicé",
        "location": "Allonnes, Saumur",
        "country": "FR",
        "url": "https://www.adzuna.fr/details/5797330686?utm_medium=api&utm_source=600ef87e",
        "created": "2026-07-11T23:47:21Z",
        "salary_min": 32000,
        "salary_max": 32000,
        "matched_keyword": "geomaticien",
        "source": "Adzuna"
      }
    },
    {
      "type": "Feature",
      "geometry": {
        "type": "Point",
        "coordinates": [
          2.27287,
          48.7303
        ]
      },
      "properties": {
        "title": "Stage : Stage Ingénieur SIG - Géomaticien",
        "company": "Bouygues",
        "location": "Massy, Palaiseau",
        "country": "FR",
        "url": "https://www.adzuna.fr/details/5907468421?utm_medium=api&utm_source=600ef87e",
        "created": "2026-10-02T07:47:31Z",
        "salary_min": null,
        "salary_max": null,
        "matched_keyword": "geomaticien",
        "source": "Adzuna"
      }
    },
    {
      "type": "Feature",
      "geometry": {
        "type": "Point",
        "coordinates": [
          2.28937,
          48.79115
        ]
      },
      "properties": {
        "title": "Ingénieur études et travaux géotechniques /évaluation risques Géosciences (H/F) (Intérim)",
        "company": "MANPOWER FRANCE",
        "location": "Fontenay-aux-Roses, Antony",
        "country": "FR",
        "url": "https://www.adzuna.fr/land/ad/5910132505?se=qCpgqA7D8RGSdsiqONmNKg&utm_medium=api&utm_source=600ef87e&v=0AFFF9052A31AFEBEEFC4AB2C6FE33DE5CBDA772",
        "created": "2026-10-03T17:07:05Z",
        "salary_min": null,
        "salary_max": null,
        "matched_keyword": "geomaticien",
        "source": "Adzuna"
      }
    },
    {
      "type": "Feature",
      "geometry": {
        "type": "Point",
        "coordinates": [
          2.28937,
          48.79115
        ]
      },
      "properties": {
        "title": "Ingénieur études et travaux géotechniques /évaluation risques Géosciences (H/F)",
        "company": "Manpower",
        "location": "Fontenay-aux-Roses, Antony",
        "country": "FR",
        "url": "https://www.adzuna.fr/details/5914921275?utm_medium=api&utm_source=600ef87e",
        "created": "2026-10-07T04:00:11Z",
        "salary_min": null,
        "salary_max": null,
        "matched_keyword": "geomaticien",
        "source": "Adzuna"
      }
    },
    {
      "type": "Feature",
      "geometry": {
        "type": "Point",
        "coordinates": [
          -0.57614,
          44.83737
        ]
      },
      "properties": {
        "title": "Ingénieur pédologue/ zones humides F/H",
        "company": "Egis Group",
        "location": "Bordeaux, Gironde",
        "country": "FR",
        "url": "https://www.adzuna.fr/details/5918842805?utm_medium=api&utm_source=600ef87e",
        "created": "2026-10-08T13:10:31Z",
        "salary_min": 36000,
        "salary_max": 36000,
        "matched_keyword": "geomaticien",
        "source": "Adzuna"
      }
    },
    {
      "type": "Feature",
      "geometry": {
        "type": "Point",
        "coordinates": [
          2.6224,
          48.81177
        ]
      },
      "properties": {
        "title": "Apprenti. Assistant.e en gestion administrative",
        "company": "Institut national de l’information géographique et forestière",
        "location": "Champs-sur-Marne, Torcy",
        "country": "FR",
        "url": "https://www.adzuna.fr/details/5910847069?utm_medium=api&utm_source=600ef87e",
        "created": "2026-10-04T04:03:37Z",
        "salary_min": null,
        "salary_max": null,
        "matched_keyword": "geomaticien",
        "source": "Adzuna"
      }
    },
    {
      "type": "Feature",
      "geometry": {
        "type": "Point",
        "coordinates": [
          5.34473,
          45.4489
        ]
      },
      "properties": {
        "title": "Ingénieur-e de Recherche en télédétection et intelligence artificielle appliquées à l’agroécolo",
        "company": "Inrae",
        "location": "Isère, Auvergne-Rhône-Alpes",
        "country": "FR",
        "url": "https://www.adzuna.fr/details/5900709109?utm_medium=api&utm_source=600ef87e",
        "created": "2026-09-27T17:33:57Z",
        "salary_min": null,
        "salary_max": null,
        "matched_keyword": "photogrammetrie",
        "source": "Adzuna"
      }
    },
    {
      "type": "Feature",
      "geometry": {
        "type": "Point",
        "coordinates": [
          5.76823,
          45.16453
        ]
      },
      "properties": {
        "title": "Ingénieur-e de Recherche en télédétection et intelligence artificielle appliquées à l’agroécolo",
        "company": "Choisir le Service Public",
        "location": "Saint-Martin-d'Hères, Grenoble",
        "country": "FR",
        "url": "https://www.adzuna.fr/details/5899869879?utm_medium=api&utm_source=600ef87e",
        "created": "2026-09-26T18:01:14Z",
        "salary_min": null,
        "salary_max": null,
        "matched_keyword": "photogrammetrie",
        "source": "Adzuna"
      }
    },
    {
      "type": "Feature",
      "geometry": {
        "type": "Point",
        "coordinates": [
          -2.21361,
          47.27432
        ]
      },
      "properties": {
        "title": "Ingénieur métrologie F/H",
        "company": "Mrod",
        "location": "Saint-Nazaire, Loire-Atlantique",
        "country": "FR",
        "url": "https://www.adzuna.fr/details/5913746332?utm_medium=api&utm_source=600ef87e",
        "created": "2026-10-06T13:15:14Z",
        "salary_min": 34000,
        "salary_max": 50000,
        "matched_keyword": "photogrammetrie",
        "source": "Adzuna"
      }
    },
    {
      "type": "Feature",
      "geometry": {
        "type": "Point",
        "coordinates": [
          1.44295,
          43.60436
        ]
      },
      "properties": {
        "title": "INGENIEUR DE RECHERCHE EN CORRECTION GEOMETRIQUE D’IMAGES DE TELEDETECTION OPTIQUE 12 MOIS (H/F)",
        "company": "Onera",
        "location": "Toulouse, Haute-Garonne",
        "country": "FR",
        "url": "https://www.adzuna.fr/details/5673051199?utm_medium=api&utm_source=600ef87e",
        "created": "2026-03-20T13:59:08Z",
        "salary_min": null,
        "salary_max": null,
        "matched_keyword": "photogrammetrie",
        "source": "Adzuna"
      }
    },
    {
      "type": "Feature",
      "geometry": {
        "type": "Point",
        "coordinates": [
          4.42796,
          46.8067
        ]
      },
      "properties": {
        "title": "Ingénieur Métrologue 3D",
        "company": "CML",
        "location": "Le Creusot, Autun",
        "country": "FR",
        "url": "https://www.adzuna.fr/details/5876481974?utm_medium=api&utm_source=600ef87e",
        "created": "2026-09-09T04:08:50Z",
        "salary_min": null,
        "salary_max": null,
        "matched_keyword": "photogrammetrie",
        "source": "Adzuna"
      }
    },
    {
      "type": "Feature",
      "geometry": {
        "type": "Point",
        "coordinates": [
          4.42796,
          46.8067
        ]
      },
      "properties": {
        "title": "INGENIEUR METROLOGUE 3D F/H",
        "company": "CML",
        "location": "Le Creusot, Autun",
        "country": "FR",
        "url": "https://www.adzuna.fr/details/5886034583?utm_medium=api&utm_source=600ef87e",
        "created": "2026-09-16T12:56:22Z",
        "salary_min": 36000,
        "salary_max": 36000,
        "matched_keyword": "photogrammetrie",
        "source": "Adzuna"
      }
    },
    {
      "type": "Feature",
      "geometry": {
        "type": "Point",
        "coordinates": [
          3.02267,
          50.64786
        ]
      },
      "properties": {
        "title": "Ingénieur Structures F/H",
        "company": "Sixense Engineering",
        "location": "Lambersart, Lille",
        "country": "FR",
        "url": "https://www.adzuna.fr/details/5903498265?utm_medium=api&utm_source=600ef87e",
        "created": "2026-09-30T07:14:07Z",
        "salary_min": 42000,
        "salary_max": 49000,
        "matched_keyword": "photogrammetrie",
        "source": "Adzuna"
      }
    },
    {
      "type": "Feature",
      "geometry": {
        "type": "Point",
        "coordinates": [
          55.41667,
          -21.25
        ]
      },
      "properties": {
        "title": "IGR 2-PROJET RÉGÉnR - LGSR F/H",
        "company": "UNIVERSITE DE LA REUNION",
        "location": "Saint-Benoît, La Réunion",
        "country": "FR",
        "url": "https://www.adzuna.fr/details/5878318251?utm_medium=api&utm_source=600ef87e",
        "created": "2026-09-10T12:50:00Z",
        "salary_min": 40000,
        "salary_max": 41000,
        "matched_keyword": "photogrammetrie",
        "source": "Adzuna"
      }
    },
    {
      "type": "Feature",
      "geometry": {
        "type": "Point",
        "coordinates": [
          3.02267,
          50.64786
        ]
      },
      "properties": {
        "title": "Ingénieur Structures H/F",
        "company": "Sixense Engineering",
        "location": "Lambersart, Lille",
        "country": "FR",
        "url": "https://www.adzuna.fr/details/5912058459?utm_medium=api&utm_source=600ef87e",
        "created": "2026-10-05T04:33:57Z",
        "salary_min": 42000,
        "salary_max": 49000,
        "matched_keyword": "photogrammetrie",
        "source": "Adzuna"
      }
    },
    {
      "type": "Feature",
      "geometry": {
        "type": "Point",
        "coordinates": [
          4.84238,
          45.79629
        ]
      },
      "properties": {
        "title": "Software Engineer - Java Angular H/F",
        "company": "Sogelink",
        "location": "Caluire-et-Cuire, Lyon",
        "country": "FR",
        "url": "https://www.adzuna.fr/details/5811234769?utm_medium=api&utm_source=600ef87e",
        "created": "2026-07-22T23:34:15Z",
        "salary_min": null,
        "salary_max": null,
        "matched_keyword": "photogrammetrie",
        "source": "Adzuna"
      }
    },
    {
      "type": "Feature",
      "geometry": {
        "type": "Point",
        "coordinates": [
          2.23356,
          48.71894
        ]
      },
      "properties": {
        "title": "Ingénieur projets topographie et géomatique H/F",
        "company": "Socotec",
        "location": "Villebon-sur-Yvette, Palaiseau",
        "country": "FR",
        "url": "https://www.adzuna.fr/details/5899152946?utm_medium=api&utm_source=600ef87e",
        "created": "2026-09-26T04:53:58Z",
        "salary_min": null,
        "salary_max": null,
        "matched_keyword": "photogrammetrie",
        "source": "Adzuna"
      }
    },
    {
      "type": "Feature",
      "geometry": {
        "type": "Point",
        "coordinates": [
          0.607535,
          51.588269
        ]
      },
      "properties": {
        "title": "Topographical Surveyor",
        "company": "Tailored Talent Ltd",
        "location": "Rayleigh, Essex",
        "country": "GB",
        "url": "https://www.adzuna.co.uk/jobs/land/ad/5875057453?se=RjjUqw7D8RGSdsiqONmNKg&utm_medium=api&utm_source=600ef87e&v=CCB53C7BD9B624C601E354ADA1728497CC8849AF",
        "created": "2026-09-08T02:12:45Z",
        "salary_min": 41308.45,
        "salary_max": 41308.45,
        "matched_keyword": "topographe",
        "source": "Adzuna"
      }
    },
    {
      "type": "Feature",
      "geometry": {
        "type": "Point",
        "coordinates": [
          -1.47784,
          52.499185
        ]
      },
      "properties": {
        "title": "Topographical Surveyor",
        "company": "Lucion Services",
        "location": "Bermuda Park, Nuneaton",
        "country": "GB",
        "url": "https://www.adzuna.co.uk/jobs/land/ad/5917505993?se=RjjUqw7D8RGSdsiqONmNKg&utm_medium=api&utm_source=600ef87e&v=8C38F432FFDE2C7A4A863106DCC190A99B4ED985",
        "created": "2026-10-07T18:58:41Z",
        "salary_min": 32373.35,
        "salary_max": 32373.35,
        "matched_keyword": "topographe",
        "source": "Adzuna"
      }
    },
    {
      "type": "Feature",
      "geometry": {
        "type": "Point",
        "coordinates": [
          -2.443624,
          53.590014
        ]
      },
      "properties": {
        "title": "Land Surveyor Topographical",
        "company": "JP Engineering",
        "location": "Egerton, Bolton",
        "country": "GB",
        "url": "https://www.adzuna.co.uk/jobs/land/ad/5910576979?se=RjjUqw7D8RGSdsiqONmNKg&utm_medium=api&utm_source=600ef87e&v=EB26662ED3C7BDA5B87494A901AE702AD318EE32",
        "created": "2026-10-03T21:02:24Z",
        "salary_min": 32000,
        "salary_max": 40000,
        "matched_keyword": "topographe",
        "source": "Adzuna"
      }
    },
    {
      "type": "Feature",
      "geometry": {
        "type": "Point",
        "coordinates": [
          1.219824,
          52.027775
        ]
      },
      "properties": {
        "title": "Lead Surveyor",
        "company": "Kier Group",
        "location": "Ransomes Europark, Ipswich",
        "country": "GB",
        "url": "https://www.adzuna.co.uk/jobs/land/ad/5904488625?se=RjjUqw7D8RGSdsiqONmNKg&utm_medium=api&utm_source=600ef87e&v=13E9AEA0FA5D5AA9DFD4A59BB7B9A37EA0B0CB36",
        "created": "2026-10-01T03:42:34Z",
        "salary_min": 61476.84,
        "salary_max": 61476.84,
        "matched_keyword": "topographe",
        "source": "Adzuna"
      }
    },
    {
      "type": "Feature",
      "geometry": {
        "type": "Point",
        "coordinates": [
          -1.564669,
          53.796606
        ]
      },
      "properties": {
        "title": "Setting Out Surveyor",
        "company": "Vector Recruitment Solutions Ltd",
        "location": "Holbeck, Leeds",
        "country": "GB",
        "url": "https://www.adzuna.co.uk/jobs/land/ad/5903969866?se=RjjUqw7D8RGSdsiqONmNKg&utm_medium=api&utm_source=600ef87e&v=B27FCE7E09D45E5A184491A7647F66C5DBFB1607",
        "created": "2026-09-30T15:51:06Z",
        "salary_min": 45000,
        "salary_max": 45000,
        "matched_keyword": "topographe",
        "source": "Adzuna"
      }
    },
    {
      "type": "Feature",
      "geometry": {
        "type": "Point",
        "coordinates": [
          -2.23438,
          53.480701
        ]
      },
      "properties": {
        "title": "Land Surveyor",
        "company": "Survey Solutions",
        "location": "Manchester, Greater Manchester",
        "country": "GB",
        "url": "https://www.adzuna.co.uk/jobs/details/5586272116?utm_medium=api&utm_source=600ef87e",
        "created": "2026-01-15T16:55:15Z",
        "salary_min": 33330.03,
        "salary_max": 33330.03,
        "matched_keyword": "topographe",
        "source": "Adzuna"
      }
    },
    {
      "type": "Feature",
      "geometry": {
        "type": "Point",
        "coordinates": [
          0.305749,
          51.621399
        ]
      },
      "properties": {
        "title": "Land Surveyor",
        "company": "Survey Solutions",
        "location": "Brentwood, Essex",
        "country": "GB",
        "url": "https://www.adzuna.co.uk/jobs/details/5586272119?utm_medium=api&utm_source=600ef87e",
        "created": "2026-01-15T16:55:15Z",
        "salary_min": 34783.64,
        "salary_max": 34783.64,
        "matched_keyword": "topographe",
        "source": "Adzuna"
      }
    },
    {
      "type": "Feature",
      "geometry": {
        "type": "Point",
        "coordinates": [
          -0.834926,
          51.410999
        ]
      },
      "properties": {
        "title": "Land Surveyor",
        "company": "Survey Solutions",
        "location": "Wokingham, Berkshire",
        "country": "GB",
        "url": "https://www.adzuna.co.uk/jobs/details/5536234522?utm_medium=api&utm_source=600ef87e",
        "created": "2025-12-10T17:28:08Z",
        "salary_min": 31833.35,
        "salary_max": 31833.35,
        "matched_keyword": "topographe",
        "source": "Adzuna"
      }
    },
    {
      "type": "Feature",
      "geometry": {
        "type": "Point",
        "coordinates": [
          -2.62975,
          50.943802
        ]
      },
      "properties": {
        "title": "Land Surveyor",
        "company": "Survey Solutions",
        "location": "Yeovil, Somerset",
        "country": "GB",
        "url": "https://www.adzuna.co.uk/jobs/details/5601814512?utm_medium=api&utm_source=600ef87e",
        "created": "2026-01-27T11:48:30Z",
        "salary_min": 32590.59,
        "salary_max": 32590.59,
        "matched_keyword": "topographe",
        "source": "Adzuna"
      }
    },
    {
      "type": "Feature",
      "geometry": {
        "type": "Point",
        "coordinates": [
          1.026261,
          51.907889
        ]
      },
      "properties": {
        "title": "Junior Land Surveyor",
        "company": "JP Engineering",
        "location": "Great Bromley, Colchester",
        "country": "GB",
        "url": "https://www.adzuna.co.uk/jobs/land/ad/5910576986?se=RjjUqw7D8RGSdsiqONmNKg&utm_medium=api&utm_source=600ef87e&v=3D91DF0EED13AA6D91A3B99E5342441E78C3E732",
        "created": "2026-10-03T21:02:25Z",
        "salary_min": 25000,
        "salary_max": 30000,
        "matched_keyword": "topographe",
        "source": "Adzuna"
      }
    },
    {
      "type": "Feature",
      "geometry": {
        "type": "Point",
        "coordinates": [
          -1.48127,
          53.552898
        ]
      },
      "properties": {
        "title": "Civil Design Engineer - Water & Infrastructure Projects",
        "company": "Recruitment Revolution",
        "location": "Barnsley, South Yorkshire",
        "country": "GB",
        "url": "https://www.adzuna.co.uk/jobs/land/ad/5904183582?se=RjjUqw7D8RGSdsiqONmNKg&utm_medium=api&utm_source=600ef87e&v=954735BDCF7341D8C4F5359AA16D75B6D56E3215",
        "created": "2026-09-30T20:11:05Z",
        "salary_min": 60000,
        "salary_max": 60000,
        "matched_keyword": "topographe",
        "source": "Adzuna"
      }
    },
    {
      "type": "Feature",
      "geometry": {
        "type": "Point",
        "coordinates": [
          -1.108324,
          54.609265
        ]
      },
      "properties": {
        "title": "Site Engineer",
        "company": "Precision Recruitment Group Ltd",
        "location": "Dormanstown, Redcar",
        "country": "GB",
        "url": "https://www.adzuna.co.uk/jobs/land/ad/5903987141?se=RjjUqw7D8RGSdsiqONmNKg&utm_medium=api&utm_source=600ef87e&v=984855D9454B65099DC1ED39907A26FB8BE72483",
        "created": "2026-09-30T15:55:53Z",
        "salary_min": 104000,
        "salary_max": 130000,
        "matched_keyword": "topographe",
        "source": "Adzuna"
      }
    },
    {
      "type": "Feature",
      "geometry": {
        "type": "Point",
        "coordinates": [
          -4.25596,
          55.86026
        ]
      },
      "properties": {
        "title": "Senior Surveyor",
        "company": "Survey Solutions",
        "location": "Glasgow, Scotland",
        "country": "GB",
        "url": "https://www.adzuna.co.uk/jobs/details/5785408793?utm_medium=api&utm_source=600ef87e",
        "created": "2026-07-02T12:52:47Z",
        "salary_min": 36308.44,
        "salary_max": 36308.44,
        "matched_keyword": "topographe",
        "source": "Adzuna"
      }
    },
    {
      "type": "Feature",
      "geometry": {
        "type": "Point",
        "coordinates": [
          -1.905392,
          52.475927
        ]
      },
      "properties": {
        "title": "Survey Engineer/ Estate Surveyor",
        "company": "Advanced Resource Managers Ltd",
        "location": "Ladywood, Birmingham",
        "country": "GB",
        "url": "https://www.adzuna.co.uk/jobs/details/5887779113?utm_medium=api&utm_source=600ef87e",
        "created": "2026-09-17T15:54:34Z",
        "salary_min": 0,
        "salary_max": 104000,
        "matched_keyword": "topographe",
        "source": "Adzuna"
      }
    },
    {
      "type": "Feature",
      "geometry": {
        "type": "Point",
        "coordinates": [
          0.901235,
          51.889801
        ]
      },
      "properties": {
        "title": "Senior Land Surveyor",
        "company": "Survey Solutions",
        "location": "Colchester, Essex",
        "country": "GB",
        "url": "https://www.adzuna.co.uk/jobs/details/5767935028?utm_medium=api&utm_source=600ef87e",
        "created": "2026-06-18T11:05:34Z",
        "salary_min": 36909.24,
        "salary_max": 36909.24,
        "matched_keyword": "topographe",
        "source": "Adzuna"
      }
    },
    {
      "type": "Feature",
      "geometry": {
        "type": "Point",
        "coordinates": [
          -1.463527,
          53.381553
        ]
      },
      "properties": {
        "title": "Civil Design Engineer - Water & Infrastructure Projects",
        "company": "Recruitment Revolution",
        "location": "Norton, Sheffield",
        "country": "GB",
        "url": "https://www.adzuna.co.uk/jobs/land/ad/5904185964?se=RjjUqw7D8RGSdsiqONmNKg&utm_medium=api&utm_source=600ef87e&v=19B844DCA98A962232944F1D78B8111816F351C9",
        "created": "2026-09-30T20:12:54Z",
        "salary_min": 60000,
        "salary_max": 60000,
        "matched_keyword": "topographe",
        "source": "Adzuna"
      }
    },
    {
      "type": "Feature",
      "geometry": {
        "type": "Point",
        "coordinates": [
          -1.3569,
          53.430199
        ]
      },
      "properties": {
        "title": "Civil Design Engineer - Water & Infrastructure Projects",
        "company": "Recruitment Revolution",
        "location": "Rotherham, South Yorkshire",
        "country": "GB",
        "url": "https://www.adzuna.co.uk/jobs/land/ad/5904185768?se=RjjUqw7D8RGSdsiqONmNKg&utm_medium=api&utm_source=600ef87e&v=B727435022A9A90583AF11EFFDEA72937C768672",
        "created": "2026-09-30T20:12:49Z",
        "salary_min": 60000,
        "salary_max": 60000,
        "matched_keyword": "topographe",
        "source": "Adzuna"
      }
    },
    {
      "type": "Feature",
      "geometry": {
        "type": "Point",
        "coordinates": [
          -0.631666,
          51.519836
        ]
      },
      "properties": {
        "title": "Civil 3D Technician (Infrastructure)",
        "company": "Remarkable Jobs",
        "location": "Cippenham, Slough",
        "country": "GB",
        "url": "https://www.adzuna.co.uk/jobs/details/5903043109?utm_medium=api&utm_source=600ef87e",
        "created": "2026-09-29T20:24:00Z",
        "salary_min": 35000,
        "salary_max": 60000,
        "matched_keyword": "topographe",
        "source": "Adzuna"
      }
    },
    {
      "type": "Feature",
      "geometry": {
        "type": "Point",
        "coordinates": [
          -1.89359,
          52.483002
        ]
      },
      "properties": {
        "title": "Survey Engineer/ Estate Surveyor",
        "company": "Advanced Resource Managers Limited",
        "location": "Birmingham, West Midlands",
        "country": "GB",
        "url": "https://www.adzuna.co.uk/jobs/land/ad/5887689657?se=IomNrA7D8RGmDNvs5IYFsw&utm_medium=api&utm_source=600ef87e&v=AAD1ECAA8F1B0F78491F2D91319F330A8277DDD4",
        "created": "2026-09-17T13:27:53Z",
        "salary_min": 104000,
        "salary_max": 104000,
        "matched_keyword": "topographe",
        "source": "Adzuna"
      }
    },
    {
      "type": "Feature",
      "geometry": {
        "type": "Point",
        "coordinates": [
          -1.08229,
          53.957699
        ]
      },
      "properties": {
        "title": "Survey Engineer",
        "company": "Fusion People",
        "location": "York, North Yorkshire",
        "country": "GB",
        "url": "https://www.adzuna.co.uk/jobs/details/5879949751?utm_medium=api&utm_source=600ef87e",
        "created": "2026-09-11T17:16:20Z",
        "salary_min": 83200,
        "salary_max": 109200,
        "matched_keyword": "topographe",
        "source": "Adzuna"
      }
    },
    {
      "type": "Feature",
      "geometry": {
        "type": "Point",
        "coordinates": [
          -2.769919,
          53.273603
        ]
      },
      "properties": {
        "title": "Senior Utility Surveyor",
        "company": "RSK Group",
        "location": "Helsby, Frodsham",
        "country": "GB",
        "url": "https://www.adzuna.co.uk/jobs/details/5865327918?utm_medium=api&utm_source=600ef87e",
        "created": "2026-09-01T22:57:13Z",
        "salary_min": 35091.54,
        "salary_max": 35091.54,
        "matched_keyword": "topographe",
        "source": "Adzuna"
      }
    },
    {
      "type": "Feature",
      "geometry": {
        "type": "Point",
        "coordinates": [
          -1.325384,
          51.78214
        ]
      },
      "properties": {
        "title": "Assistant Site Engineer",
        "company": "Barrwall Group Ltd",
        "location": "Wytham, Oxford",
        "country": "GB",
        "url": "https://www.adzuna.co.uk/jobs/land/ad/5901788041?se=IomNrA7D8RGmDNvs5IYFsw&utm_medium=api&utm_source=600ef87e&v=ED28D7FFD5D17E2E1F24EB426C9C095ADB6BA8A5",
        "created": "2026-09-28T19:06:28Z",
        "salary_min": 30000,
        "salary_max": 35000,
        "matched_keyword": "topographe",
        "source": "Adzuna"
      }
    },
    {
      "type": "Feature",
      "geometry": {
        "type": "Point",
        "coordinates": [
          -0.019793,
          51.505001
        ]
      },
      "properties": {
        "title": "Engineering Surveyor",
        "company": "Invictus Group",
        "location": "Canary Wharf, East London",
        "country": "GB",
        "url": "https://www.adzuna.co.uk/jobs/land/ad/5907997938?se=IomNrA7D8RGmDNvs5IYFsw&utm_medium=api&utm_source=600ef87e&v=FD38EDA094E9BAA8F2B8B4AE9AE67C848F9B809C",
        "created": "2026-10-02T13:11:46Z",
        "salary_min": 50000,
        "salary_max": 55000,
        "matched_keyword": "topographe",
        "source": "Adzuna"
      }
    },
    {
      "type": "Feature",
      "geometry": {
        "type": "Point",
        "coordinates": [
          -0.594693,
          54.135853
        ]
      },
      "properties": {
        "title": "Survey Engineer",
        "company": "Fusion People Ltd",
        "location": "West Lutton, Malton",
        "country": "GB",
        "url": "https://www.adzuna.co.uk/jobs/land/ad/5878487570?se=IomNrA7D8RGmDNvs5IYFsw&utm_medium=api&utm_source=600ef87e&v=AAF9E3985160039755DD1BF3C3D90402E7288186",
        "created": "2026-09-10T14:36:09Z",
        "salary_min": 83200,
        "salary_max": 109200,
        "matched_keyword": "topographe",
        "source": "Adzuna"
      }
    },
    {
      "type": "Feature",
      "geometry": {
        "type": "Point",
        "coordinates": [
          -0.237686,
          51.540789
        ]
      },
      "properties": {
        "title": "Setting Out Engineer / Engineering Surveyor",
        "company": "Da Vinci Engineering Ltd",
        "location": "Willesden, North West London",
        "country": "GB",
        "url": "https://www.adzuna.co.uk/jobs/land/ad/5901624545?se=IomNrA7D8RGmDNvs5IYFsw&utm_medium=api&utm_source=600ef87e&v=E73E32CD89A94F4AEE6F0654EDDA9C12A8FF3215",
        "created": "2026-09-28T15:09:52Z",
        "salary_min": 32000,
        "salary_max": 35000,
        "matched_keyword": "topographe",
        "source": "Adzuna"
      }
    },
    {
      "type": "Feature",
      "geometry": {
        "type": "Point",
        "coordinates": [
          -2.628564,
          53.552908
        ]
      },
      "properties": {
        "title": "CAD Engineer -Land Survey",
        "company": "JP Engineering",
        "location": "Swinley, Wigan",
        "country": "GB",
        "url": "https://www.adzuna.co.uk/jobs/land/ad/5914265589?se=IomNrA7D8RGmDNvs5IYFsw&utm_medium=api&utm_source=600ef87e&v=E1F892242C40F5F425CB208B9F053B019F9ED041",
        "created": "2026-10-06T21:39:47Z",
        "salary_min": 32000,
        "salary_max": 40000,
        "matched_keyword": "topographe",
        "source": "Adzuna"
      }
    },
    {
      "type": "Feature",
      "geometry": {
        "type": "Point",
        "coordinates": [
          -2.628564,
          53.552908
        ]
      },
      "properties": {
        "title": "CAD Engineer Land Survey",
        "company": "JP Engineering",
        "location": "Swinley, Wigan",
        "country": "GB",
        "url": "https://www.adzuna.co.uk/jobs/land/ad/5890797644?se=IomNrA7D8RGmDNvs5IYFsw&utm_medium=api&utm_source=600ef87e&v=147B5FFCFD75C8BD8A42C5E4DF73A046B4FBD6D4",
        "created": "2026-09-19T17:14:01Z",
        "salary_min": 30000,
        "salary_max": 40000,
        "matched_keyword": "topographe",
        "source": "Adzuna"
      }
    },
    {
      "type": "Feature",
      "geometry": {
        "type": "Point",
        "coordinates": [
          -1.560123,
          53.815909
        ]
      },
      "properties": {
        "title": "Site Setting Out Engineer",
        "company": "Ignite Talent Group Ltd",
        "location": "Hyde Park, Leeds",
        "country": "GB",
        "url": "https://www.adzuna.co.uk/jobs/land/ad/5913865566?se=IomNrA7D8RGmDNvs5IYFsw&utm_medium=api&utm_source=600ef87e&v=F21E4698EA34D88BAB4DBBDB87AC8FD73CA82E44",
        "created": "2026-10-06T15:00:06Z",
        "salary_min": 45000,
        "salary_max": 55000,
        "matched_keyword": "topographe",
        "source": "Adzuna"
      }
    },
    {
      "type": "Feature",
      "geometry": {
        "type": "Point",
        "coordinates": [
          -1.060919,
          50.832563
        ]
      },
      "properties": {
        "title": "Site Engineer-Portsmouth-Outside IR35",
        "company": "Solution Search Limited - Civils & Rail",
        "location": "Hilsea, Portsmouth",
        "country": "GB",
        "url": "https://www.adzuna.co.uk/jobs/land/ad/5898315924?se=IomNrA7D8RGmDNvs5IYFsw&utm_medium=api&utm_source=600ef87e&v=D044D507814CEAD64CBF7F7D14145D82359EBF91",
        "created": "2026-09-25T13:31:04Z",
        "salary_min": 91000,
        "salary_max": 104000,
        "matched_keyword": "topographe",
        "source": "Adzuna"
      }
    },
    {
      "type": "Feature",
      "geometry": {
        "type": "Point",
        "coordinates": [
          1.30613,
          52.151345
        ]
      },
      "properties": {
        "title": "Senior Geospatial Surveyor",
        "company": "East Anglian Site Engineering",
        "location": "Dallinghoo, Woodbridge",
        "country": "GB",
        "url": "https://www.adzuna.co.uk/jobs/land/ad/5908149566?se=IomNrA7D8RGmDNvs5IYFsw&utm_medium=api&utm_source=600ef87e&v=69A3788242885AD6F7DF2967A2282D303AE2047C",
        "created": "2026-10-02T14:52:08Z",
        "salary_min": 32000,
        "salary_max": 45000,
        "matched_keyword": "topographe",
        "source": "Adzuna"
      }
    },
    {
      "type": "Feature",
      "geometry": {
        "type": "Point",
        "coordinates": [
          0.607535,
          51.588269
        ]
      },
      "properties": {
        "title": "Topographical Surveyor",
        "company": "Tailored Talent Ltd",
        "location": "Rayleigh, Essex",
        "country": "GB",
        "url": "https://www.adzuna.co.uk/jobs/land/ad/5875057453?se=Bu0grg7D8RGSdsiqONmNKg&utm_medium=api&utm_source=600ef87e&v=CCB53C7BD9B624C601E354ADA1728497CC8849AF",
        "created": "2026-09-08T02:12:45Z",
        "salary_min": 41308.45,
        "salary_max": 41308.45,
        "matched_keyword": "topographic surveyor",
        "source": "Adzuna"
      }
    },
    {
      "type": "Feature",
      "geometry": {
        "type": "Point",
        "coordinates": [
          -1.47784,
          52.499185
        ]
      },
      "properties": {
        "title": "Topographical Surveyor",
        "company": "Lucion Services",
        "location": "Bermuda Park, Nuneaton",
        "country": "GB",
        "url": "https://www.adzuna.co.uk/jobs/land/ad/5917505993?se=Bu0grg7D8RGSdsiqONmNKg&utm_medium=api&utm_source=600ef87e&v=8C38F432FFDE2C7A4A863106DCC190A99B4ED985",
        "created": "2026-10-07T18:58:41Z",
        "salary_min": 32373.35,
        "salary_max": 32373.35,
        "matched_keyword": "topographic surveyor",
        "source": "Adzuna"
      }
    },
    {
      "type": "Feature",
      "geometry": {
        "type": "Point",
        "coordinates": [
          -2.443624,
          53.590014
        ]
      },
      "properties": {
        "title": "Land Surveyor Topographical",
        "company": "JP Engineering",
        "location": "Egerton, Bolton",
        "country": "GB",
        "url": "https://www.adzuna.co.uk/jobs/land/ad/5910576979?se=Bu0grg7D8RGSdsiqONmNKg&utm_medium=api&utm_source=600ef87e&v=EB26662ED3C7BDA5B87494A901AE702AD318EE32",
        "created": "2026-10-03T21:02:24Z",
        "salary_min": 32000,
        "salary_max": 40000,
        "matched_keyword": "topographic surveyor",
        "source": "Adzuna"
      }
    },
    {
      "type": "Feature",
      "geometry": {
        "type": "Point",
        "coordinates": [
          -1.564669,
          53.796606
        ]
      },
      "properties": {
        "title": "Setting Out Surveyor",
        "company": "Vector Recruitment Solutions Ltd",
        "location": "Holbeck, Leeds",
        "country": "GB",
        "url": "https://www.adzuna.co.uk/jobs/land/ad/5903969866?se=Bu0grg7D8RGSdsiqONmNKg&utm_medium=api&utm_source=600ef87e&v=B27FCE7E09D45E5A184491A7647F66C5DBFB1607",
        "created": "2026-09-30T15:51:06Z",
        "salary_min": 45000,
        "salary_max": 45000,
        "matched_keyword": "topographic surveyor",
        "source": "Adzuna"
      }
    },
    {
      "type": "Feature",
      "geometry": {
        "type": "Point",
        "coordinates": [
          -1.25588,
          51.7523
        ]
      },
      "properties": {
        "title": "Assistant Site Engineer",
        "company": "A.D.S Construction Personnel Ltd",
        "location": "Oxford, Oxfordshire",
        "country": "GB",
        "url": "https://www.adzuna.co.uk/jobs/details/5902563384?utm_medium=api&utm_source=600ef87e",
        "created": "2026-09-29T06:07:48Z",
        "salary_min": 35000,
        "salary_max": 35000,
        "matched_keyword": "topographic surveyor",
        "source": "Adzuna"
      }
    },
    {
      "type": "Feature",
      "geometry": {
        "type": "Point",
        "coordinates": [
          -1.325384,
          51.78214
        ]
      },
      "properties": {
        "title": "Engineering Surveyor",
        "company": "Green Scout",
        "location": "Wytham, Oxford",
        "country": "GB",
        "url": "https://www.adzuna.co.uk/jobs/land/ad/5904174827?se=Bu0grg7D8RGSdsiqONmNKg&utm_medium=api&utm_source=600ef87e&v=6A167E243B51A36ACD003661DF69A780AF45E5C8",
        "created": "2026-09-30T19:30:46Z",
        "salary_min": 78000,
        "salary_max": 78000,
        "matched_keyword": "topographic surveyor",
        "source": "Adzuna"
      }
    },
    {
      "type": "Feature",
      "geometry": {
        "type": "Point",
        "coordinates": [
          -0.022997,
          51.508092
        ]
      },
      "properties": {
        "title": "GRAHAM ACADEMY – Graduate Land Surveyor – Civil Engineering",
        "company": "BPIC Network",
        "location": "Canary Wharf, East London",
        "country": "GB",
        "url": "https://www.adzuna.co.uk/jobs/details/5902884808?utm_medium=api&utm_source=600ef87e",
        "created": "2026-09-29T16:03:57Z",
        "salary_min": 36000,
        "salary_max": 36000,
        "matched_keyword": "topographic surveyor",
        "source": "Adzuna"
      }
    },
    {
      "type": "Feature",
      "geometry": {
        "type": "Point",
        "coordinates": [
          -1.891645,
          57.50086
        ]
      },
      "properties": {
        "title": "Land Surveyor Setting out Engineer",
        "company": "JP Engineering",
        "location": "Blackhills, Peterhead",
        "country": "GB",
        "url": "https://www.adzuna.co.uk/jobs/land/ad/5889537791?se=dMS8rg7D8RG-4tqDU3nihA&utm_medium=api&utm_source=600ef87e&v=FE500DA5594831D38469BF59C3D56808B6572CAF",
        "created": "2026-09-18T17:15:05Z",
        "salary_min": 45000,
        "salary_max": 55000,
        "matched_keyword": "land surveyor engineer",
        "source": "Adzuna"
      }
    },
    {
      "type": "Feature",
      "geometry": {
        "type": "Point",
        "coordinates": [
          -2.443624,
          53.590014
        ]
      },
      "properties": {
        "title": "Land Surveyor Topographical",
        "company": "JP Engineering",
        "location": "Egerton, Bolton",
        "country": "GB",
        "url": "https://www.adzuna.co.uk/jobs/land/ad/5910576979?se=dMS8rg7D8RG-4tqDU3nihA&utm_medium=api&utm_source=600ef87e&v=EB26662ED3C7BDA5B87494A901AE702AD318EE32",
        "created": "2026-10-03T21:02:24Z",
        "salary_min": 32000,
        "salary_max": 40000,
        "matched_keyword": "land surveyor engineer",
        "source": "Adzuna"
      }
    },
    {
      "type": "Feature",
      "geometry": {
        "type": "Point",
        "coordinates": [
          -1.47784,
          52.499185
        ]
      },
      "properties": {
        "title": "Topographical Surveyor",
        "company": "Lucion Services",
        "location": "Bermuda Park, Nuneaton",
        "country": "GB",
        "url": "https://www.adzuna.co.uk/jobs/land/ad/5917505993?se=dMS8rg7D8RG-4tqDU3nihA&utm_medium=api&utm_source=600ef87e&v=8C38F432FFDE2C7A4A863106DCC190A99B4ED985",
        "created": "2026-10-07T18:58:41Z",
        "salary_min": 32373.35,
        "salary_max": 32373.35,
        "matched_keyword": "land surveyor engineer",
        "source": "Adzuna"
      }
    },
    {
      "type": "Feature",
      "geometry": {
        "type": "Point",
        "coordinates": [
          -0.139134,
          51.503378
        ]
      },
      "properties": {
        "title": "Engineering Surveyor",
        "company": "Murphy Geospatial",
        "location": "London, UK",
        "country": "GB",
        "url": "https://www.adzuna.co.uk/jobs/details/5896917870?utm_medium=api&utm_source=600ef87e",
        "created": "2026-09-24T14:50:32Z",
        "salary_min": 42297.73,
        "salary_max": 42297.73,
        "matched_keyword": "land surveyor engineer",
        "source": "Adzuna"
      }
    },
    {
      "type": "Feature",
      "geometry": {
        "type": "Point",
        "coordinates": [
          -0.211272,
          53.615601
        ]
      },
      "properties": {
        "title": "Surveyor",
        "company": "Dragados UK & Ireland",
        "location": "Immingham, North East Lincolnshire",
        "country": "GB",
        "url": "https://www.adzuna.co.uk/jobs/details/5896927108?utm_medium=api&utm_source=600ef87e",
        "created": "2026-09-24T15:05:14Z",
        "salary_min": 42002.72,
        "salary_max": 42002.72,
        "matched_keyword": "hydrographe",
        "source": "Adzuna"
      }
    },
    {
      "type": "Feature",
      "geometry": {
        "type": "Point",
        "coordinates": [
          -2.013814,
          52.67666
        ]
      },
      "properties": {
        "title": "CAD Engineer (Water Industry)",
        "company": "Veolia",
        "location": "Churchbridge, Cannock",
        "country": "GB",
        "url": "https://www.adzuna.co.uk/jobs/land/ad/5894090511?se=zjnmsA7D8RGSdsiqONmNKg&utm_medium=api&utm_source=600ef87e&v=EAF18A494BEABE40B965AB527EF4A16BE7CED71A",
        "created": "2026-09-22T17:05:25Z",
        "salary_min": 40000,
        "salary_max": 40000,
        "matched_keyword": "lidar engineer",
        "source": "Adzuna"
      }
    },
    {
      "type": "Feature",
      "geometry": {
        "type": "Point",
        "coordinates": [
          -2.02902,
          52.688099
        ]
      },
      "properties": {
        "title": "CAD Engineer (Water Industry)",
        "company": "Veolia",
        "location": "Cannock, Staffordshire",
        "country": "GB",
        "url": "https://www.adzuna.co.uk/jobs/details/5914306145?utm_medium=api&utm_source=600ef87e",
        "created": "2026-10-06T23:58:04Z",
        "salary_min": 0,
        "salary_max": 40000,
        "matched_keyword": "lidar engineer",
        "source": "Adzuna"
      }
    },
    {
      "type": "Feature",
      "geometry": {
        "type": "Point",
        "coordinates": [
          -3.46169,
          56.0714
        ]
      },
      "properties": {
        "title": "CAD Engineer (Water Industry)",
        "company": "Veolia",
        "location": "Dunfermline, Fife",
        "country": "GB",
        "url": "https://www.adzuna.co.uk/jobs/details/5795615594?utm_medium=api&utm_source=600ef87e",
        "created": "2026-07-10T13:35:12Z",
        "salary_min": 40000,
        "salary_max": 40000,
        "matched_keyword": "lidar engineer",
        "source": "Adzuna"
      }
    },
    {
      "type": "Feature",
      "geometry": {
        "type": "Point",
        "coordinates": [
          -0.139134,
          51.503378
        ]
      },
      "properties": {
        "title": "Site Engineer - 3D Laser Scanning",
        "company": "CC Head Office",
        "location": "London, UK",
        "country": "GB",
        "url": "https://www.adzuna.co.uk/jobs/details/5894233209?utm_medium=api&utm_source=600ef87e",
        "created": "2026-09-22T19:20:28Z",
        "salary_min": 35931.11,
        "salary_max": 35931.11,
        "matched_keyword": "geomatics engineer",
        "source": "Adzuna"
      }
    },
    {
      "type": "Feature",
      "geometry": {
        "type": "Point",
        "coordinates": [
          -0.103815,
          51.523772
        ]
      },
      "properties": {
        "title": "Engineering Surveyor",
        "company": "Kintec Global Recruitment",
        "location": "Farringdon, Central London",
        "country": "GB",
        "url": "https://www.adzuna.co.uk/jobs/land/ad/5902842308?se=AL23sQ7D8RGSdsiqONmNKg&utm_medium=api&utm_source=600ef87e&v=1E8D9E8E40B79B3A5173EFEE984F8895D83ACBFD",
        "created": "2026-09-29T15:09:23Z",
        "salary_min": 61769.57,
        "salary_max": 61769.57,
        "matched_keyword": "geomatics engineer",
        "source": "Adzuna"
      }
    },
    {
      "type": "Feature",
      "geometry": {
        "type": "Point",
        "coordinates": [
          -0.103815,
          51.523772
        ]
      },
      "properties": {
        "title": "Engineering Surveyor",
        "company": "Kintec Global Recruitment",
        "location": "Farringdon, Central London",
        "country": "GB",
        "url": "https://www.adzuna.co.uk/jobs/land/ad/5895229890?se=AL23sQ7D8RGSdsiqONmNKg&utm_medium=api&utm_source=600ef87e&v=EE9B5E229A8F89BF9098FD0B3D52F674B1D667AC",
        "created": "2026-09-23T14:47:36Z",
        "salary_min": 61712.34,
        "salary_max": 61712.34,
        "matched_keyword": "geomatics engineer",
        "source": "Adzuna"
      }
    },
    {
      "type": "Feature",
      "geometry": {
        "type": "Point",
        "coordinates": [
          -0.453424,
          51.470299
        ]
      },
      "properties": {
        "title": "Senior Land Surveyor",
        "company": "FERROVIAL CONSTRUCTION  LIMITED",
        "location": "London Heathrow Airport, Hounslow",
        "country": "GB",
        "url": "https://www.adzuna.co.uk/jobs/land/ad/5858276623?se=AL23sQ7D8RGSdsiqONmNKg&utm_medium=api&utm_source=600ef87e&v=BA09D74AD547E5FA35F6DE9B4FB6133C8CD34974",
        "created": "2026-08-27T14:41:29Z",
        "salary_min": 49760.73,
        "salary_max": 49760.73,
        "matched_keyword": "geomatics engineer",
        "source": "Adzuna"
      }
    },
    {
      "type": "Feature",
      "geometry": {
        "type": "Point",
        "coordinates": [
          -0.019793,
          51.505001
        ]
      },
      "properties": {
        "title": "Engineering Surveyor",
        "company": "Invictus Group",
        "location": "Canary Wharf, East London",
        "country": "GB",
        "url": "https://www.adzuna.co.uk/jobs/land/ad/5907997938?se=AL23sQ7D8RGSdsiqONmNKg&utm_medium=api&utm_source=600ef87e&v=FD38EDA094E9BAA8F2B8B4AE9AE67C848F9B809C",
        "created": "2026-10-02T13:11:46Z",
        "salary_min": 50000,
        "salary_max": 55000,
        "matched_keyword": "geomatics engineer",
        "source": "Adzuna"
      }
    },
    {
      "type": "Feature",
      "geometry": {
        "type": "Point",
        "coordinates": [
          -0.104021,
          51.515704
        ]
      },
      "properties": {
        "title": "Senior Electrical Engineer - Airfield Ground Lighting",
        "company": "Tetra Tech",
        "location": "Blackfriars, Central London",
        "country": "GB",
        "url": "https://www.adzuna.co.uk/jobs/details/5816506344?utm_medium=api&utm_source=600ef87e",
        "created": "2026-07-26T12:32:39Z",
        "salary_min": 53838.88,
        "salary_max": 53838.88,
        "matched_keyword": "geomatics engineer",
        "source": "Adzuna"
      }
    },
    {
      "type": "Feature",
      "geometry": {
        "type": "Point",
        "coordinates": [
          -0.139134,
          51.503378
        ]
      },
      "properties": {
        "title": "Senior Electrical Engineer - Airfield Ground Lighting",
        "company": "Tetra Tech",
        "location": "London, UK",
        "country": "GB",
        "url": "https://www.adzuna.co.uk/jobs/land/ad/5912191648?se=AL23sQ7D8RGSdsiqONmNKg&utm_medium=api&utm_source=600ef87e&v=A03E25ABD6021C296C28150BC67AE19181D77339",
        "created": "2026-10-05T06:25:33Z",
        "salary_min": 58409.62,
        "salary_max": 58409.62,
        "matched_keyword": "geomatics engineer",
        "source": "Adzuna"
      }
    },
    {
      "type": "Feature",
      "geometry": {
        "type": "Point",
        "coordinates": [
          -2.3547,
          53.383801
        ]
      },
      "properties": {
        "title": "Geospatial Software Engineer",
        "company": "Informed Solutions",
        "location": "Altrincham, Greater Manchester",
        "country": "GB",
        "url": "https://www.adzuna.co.uk/jobs/details/5821202901?utm_medium=api&utm_source=600ef87e",
        "created": "2026-07-30T16:07:25Z",
        "salary_min": 41922.16,
        "salary_max": 41922.16,
        "matched_keyword": "geospatial engineer",
        "source": "Adzuna"
      }
    },
    {
      "type": "Feature",
      "geometry": {
        "type": "Point",
        "coordinates": [
          -1.14917,
          52.955101
        ]
      },
      "properties": {
        "title": "Utility Surveyor",
        "company": "AECOM",
        "location": "Nottingham, Nottinghamshire",
        "country": "GB",
        "url": "https://www.adzuna.co.uk/jobs/details/5888612550?utm_medium=api&utm_source=600ef87e",
        "created": "2026-09-18T03:51:43Z",
        "salary_min": 42023.96,
        "salary_max": 42023.96,
        "matched_keyword": "geospatial engineer",
        "source": "Adzuna"
      }
    },
    {
      "type": "Feature",
      "geometry": {
        "type": "Point",
        "coordinates": [
          -0.139134,
          51.503378
        ]
      },
      "properties": {
        "title": "HR Business Partner",
        "company": "Murphy Geospatial",
        "location": "London, UK",
        "country": "GB",
        "url": "https://www.adzuna.co.uk/jobs/details/5898365536?utm_medium=api&utm_source=600ef87e",
        "created": "2026-09-25T14:45:15Z",
        "salary_min": 46459.93,
        "salary_max": 46459.93,
        "matched_keyword": "geospatial engineer",
        "source": "Adzuna"
      }
    },
    {
      "type": "Feature",
      "geometry": {
        "type": "Point",
        "coordinates": [
          -5.23354,
          50.248402
        ]
      },
      "properties": {
        "title": "Wastewater Hydraulic Modeller – Modeller to Associate",
        "company": "AtkinsRéalis",
        "location": "North Country, Redruth",
        "country": "GB",
        "url": "https://www.adzuna.co.uk/jobs/details/5895419003?utm_medium=api&utm_source=600ef87e",
        "created": "2026-09-23T17:40:09Z",
        "salary_min": 44990.81,
        "salary_max": 44990.81,
        "matched_keyword": "geospatial engineer",
        "source": "Adzuna"
      }
    },
    {
      "type": "Feature",
      "geometry": {
        "type": "Point",
        "coordinates": [
          -0.139134,
          51.503378
        ]
      },
      "properties": {
        "title": "Utility Surveyor",
        "company": "Murphy Geospatial",
        "location": "London, UK",
        "country": "GB",
        "url": "https://www.adzuna.co.uk/jobs/details/5615412611?utm_medium=api&utm_source=600ef87e",
        "created": "2026-02-05T09:04:13Z",
        "salary_min": 41226,
        "salary_max": 41226,
        "matched_keyword": "geospatial engineer",
        "source": "Adzuna"
      }
    },
    {
      "type": "Feature",
      "geometry": {
        "type": "Point",
        "coordinates": [
          -0.139134,
          51.503378
        ]
      },
      "properties": {
        "title": "Monitoring Surveyor",
        "company": "Murphy Geospatial",
        "location": "London, UK",
        "country": "GB",
        "url": "https://www.adzuna.co.uk/jobs/details/5909684186?utm_medium=api&utm_source=600ef87e",
        "created": "2026-10-03T09:16:06Z",
        "salary_min": 39484.11,
        "salary_max": 39484.11,
        "matched_keyword": "geospatial engineer",
        "source": "Adzuna"
      }
    },
    {
      "type": "Feature",
      "geometry": {
        "type": "Point",
        "coordinates": [
          -2.23438,
          53.480701
        ]
      },
      "properties": {
        "title": "Senior Utility Surveyor",
        "company": "Murphy Geospatial",
        "location": "Manchester, Greater Manchester",
        "country": "GB",
        "url": "https://www.adzuna.co.uk/jobs/details/5483508290?utm_medium=api&utm_source=600ef87e",
        "created": "2025-11-06T11:38:41Z",
        "salary_min": 42829.64,
        "salary_max": 42829.64,
        "matched_keyword": "geospatial engineer",
        "source": "Adzuna"
      }
    },
    {
      "type": "Feature",
      "geometry": {
        "type": "Point",
        "coordinates": [
          -3.08998,
          51.185699
        ]
      },
      "properties": {
        "title": "Forward Deployed Engineer",
        "company": "Rowden",
        "location": "Stockland Bristol, Bridgwater",
        "country": "GB",
        "url": "https://www.adzuna.co.uk/jobs/land/ad/5851148574?se=BM50sg7D8RGSdsiqONmNKg&utm_medium=api&utm_source=600ef87e&v=0DC05BFCEB3F254A77ED6F042820A56B51612A08",
        "created": "2026-08-21T16:23:03Z",
        "salary_min": 60000,
        "salary_max": 85000,
        "matched_keyword": "geospatial engineer",
        "source": "Adzuna"
      }
    },
    {
      "type": "Feature",
      "geometry": {
        "type": "Point",
        "coordinates": [
          -3.1805,
          51.4813
        ]
      },
      "properties": {
        "title": "Product Engineer II – ArcGIS Arcade",
        "company": "Esri",
        "location": "Cardiff, Cardiff County",
        "country": "GB",
        "url": "https://www.adzuna.co.uk/jobs/details/5795618597?utm_medium=api&utm_source=600ef87e",
        "created": "2026-07-10T13:39:12Z",
        "salary_min": 37080,
        "salary_max": 58092,
        "matched_keyword": "geospatial engineer",
        "source": "Adzuna"
      }
    },
    {
      "type": "Feature",
      "geometry": {
        "type": "Point",
        "coordinates": [
          -0.139134,
          51.503378
        ]
      },
      "properties": {
        "title": "Monitoring Engineering Technician",
        "company": "Murphy Geospatial",
        "location": "London, UK",
        "country": "GB",
        "url": "https://www.adzuna.co.uk/jobs/details/5909704469?utm_medium=api&utm_source=600ef87e",
        "created": "2026-10-03T09:31:44Z",
        "salary_min": 37268.68,
        "salary_max": 37268.68,
        "matched_keyword": "geospatial engineer",
        "source": "Adzuna"
      }
    },
    {
      "type": "Feature",
      "geometry": {
        "type": "Point",
        "coordinates": [
          -2.07131,
          51.897999
        ]
      },
      "properties": {
        "title": "Data Engineer - Security & Intelligence",
        "company": "Hackajob Ltd",
        "location": "Cheltenham, Gloucestershire",
        "country": "GB",
        "url": "https://www.adzuna.co.uk/jobs/details/5894312501?utm_medium=api&utm_source=600ef87e",
        "created": "2026-09-22T21:59:24Z",
        "salary_min": 46331.18,
        "salary_max": 46331.18,
        "matched_keyword": "geospatial engineer",
        "source": "Adzuna"
      }
    },
    {
      "type": "Feature",
      "geometry": {
        "type": "Point",
        "coordinates": [
          -0.139134,
          51.503378
        ]
      },
      "properties": {
        "title": "Architect - London",
        "company": "Woolpert",
        "location": "London, UK",
        "country": "GB",
        "url": "https://www.adzuna.co.uk/jobs/details/5899753556?utm_medium=api&utm_source=600ef87e",
        "created": "2026-09-26T14:52:43Z",
        "salary_min": 40991.48,
        "salary_max": 40991.48,
        "matched_keyword": "geospatial engineer",
        "source": "Adzuna"
      }
    },
    {
      "type": "Feature",
      "geometry": {
        "type": "Point",
        "coordinates": [
          -0.139134,
          51.503378
        ]
      },
      "properties": {
        "title": "Data Engineer",
        "company": "Envitia",
        "location": "London, UK",
        "country": "GB",
        "url": "https://www.adzuna.co.uk/jobs/details/5882767539?utm_medium=api&utm_source=600ef87e",
        "created": "2026-09-13T17:04:13Z",
        "salary_min": 46652.54,
        "salary_max": 46652.54,
        "matched_keyword": "geospatial engineer",
        "source": "Adzuna"
      }
    },
    {
      "type": "Feature",
      "geometry": {
        "type": "Point",
        "coordinates": [
          -2.078115,
          51.899133
        ]
      },
      "properties": {
        "title": "Data Engineer - Security & Intelligence",
        "company": "Hackajob Ltd",
        "location": "Cheltenham Trade Park, Cheltenham",
        "country": "GB",
        "url": "https://www.adzuna.co.uk/jobs/land/ad/5903968676?se=BM50sg7D8RGSdsiqONmNKg&utm_medium=api&utm_source=600ef87e&v=17543680AD69D48FC9EB8851B9D24CFBC5453263",
        "created": "2026-09-30T15:50:47Z",
        "salary_min": 50347.39,
        "salary_max": 50347.39,
        "matched_keyword": "geospatial engineer",
        "source": "Adzuna"
      }
    },
    {
      "type": "Feature",
      "geometry": {
        "type": "Point",
        "coordinates": [
          -3.1805,
          51.4813
        ]
      },
      "properties": {
        "title": "GIS Product Engineer II – ArcGIS Maps SDKs for Native Apps",
        "company": "Esri",
        "location": "Cardiff, Cardiff County",
        "country": "GB",
        "url": "https://www.adzuna.co.uk/jobs/details/5851143245?utm_medium=api&utm_source=600ef87e",
        "created": "2026-08-21T16:18:06Z",
        "salary_min": 37080,
        "salary_max": 58092,
        "matched_keyword": "geospatial engineer",
        "source": "Adzuna"
      }
    },
    {
      "type": "Feature",
      "geometry": {
        "type": "Point",
        "coordinates": [
          -1.746207,
          55.028274
        ]
      },
      "properties": {
        "title": "Forward Deployed Engineer",
        "company": "Advanced Navigation",
        "location": "Newcastle Upon Tyne, Tyne & Wear",
        "country": "GB",
        "url": "https://www.adzuna.co.uk/jobs/details/5909686961?utm_medium=api&utm_source=600ef87e",
        "created": "2026-10-03T09:17:28Z",
        "salary_min": 45873.14,
        "salary_max": 45873.14,
        "matched_keyword": "geospatial engineer",
        "source": "Adzuna"
      }
    },
    {
      "type": "Feature",
      "geometry": {
        "type": "Point",
        "coordinates": [
          -1.532647,
          53.762671
        ]
      },
      "properties": {
        "title": "Lead Data Engineer",
        "company": "Yorkshire Water",
        "location": "Belle Isle, Leeds",
        "country": "GB",
        "url": "https://www.adzuna.co.uk/jobs/land/ad/5903971881?se=uDZrsw7D8RGZrtr1kasdFg&utm_medium=api&utm_source=600ef87e&v=DE2C27580F965E9C10857FA41181AE756EBB545D",
        "created": "2026-09-30T15:51:38Z",
        "salary_min": 50317.44,
        "salary_max": 50317.44,
        "matched_keyword": "GIS engineer",
        "source": "Adzuna"
      }
    },
    {
      "type": "Feature",
      "geometry": {
        "type": "Point",
        "coordinates": [
          -1.54912,
          53.799599
        ]
      },
      "properties": {
        "title": "Lead Data Engineer",
        "company": "Yorkshire Water",
        "location": "Leeds, West Yorkshire",
        "country": "GB",
        "url": "https://www.adzuna.co.uk/jobs/details/5897333056?utm_medium=api&utm_source=600ef87e",
        "created": "2026-09-24T22:12:39Z",
        "salary_min": 52409.15,
        "salary_max": 52409.15,
        "matched_keyword": "GIS engineer",
        "source": "Adzuna"
      }
    },
    {
      "type": "Feature",
      "geometry": {
        "type": "Point",
        "coordinates": [
          -1.902086,
          52.460083
        ]
      },
      "properties": {
        "title": "Junior Commissioning Engineer (High Voltage)",
        "company": "Ernest Gordon Recruitment",
        "location": "Balsall Heath, Birmingham",
        "country": "GB",
        "url": "https://www.adzuna.co.uk/jobs/land/ad/5904185755?se=uDZrsw7D8RGZrtr1kasdFg&utm_medium=api&utm_source=600ef87e&v=FAD0BAECF8A1A07D9065DC97E744EE8F6E6A6180",
        "created": "2026-09-30T20:12:49Z",
        "salary_min": 55000,
        "salary_max": 55000,
        "matched_keyword": "GIS engineer",
        "source": "Adzuna"
      }
    },
    {
      "type": "Feature",
      "geometry": {
        "type": "Point",
        "coordinates": [
          -2.220609,
          53.459145
        ]
      },
      "properties": {
        "title": "Junior Commissioning Engineer (High Voltage)",
        "company": "Ernest Gordon Recruitment",
        "location": "Rusholme, Manchester",
        "country": "GB",
        "url": "https://www.adzuna.co.uk/jobs/land/ad/5904185744?se=uDZrsw7D8RGZrtr1kasdFg&utm_medium=api&utm_source=600ef87e&v=67E85145AB2D07D8B2071AAEE7C1A4074BB2D8D3",
        "created": "2026-09-30T20:12:48Z",
        "salary_min": 55000,
        "salary_max": 55000,
        "matched_keyword": "GIS engineer",
        "source": "Adzuna"
      }
    },
    {
      "type": "Feature",
      "geometry": {
        "type": "Point",
        "coordinates": [
          -2.23438,
          53.480701
        ]
      },
      "properties": {
        "title": "Junior Commissioning Engineer (High Voltage)",
        "company": "Ernest Gordon Recruitment",
        "location": "Manchester, Greater Manchester",
        "country": "GB",
        "url": "https://www.adzuna.co.uk/jobs/details/5889285203?utm_medium=api&utm_source=600ef87e",
        "created": "2026-09-18T13:51:52Z",
        "salary_min": 55000,
        "salary_max": 55000,
        "matched_keyword": "GIS engineer",
        "source": "Adzuna"
      }
    },
    {
      "type": "Feature",
      "geometry": {
        "type": "Point",
        "coordinates": [
          -1.89359,
          52.483002
        ]
      },
      "properties": {
        "title": "Junior Commissioning Engineer (High Voltage)",
        "company": "Ernest Gordon Recruitment",
        "location": "Birmingham, West Midlands",
        "country": "GB",
        "url": "https://www.adzuna.co.uk/jobs/details/5889766582?utm_medium=api&utm_source=600ef87e",
        "created": "2026-09-18T21:50:07Z",
        "salary_min": 55000,
        "salary_max": 55000,
        "matched_keyword": "GIS engineer",
        "source": "Adzuna"
      }
    },
    {
      "type": "Feature",
      "geometry": {
        "type": "Point",
        "coordinates": [
          -1.4265,
          53.796825
        ]
      },
      "properties": {
        "title": "Wastewater Hydraulic Modeller",
        "company": "Calibre Search",
        "location": "Swillington Common, Leeds",
        "country": "GB",
        "url": "https://www.adzuna.co.uk/jobs/details/5887053429?utm_medium=api&utm_source=600ef87e",
        "created": "2026-09-17T03:54:03Z",
        "salary_min": 38000,
        "salary_max": 52000,
        "matched_keyword": "GIS engineer",
        "source": "Adzuna"
      }
    },
    {
      "type": "Feature",
      "geometry": {
        "type": "Point",
        "coordinates": [
          -1.54912,
          53.799599
        ]
      },
      "properties": {
        "title": "Wastewater Hydraulic Modeller",
        "company": "Calibre Search",
        "location": "Leeds, West Yorkshire",
        "country": "GB",
        "url": "https://www.adzuna.co.uk/jobs/land/ad/5886626149?se=uDZrsw7D8RGZrtr1kasdFg&utm_medium=api&utm_source=600ef87e&v=03339BEE2C2A44308354D03482F6EBFA12E4529F",
        "created": "2026-09-16T20:54:57Z",
        "salary_min": 38000,
        "salary_max": 52000,
        "matched_keyword": "GIS engineer",
        "source": "Adzuna"
      }
    },
    {
      "type": "Feature",
      "geometry": {
        "type": "Point",
        "coordinates": [
          -0.4677,
          51.253928
        ]
      },
      "properties": {
        "title": "Software Developer Internship",
        "company": "Step Recruitment Ltd",
        "location": "Surrey, South East England",
        "country": "GB",
        "url": "https://www.adzuna.co.uk/jobs/details/5898609951?utm_medium=api&utm_source=600ef87e",
        "created": "2026-09-25T18:35:57Z",
        "salary_min": 12,
        "salary_max": 12,
        "matched_keyword": "GIS engineer",
        "source": "Adzuna"
      }
    },
    {
      "type": "Feature",
      "geometry": {
        "type": "Point",
        "coordinates": [
          -0.103815,
          51.523772
        ]
      },
      "properties": {
        "title": "Cleanwater Engineers & Modellers - Various",
        "company": "Advance TRS",
        "location": "Farringdon, Central London",
        "country": "GB",
        "url": "https://www.adzuna.co.uk/jobs/land/ad/5914264496?se=uDZrsw7D8RGZrtr1kasdFg&utm_medium=api&utm_source=600ef87e&v=551E4A283D9EEAC85F9FB0CBAD37087E88C0835C",
        "created": "2026-10-06T21:36:51Z",
        "salary_min": 40000,
        "salary_max": 65000,
        "matched_keyword": "GIS engineer",
        "source": "Adzuna"
      }
    },
    {
      "type": "Feature",
      "geometry": {
        "type": "Point",
        "coordinates": [
          -0.077403,
          51.512897
        ]
      },
      "properties": {
        "title": "Asset Lifecycle Modeller",
        "company": "Arcadis",
        "location": "Aldgate, Central London",
        "country": "GB",
        "url": "https://www.adzuna.co.uk/jobs/details/5909700443?utm_medium=api&utm_source=600ef87e",
        "created": "2026-10-03T09:29:19Z",
        "salary_min": 69890.37,
        "salary_max": 69890.37,
        "matched_keyword": "GIS engineer",
        "source": "Adzuna"
      }
    },
    {
      "type": "Feature",
      "geometry": {
        "type": "Point",
        "coordinates": [
          -0.103815,
          51.523772
        ]
      },
      "properties": {
        "title": "Wastewater Engineers & Modellers - Various",
        "company": "Advance TRS",
        "location": "Farringdon, Central London",
        "country": "GB",
        "url": "https://www.adzuna.co.uk/jobs/land/ad/5914265556?se=uDZrsw7D8RGZrtr1kasdFg&utm_medium=api&utm_source=600ef87e&v=518684F508BEFB48A240405F392B38A07FF95505",
        "created": "2026-10-06T21:39:46Z",
        "salary_min": 40000,
        "salary_max": 70000,
        "matched_keyword": "GIS engineer",
        "source": "Adzuna"
      }
    },
    {
      "type": "Feature",
      "geometry": {
        "type": "Point",
        "coordinates": [
          -2.63106,
          53.5443
        ]
      },
      "properties": {
        "title": "Senior Engineering Manager",
        "company": "J. Murphy & Sons Ltd",
        "location": "Wigan, Greater Manchester",
        "country": "GB",
        "url": "https://www.adzuna.co.uk/jobs/land/ad/5883805629?se=sLAvtA7D8RGSdsiqONmNKg&utm_medium=api&utm_source=600ef87e&v=276E36BAAA094A926195CBCF402E7E7053D56B57",
        "created": "2026-09-14T18:44:29Z",
        "salary_min": 62792.94,
        "salary_max": 62792.94,
        "matched_keyword": "GIS engineer",
        "source": "Adzuna"
      }
    },
    {
      "type": "Feature",
      "geometry": {
        "type": "Point",
        "coordinates": [
          -5.969744,
          54.571179
        ]
      },
      "properties": {
        "title": "Water Quality and Coastal Modelling Consultant",
        "company": "Tetra Tech",
        "location": "Finaghy, Belfast",
        "country": "GB",
        "url": "https://www.adzuna.co.uk/jobs/details/5895231230?utm_medium=api&utm_source=600ef87e",
        "created": "2026-09-23T14:49:55Z",
        "salary_min": 44007.27,
        "salary_max": 44007.27,
        "matched_keyword": "GIS engineer",
        "source": "Adzuna"
      }
    },
    {
      "type": "Feature",
      "geometry": {
        "type": "Point",
        "coordinates": [
          -4.261457,
          55.86103
        ]
      },
      "properties": {
        "title": "Graduate Design Engineer",
        "company": "Tetra Tech",
        "location": "Hillhead, Glasgow City Centre",
        "country": "GB",
        "url": "https://www.adzuna.co.uk/jobs/details/5896919971?utm_medium=api&utm_source=600ef87e",
        "created": "2026-09-24T14:55:55Z",
        "salary_min": 38308.27,
        "salary_max": 38308.27,
        "matched_keyword": "GIS engineer",
        "source": "Adzuna"
      }
    },
    {
      "type": "Feature",
      "geometry": {
        "type": "Point",
        "coordinates": [
          -4.25596,
          55.86026
        ]
      },
      "properties": {
        "title": "Graduate Design Engineer",
        "company": "Tetra Tech",
        "location": "Glasgow, Scotland",
        "country": "GB",
        "url": "https://www.adzuna.co.uk/jobs/land/ad/5912191005?se=sLAvtA7D8RGSdsiqONmNKg&utm_medium=api&utm_source=600ef87e&v=E73C07BA2947A193FB693C571F61534CBAB9EF74",
        "created": "2026-10-05T06:25:25Z",
        "salary_min": 37280.8,
        "salary_max": 37280.8,
        "matched_keyword": "GIS engineer",
        "source": "Adzuna"
      }
    },
    {
      "type": "Feature",
      "geometry": {
        "type": "Point",
        "coordinates": [
          -2.5919,
          51.455299
        ]
      },
      "properties": {
        "title": "Graduate Flood Risk Consultant - Bristol/Taunton - 2027",
        "company": "Stantec",
        "location": "Bristol, South West England",
        "country": "GB",
        "url": "https://www.adzuna.co.uk/jobs/details/5841109509?utm_medium=api&utm_source=600ef87e",
        "created": "2026-08-14T02:49:27Z",
        "salary_min": 36771.34,
        "salary_max": 36771.34,
        "matched_keyword": "GIS engineer",
        "source": "Adzuna"
      }
    },
    {
      "type": "Feature",
      "geometry": {
        "type": "Point",
        "coordinates": [
          -3.10345,
          51.014702
        ]
      },
      "properties": {
        "title": "Graduate Flood Risk Consultant - Bristol/Taunton - 2027",
        "company": "Stantec",
        "location": "Taunton, Somerset",
        "country": "GB",
        "url": "https://www.adzuna.co.uk/jobs/details/5841109448?utm_medium=api&utm_source=600ef87e",
        "created": "2026-08-14T02:49:27Z",
        "salary_min": 37297.58,
        "salary_max": 37297.58,
        "matched_keyword": "GIS engineer",
        "source": "Adzuna"
      }
    },
    {
      "type": "Feature",
      "geometry": {
        "type": "Point",
        "coordinates": [
          -1.099804,
          51.428224
        ]
      },
      "properties": {
        "title": "Service Engineer",
        "company": "Schneider Electric",
        "location": "Englefield, Reading",
        "country": "GB",
        "url": "https://www.adzuna.co.uk/jobs/land/ad/5906033892?se=sLAvtA7D8RGSdsiqONmNKg&utm_medium=api&utm_source=600ef87e&v=1D04B83737941182B01725BFFDC56594F5C2C286",
        "created": "2026-10-01T18:46:11Z",
        "salary_min": 55555.64,
        "salary_max": 55555.64,
        "matched_keyword": "GIS engineer",
        "source": "Adzuna"
      }
    },
    {
      "type": "Feature",
      "geometry": {
        "type": "Point",
        "coordinates": [
          -0.969088,
          51.455002
        ]
      },
      "properties": {
        "title": "Service Engineer",
        "company": "Schneider Electric",
        "location": "Reading, Berkshire",
        "country": "GB",
        "url": "https://www.adzuna.co.uk/jobs/details/5911937840?utm_medium=api&utm_source=600ef87e",
        "created": "2026-10-05T02:15:09Z",
        "salary_min": 54582.2,
        "salary_max": 54582.2,
        "matched_keyword": "GIS engineer",
        "source": "Adzuna"
      }
    },
    {
      "type": "Feature",
      "geometry": {
        "type": "Point",
        "coordinates": [
          -1.587243,
          53.087338
        ]
      },
      "properties": {
        "title": "Blasting & Explosives Engineer",
        "company": "CONNECT TALENT GROUP",
        "location": "Derbyshire, East Midlands",
        "country": "GB",
        "url": "https://www.adzuna.co.uk/jobs/land/ad/5914140602?se=YMnZtA7D8RG_0amnAxLpFQ&utm_medium=api&utm_source=600ef87e&v=BC20BF2FB90F4C7DC14CA85B4F656CED01A842B2",
        "created": "2026-10-06T17:52:25Z",
        "salary_min": 35000,
        "salary_max": 40000,
        "matched_keyword": "photogrammetrie",
        "source": "Adzuna"
      }
    },
    {
      "type": "Feature",
      "geometry": {
        "type": "Point",
        "coordinates": [
          -1.14917,
          52.955101
        ]
      },
      "properties": {
        "title": "Industrial Placement Student - Highways Engineering - Nottingham (2027 start)",
        "company": "AECOM",
        "location": "Nottingham, Nottinghamshire",
        "country": "GB",
        "url": "https://www.adzuna.co.uk/jobs/details/5907316133?utm_medium=api&utm_source=600ef87e",
        "created": "2026-10-02T05:44:26Z",
        "salary_min": 39781.71,
        "salary_max": 39781.71,
        "matched_keyword": "drone survey engineer",
        "source": "Adzuna"
      }
    },
    {
      "type": "Feature",
      "geometry": {
        "type": "Point",
        "coordinates": [
          -1.14917,
          52.955101
        ]
      },
      "properties": {
        "title": "Industrial Placement Student - Highways Engineering - Nottingham (2027 start)",
        "company": "AECOM",
        "location": "Nottingham, Nottinghamshire",
        "country": "GB",
        "url": "https://www.adzuna.co.uk/jobs/details/5909113261?utm_medium=api&utm_source=600ef87e",
        "created": "2026-10-03T02:24:12Z",
        "salary_min": 36635.32,
        "salary_max": 36635.32,
        "matched_keyword": "drone survey engineer",
        "source": "Adzuna"
      }
    },
    {
      "type": "Feature",
      "geometry": {
        "type": "Point",
        "coordinates": [
          13.420806,
          52.507706
        ]
      },
      "properties": {
        "title": "Vermessungstechniker/-in (m/w/d)",
        "company": "NET-TEC Ingenieurgesellschaft mbH",
        "location": "Berlin, Deutschland",
        "country": "DE",
        "url": "https://www.adzuna.de/land/ad/5881801579?se=0D3ftg7D8RGZrtr1kasdFg&utm_medium=api&utm_source=600ef87e&v=B2E1CC8224A26B6CB54346F4F1C9B6DC43371565",
        "created": "2026-09-12T22:58:37Z",
        "salary_min": null,
        "salary_max": null,
        "matched_keyword": "topographe",
        "source": "Adzuna"
      }
    },
    {
      "type": "Feature",
      "geometry": {
        "type": "Point",
        "coordinates": [
          9.742751,
          52.378818
        ]
      },
      "properties": {
        "title": "CAD- / GIS-Fachkraft oder Bauzeichner (m/w/d) Leitungsdokumentation für die Trigis NET GmbH",
        "company": "TRIGIS NET GmbH",
        "location": "Hannover, Region Hannover (Kreis)",
        "country": "DE",
        "url": "https://www.adzuna.de/land/ad/5878808988?se=0D3ftg7D8RGZrtr1kasdFg&utm_medium=api&utm_source=600ef87e&v=BB5750C3ED615E59187ED3D7FD7DEEA370D52E75",
        "created": "2026-09-10T19:54:03Z",
        "salary_min": null,
        "salary_max": null,
        "matched_keyword": "topographe",
        "source": "Adzuna"
      }
    },
    {
      "type": "Feature",
      "geometry": {
        "type": "Point",
        "coordinates": [
          7.61814,
          51.50149
        ]
      },
      "properties": {
        "title": "Vermessungsingenieur / Vermessungstechniker im Außendienst (w/m/d)",
        "company": "WOLFF & MÜLLER Tief- und Straßenbau GmbH & Co. KG",
        "location": "Holzwickede, Unna (Kreis)",
        "country": "DE",
        "url": "https://www.adzuna.de/land/ad/5893645714?se=0D3ftg7D8RGZrtr1kasdFg&utm_medium=api&utm_source=600ef87e&v=05904CF2411BF3D85EBB87F4ABC0F5177BB4CA18",
        "created": "2026-09-22T07:59:06Z",
        "salary_min": null,
        "salary_max": null,
        "matched_keyword": "topographe",
        "source": "Adzuna"
      }
    },
    {
      "type": "Feature",
      "geometry": {
        "type": "Point",
        "coordinates": [
          9.38129,
          51.77398
        ]
      },
      "properties": {
        "title": "Vermessungsingenieur/in (m/w/d)",
        "company": "Kreis Höxter",
        "location": "Höxter, Höxter (Kreis)",
        "country": "DE",
        "url": "https://www.adzuna.de/land/ad/5809275150?se=0D3ftg7D8RGZrtr1kasdFg&utm_medium=api&utm_source=600ef87e&v=D6672ED1FE4EBCE8ADA765178F05E07C488E1BE8",
        "created": "2026-07-21T13:03:16Z",
        "salary_min": null,
        "salary_max": null,
        "matched_keyword": "topographe",
        "source": "Adzuna"
      }
    },
    {
      "type": "Feature",
      "geometry": {
        "type": "Point",
        "coordinates": [
          9.72242,
          52.41725
        ]
      },
      "properties": {
        "title": "CAD- / GIS-Fachkraft oder Bauzeichner (m/w/d) Leitungsdokumentation für die Trigis NET GmbH",
        "company": "TRIGIS NET GmbH",
        "location": "Brink-Hafen, Hannover",
        "country": "DE",
        "url": "https://www.adzuna.de/land/ad/5899039121?se=0D3ftg7D8RGZrtr1kasdFg&utm_medium=api&utm_source=600ef87e&v=7A9B56BB6DA791673D1DA65647F8654155EB8993",
        "created": "2026-09-26T03:51:37Z",
        "salary_min": null,
        "salary_max": null,
        "matched_keyword": "topographe",
        "source": "Adzuna"
      }
    },
    {
      "type": "Feature",
      "geometry": {
        "type": "Point",
        "coordinates": [
          6.969972,
          50.940164
        ]
      },
      "properties": {
        "title": "Duales Studium Bachelor of Engineering zur/zum Regierungsvermessungsoberinspektor:in (Studiengang: Vermessung) (m/w/d) im Beamtenverhältnis zum 01.09.2027",
        "company": "Bezirksregierung Köln",
        "location": "Köln, Nordrhein-Westfalen",
        "country": "DE",
        "url": "https://www.adzuna.de/land/ad/5885252711?se=0D3ftg7D8RGZrtr1kasdFg&utm_medium=api&utm_source=600ef87e&v=FE59C15E80DE25D5CA8A482F9123FA143B14671C",
        "created": "2026-09-16T01:47:34Z",
        "salary_min": null,
        "salary_max": null,
        "matched_keyword": "topographe",
        "source": "Adzuna"
      }
    },
    {
      "type": "Feature",
      "geometry": {
        "type": "Point",
        "coordinates": [
          8.87193,
          51.90883
        ]
      },
      "properties": {
        "title": "Duales Studium Angewandte Geodäsie (w/m/d)",
        "company": "Kreis Lippe",
        "location": "Heiligenkirchen, Detmold",
        "country": "DE",
        "url": "https://www.adzuna.de/details/5903309359?utm_medium=api&utm_source=600ef87e",
        "created": "2026-09-30T04:28:27Z",
        "salary_min": null,
        "salary_max": null,
        "matched_keyword": "topographe",
        "source": "Adzuna"
      }
    },
    {
      "type": "Feature",
      "geometry": {
        "type": "Point",
        "coordinates": [
          6.95684,
          50.93917
        ]
      },
      "properties": {
        "title": "Duales Studium Bachelor of Engineering zur/zum Regierungsvermessungsoberinspektor:in (Studiengang: Vermessung) (m/w/d) im Beamtenverhältnis zum 01.09.2027",
        "company": "Bezirksregierung Köln",
        "location": "Altstadt-Nord, Köln",
        "country": "DE",
        "url": "https://www.adzuna.de/details/5885444216?utm_medium=api&utm_source=600ef87e",
        "created": "2026-09-16T03:32:32Z",
        "salary_min": null,
        "salary_max": null,
        "matched_keyword": "topographe",
        "source": "Adzuna"
      }
    },
    {
      "type": "Feature",
      "geometry": {
        "type": "Point",
        "coordinates": [
          7.04514,
          49.32546
        ]
      },
      "properties": {
        "title": "Vermessungsingenieure / Vermessungstechniker (m/w/d)",
        "company": "SBS Ingenieure Ingenieurgesellschaft für das Bauwesen mbH",
        "location": "Merchweiler, Neunkirchen (Kreis)",
        "country": "DE",
        "url": "https://www.adzuna.de/details/5918049493?utm_medium=api&utm_source=600ef87e",
        "created": "2026-10-08T03:48:39Z",
        "salary_min": null,
        "salary_max": null,
        "matched_keyword": "hydrographe",
        "source": "Adzuna"
      }
    },
    {
      "type": "Feature",
      "geometry": {
        "type": "Point",
        "coordinates": [
          7.621504,
          51.955292
        ]
      },
      "properties": {
        "title": "Senior Computer Vision / Photogrammetry Engineer (m/w/d)",
        "company": "syte GmbH",
        "location": "Münster, Nordrhein-Westfalen",
        "country": "DE",
        "url": "https://www.adzuna.de/details/5917290163?utm_medium=api&utm_source=600ef87e",
        "created": "2026-10-07T17:32:39Z",
        "salary_min": null,
        "salary_max": null,
        "matched_keyword": "airborne lidar",
        "source": "Adzuna"
      }
    },
    {
      "type": "Feature",
      "geometry": {
        "type": "Point",
        "coordinates": [
          7.67925,
          51.95368
        ]
      },
      "properties": {
        "title": "Senior Computer Vision / Photogrammetry Engineer (m/w/d)",
        "company": "syte GmbH",
        "location": "Gremmendorf, Münster",
        "country": "DE",
        "url": "https://www.adzuna.de/details/5916918204?utm_medium=api&utm_source=600ef87e",
        "created": "2026-10-07T13:19:20Z",
        "salary_min": null,
        "salary_max": null,
        "matched_keyword": "airborne lidar",
        "source": "Adzuna"
      }
    },
    {
      "type": "Feature",
      "geometry": {
        "type": "Point",
        "coordinates": [
          7.62585,
          51.96073
        ]
      },
      "properties": {
        "title": "Senior Computer Vision / Photogrammetry Engineer (m/w/d)",
        "company": "syte GmbH",
        "location": "Centrum, Münster",
        "country": "DE",
        "url": "https://www.adzuna.de/details/5917666290?utm_medium=api&utm_source=600ef87e",
        "created": "2026-10-08T00:50:06Z",
        "salary_min": null,
        "salary_max": null,
        "matched_keyword": "airborne lidar",
        "source": "Adzuna"
      }
    },
    {
      "type": "Feature",
      "geometry": {
        "type": "Point",
        "coordinates": [
          11.29639,
          48.11148
        ]
      },
      "properties": {
        "title": "Senior Machine Learning Engineer (m/f/d)",
        "company": "Quantum-Systems GmbH",
        "location": "Gilching, Starnberg (Kreis)",
        "country": "DE",
        "url": "https://www.adzuna.de/details/5863699206?utm_medium=api&utm_source=600ef87e",
        "created": "2026-09-01T04:09:15Z",
        "salary_min": null,
        "salary_max": null,
        "matched_keyword": "geospatial engineer",
        "source": "Adzuna"
      }
    },
    {
      "type": "Feature",
      "geometry": {
        "type": "Point",
        "coordinates": [
          13.71006,
          51.05811
        ]
      },
      "properties": {
        "title": "GIS & Database Engineer (m/w/d)",
        "company": "Deutsche InfraSoft GmbH",
        "location": "Friedrichstadt, Dresden",
        "country": "DE",
        "url": "https://www.adzuna.de/land/ad/5887692536?se=Th8Eug7D8RG-4tqDU3nihA&utm_medium=api&utm_source=600ef87e&v=446E773921A3170B0F38BF4EF031EB3A50005C05",
        "created": "2026-09-17T14:30:21Z",
        "salary_min": null,
        "salary_max": null,
        "matched_keyword": "GIS engineer",
        "source": "Adzuna"
      }
    },
    {
      "type": "Feature",
      "geometry": {
        "type": "Point",
        "coordinates": [
          13.420806,
          52.507706
        ]
      },
      "properties": {
        "title": "Senior Software Engineer Geoinformationssysteme (GIS) (all genders)",
        "company": "adesso SE",
        "location": "Berlin, Deutschland",
        "country": "DE",
        "url": "https://www.adzuna.de/land/ad/5816227145?se=Th8Eug7D8RG-4tqDU3nihA&utm_medium=api&utm_source=600ef87e&v=AC7D009477D551960504933679B22A5F6582FA87",
        "created": "2026-07-26T07:21:49Z",
        "salary_min": null,
        "salary_max": null,
        "matched_keyword": "GIS engineer",
        "source": "Adzuna"
      }
    },
    {
      "type": "Feature",
      "geometry": {
        "type": "Point",
        "coordinates": [
          13.420806,
          52.507706
        ]
      },
      "properties": {
        "title": "GIS Data and AI Engineer (m/w/d)",
        "company": "Deutsche InfraSoft GmbH",
        "location": "Berlin, Deutschland",
        "country": "DE",
        "url": "https://www.adzuna.de/land/ad/5908824367?se=Th8Eug7D8RG-4tqDU3nihA&utm_medium=api&utm_source=600ef87e&v=7E641D4EA179EA508FDE553066DBF35E1B6CAA67",
        "created": "2026-10-02T23:35:12Z",
        "salary_min": null,
        "salary_max": null,
        "matched_keyword": "GIS engineer",
        "source": "Adzuna"
      }
    },
    {
      "type": "Feature",
      "geometry": {
        "type": "Point",
        "coordinates": [
          7.67925,
          51.95368
        ]
      },
      "properties": {
        "title": "GIS Platform Engineer (w/m/d)",
        "company": "con terra GmbH",
        "location": "Gremmendorf, Münster",
        "country": "DE",
        "url": "https://www.adzuna.de/land/ad/5819789983?se=Th8Eug7D8RG-4tqDU3nihA&utm_medium=api&utm_source=600ef87e&v=7F235BA21C903385AFC8D71203F879DF092547B9",
        "created": "2026-07-29T15:39:18Z",
        "salary_min": null,
        "salary_max": null,
        "matched_keyword": "GIS engineer",
        "source": "Adzuna"
      }
    },
    {
      "type": "Feature",
      "geometry": {
        "type": "Point",
        "coordinates": [
          7.17206,
          51.72169
        ]
      },
      "properties": {
        "title": "GIS Frontend Engineer (m/w/d) - J24135",
        "company": "Exclusive Associates",
        "location": "Hamm, Marl",
        "country": "DE",
        "url": "https://www.adzuna.de/details/5917287975?utm_medium=api&utm_source=600ef87e",
        "created": "2026-10-07T17:32:10Z",
        "salary_min": null,
        "salary_max": null,
        "matched_keyword": "GIS engineer",
        "source": "Adzuna"
      }
    },
    {
      "type": "Feature",
      "geometry": {
        "type": "Point",
        "coordinates": [
          7.76756,
          51.38391
        ]
      },
      "properties": {
        "title": "Informatiker als GIS Backend Engineer (m/w/d) Geoinformatik",
        "company": "Südwestfalen-IT",
        "location": "Hemer, Märkischer Kreis",
        "country": "DE",
        "url": "https://www.adzuna.de/details/5824128930?utm_medium=api&utm_source=600ef87e",
        "created": "2026-08-01T17:19:57Z",
        "salary_min": null,
        "salary_max": null,
        "matched_keyword": "GIS engineer",
        "source": "Adzuna"
      }
    },
    {
      "type": "Feature",
      "geometry": {
        "type": "Point",
        "coordinates": [
          8.67167,
          50.10656
        ]
      },
      "properties": {
        "title": "Principal Data Engineer (m/w/d) - GIS / Geospatial",
        "company": "Alexander Thamm GmbH",
        "location": "Bahnhofsviertel, Frankfurt am Main",
        "country": "DE",
        "url": "https://www.adzuna.de/details/5893413085?utm_medium=api&utm_source=600ef87e",
        "created": "2026-09-22T03:03:50Z",
        "salary_min": null,
        "salary_max": null,
        "matched_keyword": "GIS engineer",
        "source": "Adzuna"
      }
    },
    {
      "type": "Feature",
      "geometry": {
        "type": "Point",
        "coordinates": [
          11.555737,
          48.137418
        ]
      },
      "properties": {
        "title": "DevSecOps / Platform Engineer (m/w/d), ArcGIS, Kubernetes, Linux bei einem etablierten Technologiekonzern",
        "company": "KA Resources Recruitment SLU",
        "location": "München, München (Kreis)",
        "country": "DE",
        "url": "https://www.adzuna.de/details/5883684966?utm_medium=api&utm_source=600ef87e",
        "created": "2026-09-14T17:04:01Z",
        "salary_min": null,
        "salary_max": null,
        "matched_keyword": "GIS engineer",
        "source": "Adzuna"
      }
    },
    {
      "type": "Feature",
      "geometry": {
        "type": "Point",
        "coordinates": [
          6.969972,
          50.940164
        ]
      },
      "properties": {
        "title": "DevSecOps / Platform Engineer (m/w/d), ArcGIS, Kubernetes, Linux bei einem etablierten Technologiekonzern",
        "company": "KA Resources Recruitment SLU",
        "location": "Köln, Nordrhein-Westfalen",
        "country": "DE",
        "url": "https://www.adzuna.de/details/5883684925?utm_medium=api&utm_source=600ef87e",
        "created": "2026-09-14T17:04:00Z",
        "salary_min": null,
        "salary_max": null,
        "matched_keyword": "GIS engineer",
        "source": "Adzuna"
      }
    },
    {
      "type": "Feature",
      "geometry": {
        "type": "Point",
        "coordinates": [
          9.987297,
          53.557429
        ]
      },
      "properties": {
        "title": "DevSecOps / Platform Engineer (m/w/d), ArcGIS, Kubernetes, Linux bei einem etablierten Technologiekonzern",
        "company": "KA Resources Recruitment SLU",
        "location": "Hamburg, Deutschland",
        "country": "DE",
        "url": "https://www.adzuna.de/details/5883684916?utm_medium=api&utm_source=600ef87e",
        "created": "2026-09-14T17:04:00Z",
        "salary_min": null,
        "salary_max": null,
        "matched_keyword": "GIS engineer",
        "source": "Adzuna"
      }
    },
    {
      "type": "Feature",
      "geometry": {
        "type": "Point",
        "coordinates": [
          6.808387,
          51.226802
        ]
      },
      "properties": {
        "title": "DevSecOps / Platform Engineer (m/w/d), ArcGIS, Kubernetes, Linux bei einem etablierten Technologiekonzern",
        "company": "KA Resources Recruitment SLU",
        "location": "Düsseldorf, Nordrhein-Westfalen",
        "country": "DE",
        "url": "https://www.adzuna.de/details/5883684902?utm_medium=api&utm_source=600ef87e",
        "created": "2026-09-14T17:04:00Z",
        "salary_min": null,
        "salary_max": null,
        "matched_keyword": "GIS engineer",
        "source": "Adzuna"
      }
    },
    {
      "type": "Feature",
      "geometry": {
        "type": "Point",
        "coordinates": [
          13.420806,
          52.507706
        ]
      },
      "properties": {
        "title": "DevSecOps / Platform Engineer (m/w/d), ArcGIS, Kubernetes, Linux bei einem etablierten Technologiekonzern",
        "company": "KA Resources Recruitment SLU",
        "location": "Berlin, Deutschland",
        "country": "DE",
        "url": "https://www.adzuna.de/details/5883684924?utm_medium=api&utm_source=600ef87e",
        "created": "2026-09-14T17:04:00Z",
        "salary_min": null,
        "salary_max": null,
        "matched_keyword": "GIS engineer",
        "source": "Adzuna"
      }
    },
    {
      "type": "Feature",
      "geometry": {
        "type": "Point",
        "coordinates": [
          12.373598,
          51.339254
        ]
      },
      "properties": {
        "title": "DevSecOps / Platform Engineer (m/w/d), ArcGIS, Kubernetes, Linux bei einem etablierten Technologiekonzern",
        "company": "KA Resources Recruitment SLU",
        "location": "Leipzig, Leipzig (Kreis)",
        "country": "DE",
        "url": "https://www.adzuna.de/details/5883684922?utm_medium=api&utm_source=600ef87e",
        "created": "2026-09-14T17:04:00Z",
        "salary_min": null,
        "salary_max": null,
        "matched_keyword": "GIS engineer",
        "source": "Adzuna"
      }
    },
    {
      "type": "Feature",
      "geometry": {
        "type": "Point",
        "coordinates": [
          9.742751,
          52.378818
        ]
      },
      "properties": {
        "title": "DevSecOps / Platform Engineer (m/w/d), ArcGIS, Kubernetes, Linux bei einem etablierten Technologiekonzern",
        "company": "KA Resources Recruitment SLU",
        "location": "Hannover, Region Hannover (Kreis)",
        "country": "DE",
        "url": "https://www.adzuna.de/details/5883684936?utm_medium=api&utm_source=600ef87e",
        "created": "2026-09-14T17:04:01Z",
        "salary_min": null,
        "salary_max": null,
        "matched_keyword": "GIS engineer",
        "source": "Adzuna"
      }
    },
    {
      "type": "Feature",
      "geometry": {
        "type": "Point",
        "coordinates": [
          11.083642,
          49.443967
        ]
      },
      "properties": {
        "title": "DevSecOps / Platform Engineer (m/w/d), ArcGIS, Kubernetes, Linux bei einem etablierten Technologiekonzern",
        "company": "KA Resources Recruitment SLU",
        "location": "Nürnberg, Bayern",
        "country": "DE",
        "url": "https://www.adzuna.de/details/5883684907?utm_medium=api&utm_source=600ef87e",
        "created": "2026-09-14T17:04:00Z",
        "salary_min": null,
        "salary_max": null,
        "matched_keyword": "GIS engineer",
        "source": "Adzuna"
      }
    },
    {
      "type": "Feature",
      "geometry": {
        "type": "Point",
        "coordinates": [
          8.650578,
          50.129683
        ]
      },
      "properties": {
        "title": "DevSecOps / Platform Engineer (m/w/d), ArcGIS, Kubernetes, Linux bei einem etablierten Technologiekonzern",
        "company": "KA Resources Recruitment SLU",
        "location": "Frankfurt am Main, Hessen",
        "country": "DE",
        "url": "https://www.adzuna.de/details/5883684889?utm_medium=api&utm_source=600ef87e",
        "created": "2026-09-14T17:04:00Z",
        "salary_min": null,
        "salary_max": null,
        "matched_keyword": "GIS engineer",
        "source": "Adzuna"
      }
    },
    {
      "type": "Feature",
      "geometry": {
        "type": "Point",
        "coordinates": [
          11.41,
          53.85
        ]
      },
      "properties": {
        "title": "Vermessungstechniker (m/w/d)",
        "company": "TKMS Wismar GmbH",
        "location": "Wismar, Nordwestmecklenburg (Kreis)",
        "country": "DE",
        "url": "https://www.adzuna.de/land/ad/5913646506?se=FEyiug7D8RGSdsiqONmNKg&utm_medium=api&utm_source=600ef87e&v=E9E4A837615A8B70228D59D949F8B26D0827D050",
        "created": "2026-10-06T12:46:36Z",
        "salary_min": null,
        "salary_max": null,
        "matched_keyword": "photogrammetrie",
        "source": "Adzuna"
      }
    },
    {
      "type": "Feature",
      "geometry": {
        "type": "Point",
        "coordinates": [
          9.742751,
          52.378818
        ]
      },
      "properties": {
        "title": "CAD- / GIS-Fachkraft oder Bauzeichner (m/w/d) Leitungsdokumentation für die Trigis NET GmbH",
        "company": "TRIGIS NET GmbH",
        "location": "Hannover, Region Hannover (Kreis)",
        "country": "DE",
        "url": "https://www.adzuna.de/land/ad/5878808988?se=FEyiug7D8RGSdsiqONmNKg&utm_medium=api&utm_source=600ef87e&v=BB5750C3ED615E59187ED3D7FD7DEEA370D52E75",
        "created": "2026-09-10T19:54:03Z",
        "salary_min": null,
        "salary_max": null,
        "matched_keyword": "photogrammetrie",
        "source": "Adzuna"
      }
    },
    {
      "type": "Feature",
      "geometry": {
        "type": "Point",
        "coordinates": [
          7.464954,
          51.504967
        ]
      },
      "properties": {
        "title": "Projektleitende/r Bauingenieur/in (m/w/d)",
        "company": "IFSB GmbH CONSCAN.TECH",
        "location": "Dortmund, Nordrhein-Westfalen",
        "country": "DE",
        "url": "https://www.adzuna.de/land/ad/5884571739?se=FEyiug7D8RGSdsiqONmNKg&utm_medium=api&utm_source=600ef87e&v=30E38441E78D059B8C32354C2CFF64B16D7F9C70",
        "created": "2026-09-15T13:31:54Z",
        "salary_min": null,
        "salary_max": null,
        "matched_keyword": "photogrammetrie",
        "source": "Adzuna"
      }
    },
    {
      "type": "Feature",
      "geometry": {
        "type": "Point",
        "coordinates": [
          12.232203,
          51.84932
        ]
      },
      "properties": {
        "title": "Duales Studium - Vermessung und Geoinformatik (B. Eng.) (m/w/d)",
        "company": "Hochschule Anhalt",
        "location": "Dessau-Roßlau, Sachsen-Anhalt",
        "country": "DE",
        "url": "https://www.adzuna.de/land/ad/5829016562?se=FEyiug7D8RGSdsiqONmNKg&utm_medium=api&utm_source=600ef87e&v=0CD6ADE2017CB652549C4CBB563253B408A761C2",
        "created": "2026-08-05T12:58:46Z",
        "salary_min": null,
        "salary_max": null,
        "matched_keyword": "photogrammetrie",
        "source": "Adzuna"
      }
    },
    {
      "type": "Feature",
      "geometry": {
        "type": "Point",
        "coordinates": [
          9.742751,
          52.378818
        ]
      },
      "properties": {
        "title": "CAD- / GIS-Fachkraft oder Bauzeichner (m/w/d) Leitungsdokumentation für die Trigis NET GmbH",
        "company": "TRIGIS NET GmbH",
        "location": "Hannover, Region Hannover (Kreis)",
        "country": "DE",
        "url": "https://www.adzuna.de/land/ad/5878390281?se=FEyiug7D8RGSdsiqONmNKg&utm_medium=api&utm_source=600ef87e&v=9B8D8B7C9FA2A70082D59E8EA596CC1B77E00417",
        "created": "2026-09-10T13:45:38Z",
        "salary_min": null,
        "salary_max": null,
        "matched_keyword": "photogrammetrie",
        "source": "Adzuna"
      }
    },
    {
      "type": "Feature",
      "geometry": {
        "type": "Point",
        "coordinates": [
          11.326777,
          50.986951
        ]
      },
      "properties": {
        "title": "Ausbildung zum Vermessungstechniker (m/w/d)",
        "company": "TRIGIS GeoServices GmbH",
        "location": "Weimar, Weimar (Kreis)",
        "country": "DE",
        "url": "https://www.adzuna.de/land/ad/5906708160?se=FEyiug7D8RGSdsiqONmNKg&utm_medium=api&utm_source=600ef87e&v=529A9A942D2292F5B0E504791EC45DF902CAF8DF",
        "created": "2026-10-02T03:47:29Z",
        "salary_min": null,
        "salary_max": null,
        "matched_keyword": "photogrammetrie",
        "source": "Adzuna"
      }
    },
    {
      "type": "Feature",
      "geometry": {
        "type": "Point",
        "coordinates": [
          11.326777,
          50.986951
        ]
      },
      "properties": {
        "title": "GIS-Fachkraft (m/w/d) für den Innendienst",
        "company": "TRIGIS GeoServices GmbH",
        "location": "Weimar, Weimar (Kreis)",
        "country": "DE",
        "url": "https://www.adzuna.de/land/ad/5903905490?se=FEyiug7D8RGSdsiqONmNKg&utm_medium=api&utm_source=600ef87e&v=CBFC4C61DDCDBF5D916BF4C83C8315D164EF4C19",
        "created": "2026-09-30T15:04:33Z",
        "salary_min": null,
        "salary_max": null,
        "matched_keyword": "photogrammetrie",
        "source": "Adzuna"
      }
    },
    {
      "type": "Feature",
      "geometry": {
        "type": "Point",
        "coordinates": [
          10.002853,
          53.70663
        ]
      },
      "properties": {
        "title": "Ausbildung zum Vermessungstechniker (m/w/d)",
        "company": "TRIGIS GeoServices GmbH",
        "location": "Norderstedt, Segeberg (Kreis)",
        "country": "DE",
        "url": "https://www.adzuna.de/land/ad/5917973174?se=FEyiug7D8RGSdsiqONmNKg&utm_medium=api&utm_source=600ef87e&v=D0E335EE864656B1D6932580B72EB775A8422F9F",
        "created": "2026-10-08T03:41:49Z",
        "salary_min": null,
        "salary_max": null,
        "matched_keyword": "photogrammetrie",
        "source": "Adzuna"
      }
    },
    {
      "type": "Feature",
      "geometry": {
        "type": "Point",
        "coordinates": [
          13.45065,
          52.511688
        ]
      },
      "properties": {
        "title": "Ausbildung zum Vermessungstechniker (m/w/d)",
        "company": "TRIGIS GeoServices GmbH",
        "location": "Friedrichshain, Berlin",
        "country": "DE",
        "url": "https://www.adzuna.de/land/ad/5917973155?se=FEyiug7D8RGSdsiqONmNKg&utm_medium=api&utm_source=600ef87e&v=C2780CA3A21454FD2065BC1435945F2E5233D88A",
        "created": "2026-10-08T03:41:49Z",
        "salary_min": null,
        "salary_max": null,
        "matched_keyword": "photogrammetrie",
        "source": "Adzuna"
      }
    },
    {
      "type": "Feature",
      "geometry": {
        "type": "Point",
        "coordinates": [
          10.45404,
          51.20724
        ]
      },
      "properties": {
        "title": "Duales Studium der Fachrichtung Geomatik (m/w/d)",
        "company": "TRIGIS GeoServices GmbH",
        "location": "Mühlhausen/Thüringen, Unstrut-Hainich-Kreis",
        "country": "DE",
        "url": "https://www.adzuna.de/land/ad/5917969651?se=FEyiug7D8RGSdsiqONmNKg&utm_medium=api&utm_source=600ef87e&v=B31190D863445DF109401CE5A58ADC8EDA8240B4",
        "created": "2026-10-08T03:41:19Z",
        "salary_min": null,
        "salary_max": null,
        "matched_keyword": "photogrammetrie",
        "source": "Adzuna"
      }
    },
    {
      "type": "Feature",
      "geometry": {
        "type": "Point",
        "coordinates": [
          12.16786,
          50.88743
        ]
      },
      "properties": {
        "title": "Ausbildung zum Vermessungstechniker (m/w/d)",
        "company": "TRIGIS GeoServices GmbH",
        "location": "Korbußen, Greiz (Kreis)",
        "country": "DE",
        "url": "https://www.adzuna.de/land/ad/5917969647?se=FEyiug7D8RGSdsiqONmNKg&utm_medium=api&utm_source=600ef87e&v=47F330E7E9E3FB47F6A96BD3FCAAC8805B4E12C4",
        "created": "2026-10-08T03:41:19Z",
        "salary_min": null,
        "salary_max": null,
        "matched_keyword": "photogrammetrie",
        "source": "Adzuna"
      }
    },
    {
      "type": "Feature",
      "geometry": {
        "type": "Point",
        "coordinates": [
          11.27609,
          50.9957
        ]
      },
      "properties": {
        "title": "GIS-Fachkraft (m/w/d) für den Innendienst",
        "company": "TRIGIS GeoServices GmbH",
        "location": "Gaberndorf, Weimar (Kreis)",
        "country": "DE",
        "url": "https://www.adzuna.de/land/ad/5903863231?se=FEyiug7D8RGSdsiqONmNKg&utm_medium=api&utm_source=600ef87e&v=A5D15B2FFF4EFC9D71035C3480D63A2B9614BBE5",
        "created": "2026-09-30T13:23:40Z",
        "salary_min": null,
        "salary_max": null,
        "matched_keyword": "photogrammetrie",
        "source": "Adzuna"
      }
    },
    {
      "type": "Feature",
      "geometry": {
        "type": "Point",
        "coordinates": [
          12.373598,
          51.339254
        ]
      },
      "properties": {
        "title": "Ausbildung zum Vermessungstechniker (m/w/d)",
        "company": "TRIGIS GeoServices GmbH",
        "location": "Leipzig, Leipzig (Kreis)",
        "country": "DE",
        "url": "https://www.adzuna.de/land/ad/5917973163?se=FEyiug7D8RGSdsiqONmNKg&utm_medium=api&utm_source=600ef87e&v=450664632E7C6ED7311639A7911694AA3463F7E9",
        "created": "2026-10-08T03:41:49Z",
        "salary_min": null,
        "salary_max": null,
        "matched_keyword": "photogrammetrie",
        "source": "Adzuna"
      }
    },
    {
      "type": "Feature",
      "geometry": {
        "type": "Point",
        "coordinates": [
          9.72242,
          52.41725
        ]
      },
      "properties": {
        "title": "CAD- / GIS-Fachkraft oder Bauzeichner (m/w/d) Leitungsdokumentation für die Trigis NET GmbH",
        "company": "TRIGIS NET GmbH",
        "location": "Brink-Hafen, Hannover",
        "country": "DE",
        "url": "https://www.adzuna.de/land/ad/5899039121?se=FEyiug7D8RGSdsiqONmNKg&utm_medium=api&utm_source=600ef87e&v=7A9B56BB6DA791673D1DA65647F8654155EB8993",
        "created": "2026-09-26T03:51:37Z",
        "salary_min": null,
        "salary_max": null,
        "matched_keyword": "photogrammetrie",
        "source": "Adzuna"
      }
    },
    {
      "type": "Feature",
      "geometry": {
        "type": "Point",
        "coordinates": [
          9.202888,
          48.506053
        ]
      },
      "properties": {
        "title": "Praxissemester im Sachgebiet Ingenieurvermessung",
        "company": "Stadt Reutlingen",
        "location": "Reutlingen, Reutlingen (Kreis)",
        "country": "DE",
        "url": "https://www.adzuna.de/details/5889611252?utm_medium=api&utm_source=600ef87e",
        "created": "2026-09-18T18:39:18Z",
        "salary_min": null,
        "salary_max": null,
        "matched_keyword": "photogrammetrie",
        "source": "Adzuna"
      }
    },
    {
      "type": "Feature",
      "geometry": {
        "type": "Point",
        "coordinates": [
          10.01562,
          53.44912
        ]
      },
      "properties": {
        "title": "Vermessungsingenieur (w/m/d) für 3D-Datenerfassung und Geodatenanalyse",
        "company": "HydroMapper GmbH",
        "location": "Gut Moor, Hamburg",
        "country": "DE",
        "url": "https://www.adzuna.de/details/5802975320?utm_medium=api&utm_source=600ef87e",
        "created": "2026-07-16T16:06:56Z",
        "salary_min": null,
        "salary_max": null,
        "matched_keyword": "photogrammetrie",
        "source": "Adzuna"
      }
    },
    {
      "type": "Feature",
      "geometry": {
        "type": "Point",
        "coordinates": [
          12.24481,
          51.83361
        ]
      },
      "properties": {
        "title": "Duales Studium - Vermessung und Geoinformatik (B. Eng.) (m/w/d)",
        "company": "Hochschule Anhalt",
        "location": "Alten, Dessau-Roßlau",
        "country": "DE",
        "url": "https://www.adzuna.de/details/5449051033?utm_medium=api&utm_source=600ef87e",
        "created": "2025-10-15T22:46:13Z",
        "salary_min": null,
        "salary_max": null,
        "matched_keyword": "photogrammetrie",
        "source": "Adzuna"
      }
    },
    {
      "type": "Feature",
      "geometry": {
        "type": "Point",
        "coordinates": [
          9.99333,
          53.54167
        ]
      },
      "properties": {
        "title": "Software Engineer - Applied AI & 3D (all genders)",
        "company": "NEURA Mobile Robots",
        "location": "HafenCity, Hamburg",
        "country": "DE",
        "url": "https://www.adzuna.de/details/5867243108?utm_medium=api&utm_source=600ef87e",
        "created": "2026-09-02T18:08:03Z",
        "salary_min": null,
        "salary_max": null,
        "matched_keyword": "photogrammetrie",
        "source": "Adzuna"
      }
    },
    {
      "type": "Feature",
      "geometry": {
        "type": "Point",
        "coordinates": [
          11.27609,
          50.9957
        ]
      },
      "properties": {
        "title": "Ausbildung zum Vermessungstechniker (m/w/d)",
        "company": "TRIGIS GeoServices GmbH",
        "location": "Gaberndorf, Weimar (Kreis)",
        "country": "DE",
        "url": "https://www.adzuna.de/details/5906851817?utm_medium=api&utm_source=600ef87e",
        "created": "2026-10-02T04:18:30Z",
        "salary_min": null,
        "salary_max": null,
        "matched_keyword": "photogrammetrie",
        "source": "Adzuna"
      }
    },
    {
      "type": "Feature",
      "geometry": {
        "type": "Point",
        "coordinates": [
          11.326777,
          50.986951
        ]
      },
      "properties": {
        "title": "GIS-Fachkraft (m/w/d) für den Innendienst",
        "company": "TRIGIS GeoServices GmbH",
        "location": "Weimar, Weimar (Kreis)",
        "country": "DE",
        "url": "https://www.adzuna.de/land/ad/5904168768?se=FEyiug7D8RGSdsiqONmNKg&utm_medium=api&utm_source=600ef87e&v=050A67DAD3BAAC86F2DC11481B49FE03D5087BD9",
        "created": "2026-09-30T20:14:35Z",
        "salary_min": null,
        "salary_max": null,
        "matched_keyword": "photogrammetrie",
        "source": "Adzuna"
      }
    },
    {
      "type": "Feature",
      "geometry": {
        "type": "Point",
        "coordinates": [
          7.4757,
          51.51405
        ]
      },
      "properties": {
        "title": "Projektleitende/r Bauingenieur/in (m/w/d)",
        "company": "IFSB GmbH CONSCAN.TECH",
        "location": "Mitte, Dortmund",
        "country": "DE",
        "url": "https://www.adzuna.de/details/5918003848?utm_medium=api&utm_source=600ef87e",
        "created": "2026-10-08T03:45:09Z",
        "salary_min": null,
        "salary_max": null,
        "matched_keyword": "photogrammetrie",
        "source": "Adzuna"
      }
    },
    {
      "type": "Feature",
      "geometry": {
        "type": "Point",
        "coordinates": [
          9.99634,
          53.73411
        ]
      },
      "properties": {
        "title": "Ausbildung zum Vermessungstechniker (m/w/d)",
        "company": "TRIGIS GeoServices GmbH",
        "location": "Friedrichsgabe, Norderstedt",
        "country": "DE",
        "url": "https://www.adzuna.de/details/5918121848?utm_medium=api&utm_source=600ef87e",
        "created": "2026-10-08T04:03:31Z",
        "salary_min": null,
        "salary_max": null,
        "matched_keyword": "photogrammetrie",
        "source": "Adzuna"
      }
    },
    {
      "type": "Feature",
      "geometry": {
        "type": "Point",
        "coordinates": [
          7.464954,
          51.504967
        ]
      },
      "properties": {
        "title": "Projektleitende/r Bauingenieur/in (m/w/d)",
        "company": "IFSB GmbH CONSCAN.TECH",
        "location": "Dortmund, Nordrhein-Westfalen",
        "country": "DE",
        "url": "https://www.adzuna.de/land/ad/5890341651?se=FEyiug7D8RGSdsiqONmNKg&utm_medium=api&utm_source=600ef87e&v=2F84A8E45F95E9FB14D799B83FE8439D80BCBE54",
        "created": "2026-09-19T10:37:55Z",
        "salary_min": null,
        "salary_max": null,
        "matched_keyword": "photogrammetrie",
        "source": "Adzuna"
      }
    },
    {
      "type": "Feature",
      "geometry": {
        "type": "Point",
        "coordinates": [
          12.08597,
          50.96407
        ]
      },
      "properties": {
        "title": "Ausbildung zum Vermessungstechniker (m/w/d)",
        "company": "TRIGIS GeoServices GmbH",
        "location": "Aga, Gera",
        "country": "DE",
        "url": "https://www.adzuna.de/details/5918119042?utm_medium=api&utm_source=600ef87e",
        "created": "2026-10-08T04:02:58Z",
        "salary_min": null,
        "salary_max": null,
        "matched_keyword": "photogrammetrie",
        "source": "Adzuna"
      }
    },
    {
      "type": "Feature",
      "geometry": {
        "type": "Point",
        "coordinates": [
          12.3713,
          51.33968
        ]
      },
      "properties": {
        "title": "Ausbildung zum Vermessungstechniker (m/w/d)",
        "company": "TRIGIS GeoServices GmbH",
        "location": "Zentrum, Leipzig",
        "country": "DE",
        "url": "https://www.adzuna.de/details/5918121843?utm_medium=api&utm_source=600ef87e",
        "created": "2026-10-08T04:03:31Z",
        "salary_min": null,
        "salary_max": null,
        "matched_keyword": "photogrammetrie",
        "source": "Adzuna"
      }
    },
    {
      "type": "Feature",
      "geometry": {
        "type": "Point",
        "coordinates": [
          11.47415,
          53.86011
        ]
      },
      "properties": {
        "title": "Vermessungstechniker (m/w/d)",
        "company": "TKMS Wismar GmbH",
        "location": "Rosenthal, Nordwestmecklenburg (Kreis)",
        "country": "DE",
        "url": "https://www.adzuna.de/details/5918004901?utm_medium=api&utm_source=600ef87e",
        "created": "2026-10-08T03:45:13Z",
        "salary_min": null,
        "salary_max": null,
        "matched_keyword": "photogrammetrie",
        "source": "Adzuna"
      }
    },
    {
      "type": "Feature",
      "geometry": {
        "type": "Point",
        "coordinates": [
          10.49959,
          48.03693
        ]
      },
      "properties": {
        "title": "Ausbildung zum Vermessungstechniker (m/w/d)",
        "company": "Glass GmbH Bauunternehmung",
        "location": "Mindelheim, Unterallgäu (Kreis)",
        "country": "DE",
        "url": "https://www.adzuna.de/details/5748456916?utm_medium=api&utm_source=600ef87e",
        "created": "2026-06-02T02:38:55Z",
        "salary_min": null,
        "salary_max": null,
        "matched_keyword": "photogrammetrie",
        "source": "Adzuna"
      }
    },
    {
      "type": "Feature",
      "geometry": {
        "type": "Point",
        "coordinates": [
          12.99569,
          50.56954
        ]
      },
      "properties": {
        "title": "Student im Studiengang Geomatik (Bachelor of Engineering) (m/w/d)",
        "company": "Landratsamt Erzgebirgskreis",
        "location": "Annaberg-Buchholz, Erzgebirgskreis",
        "country": "DE",
        "url": "https://www.adzuna.de/details/5909390082?utm_medium=api&utm_source=600ef87e",
        "created": "2026-10-03T06:06:46Z",
        "salary_min": null,
        "salary_max": null,
        "matched_keyword": "photogrammetrie",
        "source": "Adzuna"
      }
    },
    {
      "type": "Feature",
      "geometry": {
        "type": "Point",
        "coordinates": [
          13.1648,
          50.651
        ]
      },
      "properties": {
        "title": "Student im Studiengang Geomatik (Bachelor of Engineering) (m/w/d)",
        "company": "Landratsamt Erzgebirgskreis",
        "location": "Marienberg, Erzgebirgskreis",
        "country": "DE",
        "url": "https://www.adzuna.de/details/5909390135?utm_medium=api&utm_source=600ef87e",
        "created": "2026-10-03T06:06:47Z",
        "salary_min": null,
        "salary_max": null,
        "matched_keyword": "photogrammetrie",
        "source": "Adzuna"
      }
    },
    {
      "type": "Feature",
      "geometry": {
        "type": "Point",
        "coordinates": [
          4.69383,
          51.58847
        ]
      },
      "properties": {
        "title": "Engineer GIS",
        "company": "SPIE",
        "location": "Breda, Noord-Brabant",
        "country": "NL",
        "url": "https://www.adzuna.nl/details/5841728585?utm_medium=api&utm_source=600ef87e",
        "created": "2026-08-14T12:35:59Z",
        "salary_min": null,
        "salary_max": null,
        "matched_keyword": "GIS engineer",
        "source": "Adzuna"
      }
    },
    {
      "type": "Feature",
      "geometry": {
        "type": "Point",
        "coordinates": [
          6.6327,
          53.1676
        ]
      },
      "properties": {
        "title": "Fullstack Software Engineer (Python/GIS)",
        "company": "CropX",
        "location": "Haren, Provincie Groningen",
        "country": "NL",
        "url": "https://www.adzuna.nl/details/5802875378?utm_medium=api&utm_source=600ef87e",
        "created": "2026-07-16T15:08:37Z",
        "salary_min": null,
        "salary_max": null,
        "matched_keyword": "GIS engineer",
        "source": "Adzuna"
      }
    },
    {
      "type": "Feature",
      "geometry": {
        "type": "Point",
        "coordinates": [
          5.376894,
          52.15489
        ]
      },
      "properties": {
        "title": "Engineer Ondergrondse Infra Rail",
        "company": "Arcadis",
        "location": "Stadskern, Amersfoort",
        "country": "NL",
        "url": "https://www.adzuna.nl/details/5906007515?utm_medium=api&utm_source=600ef87e",
        "created": "2026-10-01T19:24:29Z",
        "salary_min": null,
        "salary_max": null,
        "matched_keyword": "GIS engineer",
        "source": "Adzuna"
      }
    },
    {
      "type": "Feature",
      "geometry": {
        "type": "Point",
        "coordinates": [
          5.376894,
          52.15489
        ]
      },
      "properties": {
        "title": "Junior engineer Ondergrondse Infra Rail",
        "company": "Arcadis",
        "location": "Stadskern, Amersfoort",
        "country": "NL",
        "url": "https://www.adzuna.nl/details/5882783492?utm_medium=api&utm_source=600ef87e",
        "created": "2026-09-13T18:18:59Z",
        "salary_min": null,
        "salary_max": null,
        "matched_keyword": "GIS engineer",
        "source": "Adzuna"
      }
    },
    {
      "type": "Feature",
      "geometry": {
        "type": "Point",
        "coordinates": [
          5.2442,
          52.40727
        ]
      },
      "properties": {
        "title": "Junior Engineer Ondergrondse Infra | tot €3.200",
        "company": "Evoke B.V.",
        "location": "Almere, Flevoland",
        "country": "NL",
        "url": "https://www.adzuna.nl/details/5833711503?utm_medium=api&utm_source=600ef87e",
        "created": "2026-08-08T18:26:19Z",
        "salary_min": 34800,
        "salary_max": 38400,
        "matched_keyword": "GIS engineer",
        "source": "Adzuna"
      }
    },
    {
      "type": "Feature",
      "geometry": {
        "type": "Point",
        "coordinates": [
          6.23203,
          52.24513
        ]
      },
      "properties": {
        "title": "Ontwerpleider ondergrondse infra",
        "company": "Antea Group",
        "location": "Deventer, Overijssel",
        "country": "NL",
        "url": "https://www.adzuna.nl/details/5909558836?utm_medium=api&utm_source=600ef87e",
        "created": "2026-10-03T07:57:41Z",
        "salary_min": null,
        "salary_max": null,
        "matched_keyword": "GIS engineer",
        "source": "Adzuna"
      }
    },
    {
      "type": "Feature",
      "geometry": {
        "type": "Point",
        "coordinates": [
          5.93897,
          52.95689
        ]
      },
      "properties": {
        "title": "Ontwerpleider ondergrondse infra",
        "company": "Antea Group",
        "location": "Heerenveen, Friesland",
        "country": "NL",
        "url": "https://www.adzuna.nl/details/5909558835?utm_medium=api&utm_source=600ef87e",
        "created": "2026-10-03T07:57:41Z",
        "salary_min": null,
        "salary_max": null,
        "matched_keyword": "GIS engineer",
        "source": "Adzuna"
      }
    },
    {
      "type": "Feature",
      "geometry": {
        "type": "Point",
        "coordinates": [
          5.93897,
          52.95689
        ]
      },
      "properties": {
        "title": "Junior Engineer Ondergrondse Infra Energietransitie | tot €3.900",
        "company": "Evoke B.V.",
        "location": "Heerenveen, Friesland",
        "country": "NL",
        "url": "https://www.adzuna.nl/details/5820002637?utm_medium=api&utm_source=600ef87e",
        "created": "2026-07-29T18:53:13Z",
        "salary_min": 34800,
        "salary_max": 46800,
        "matched_keyword": "GIS engineer",
        "source": "Adzuna"
      }
    },
    {
      "type": "Feature",
      "geometry": {
        "type": "Point",
        "coordinates": [
          5.93897,
          52.95689
        ]
      },
      "properties": {
        "title": "Junior Engineer Ondergrondse Infra | tot €3.200",
        "company": "Evoke B.V.",
        "location": "Heerenveen, Friesland",
        "country": "NL",
        "url": "https://www.adzuna.nl/details/5833711500?utm_medium=api&utm_source=600ef87e",
        "created": "2026-08-08T18:26:19Z",
        "salary_min": 34800,
        "salary_max": 38400,
        "matched_keyword": "GIS engineer",
        "source": "Adzuna"
      }
    },
    {
      "type": "Feature",
      "geometry": {
        "type": "Point",
        "coordinates": [
          4.446535,
          51.918609
        ]
      },
      "properties": {
        "title": "Maintenance Engineer - Dredging & Infra Asset Management",
        "company": "Van Oord",
        "location": "Rotterdam, Zuid-Holland",
        "country": "NL",
        "url": "https://www.adzuna.nl/details/5841731686?utm_medium=api&utm_source=600ef87e",
        "created": "2026-08-14T12:36:26Z",
        "salary_min": null,
        "salary_max": null,
        "matched_keyword": "GIS engineer",
        "source": "Adzuna"
      }
    },
    {
      "type": "Feature",
      "geometry": {
        "type": "Point",
        "coordinates": [
          5.99636,
          51.94507
        ]
      },
      "properties": {
        "title": "Medior Engineer Kabels",
        "company": "Alliander",
        "location": "Duiven, Gelderland",
        "country": "NL",
        "url": "https://www.adzuna.nl/details/5833605249?utm_medium=api&utm_source=600ef87e",
        "created": "2026-08-08T17:31:13Z",
        "salary_min": 56066,
        "salary_max": 80095,
        "matched_keyword": "GIS engineer",
        "source": "Adzuna"
      }
    },
    {
      "type": "Feature",
      "geometry": {
        "type": "Point",
        "coordinates": [
          5.99636,
          51.94507
        ]
      },
      "properties": {
        "title": "Medior Engineer Kabels",
        "company": "Qirion",
        "location": "Duiven, Gelderland",
        "country": "NL",
        "url": "https://www.adzuna.nl/details/5841731781?utm_medium=api&utm_source=600ef87e",
        "created": "2026-08-14T12:36:27Z",
        "salary_min": null,
        "salary_max": null,
        "matched_keyword": "GIS engineer",
        "source": "Adzuna"
      }
    },
    {
      "type": "Feature",
      "geometry": {
        "type": "Point",
        "coordinates": [
          6.23203,
          52.24513
        ]
      },
      "properties": {
        "title": "Junior Engineer Ondergrondse Infra | tot €3.200",
        "company": "Evoke B.V.",
        "location": "Deventer, Overijssel",
        "country": "NL",
        "url": "https://www.adzuna.nl/details/5833711530?utm_medium=api&utm_source=600ef87e",
        "created": "2026-08-08T18:26:19Z",
        "salary_min": 34800,
        "salary_max": 38400,
        "matched_keyword": "GIS engineer",
        "source": "Adzuna"
      }
    },
    {
      "type": "Feature",
      "geometry": {
        "type": "Point",
        "coordinates": [
          21.2453,
          52.21519
        ]
      },
      "properties": {
        "title": "Machine Learning Engineer / Data Scientist – Geospatial Data",
        "company": "SQUARE ONE RESOURCES sp. z o.o.",
        "location": "Warszawa, mazowieckie",
        "country": "PL",
        "url": "https://www.adzuna.pl/details/5890333058?utm_medium=api&utm_source=600ef87e",
        "created": "2026-09-19T10:20:55Z",
        "salary_min": null,
        "salary_max": null,
        "matched_keyword": "geospatial engineer",
        "source": "Adzuna"
      }
    },
    {
      "type": "Feature",
      "geometry": {
        "type": "Point",
        "coordinates": [
          15.439358,
          47.070503
        ]
      },
      "properties": {
        "title": "Platform Engineer - Deployment Team",
        "company": "Blackshark.ai",
        "location": "Graz, Steiermark",
        "country": "AT",
        "url": "https://www.adzuna.at/details/5904012806?utm_medium=api&utm_source=600ef87e",
        "created": "2026-09-30T17:09:10Z",
        "salary_min": null,
        "salary_max": null,
        "matched_keyword": "GIS engineer",
        "source": "Adzuna"
      }
    },
    {
      "type": "Feature",
      "geometry": {
        "type": "Point",
        "coordinates": [
          15.439358,
          47.070503
        ]
      },
      "properties": {
        "title": "Frontend Engineer - 3D Web Service",
        "company": "Blackshark.ai",
        "location": "Graz, Steiermark",
        "country": "AT",
        "url": "https://www.adzuna.at/details/5872064157?utm_medium=api&utm_source=600ef87e",
        "created": "2026-09-05T17:20:45Z",
        "salary_min": 56000,
        "salary_max": 56000,
        "matched_keyword": "GIS engineer",
        "source": "Adzuna"
      }
    },
    {
      "type": "Feature",
      "geometry": {
        "type": "Point",
        "coordinates": [
          6.6414,
          46.778692
        ]
      },
      "properties": {
        "title": "RESPONSABLE DE MANDATS DE MENSURATION OFFICIELLE",
        "company": "BR Plus Ingénieurs SA",
        "location": "Yverdon-les-Bains, Jura-Nord vaudois",
        "country": "CH",
        "url": "https://www.adzuna.ch/land/ad/5903754141?se=JM8yyQ7D8RG-4tqDU3nihA&utm_medium=api&utm_source=600ef87e&v=EF9FDDB5F666033D573023019DC53DC99B303787",
        "created": "2026-09-30T12:31:26Z",
        "salary_min": null,
        "salary_max": null,
        "matched_keyword": "ingenieur geometre",
        "source": "Adzuna"
      }
    },
    {
      "type": "Feature",
      "geometry": {
        "type": "Point",
        "coordinates": [
          6.6414,
          46.778692
        ]
      },
      "properties": {
        "title": "RESPONSABLE DE MANDATS DE MENSURATION OFFICIELLE",
        "company": "BR Plus Ingénieurs SA",
        "location": "Yverdon-les-Bains, Jura-Nord vaudois",
        "country": "CH",
        "url": "https://www.adzuna.ch/land/ad/5902701107?se=JM8yyQ7D8RG-4tqDU3nihA&utm_medium=api&utm_source=600ef87e&v=182698C0C11E75C8F6453E6B3915C5C693D408B6",
        "created": "2026-09-29T12:33:25Z",
        "salary_min": null,
        "salary_max": null,
        "matched_keyword": "ingenieur geometre",
        "source": "Adzuna"
      }
    },
    {
      "type": "Feature",
      "geometry": {
        "type": "Point",
        "coordinates": [
          6.638723,
          46.714326
        ]
      },
      "properties": {
        "title": "Responsable de mandats de mensuration officielle",
        "company": "BR Plus Ingénieurs SA",
        "location": "Essertines-sur-Yverdon, Gros-de-Vaud",
        "country": "CH",
        "url": "https://www.adzuna.ch/land/ad/5903757199?se=JM8yyQ7D8RG-4tqDU3nihA&utm_medium=api&utm_source=600ef87e&v=F0BADD93B2886F749F857B6F3BA7D479F830E6F1",
        "created": "2026-09-30T12:32:27Z",
        "salary_min": null,
        "salary_max": null,
        "matched_keyword": "ingenieur geometre",
        "source": "Adzuna"
      }
    },
    {
      "type": "Feature",
      "geometry": {
        "type": "Point",
        "coordinates": [
          6.238391,
          46.380833
        ]
      },
      "properties": {
        "title": "Responsable de projets - Assainissement et Cadastre souterrain – 60 à 100%",
        "company": "HKD GEOMATIQUE SA",
        "location": "Nyon",
        "country": "CH",
        "url": "https://www.adzuna.ch/land/ad/5895040123?se=JM8yyQ7D8RG-4tqDU3nihA&utm_medium=api&utm_source=600ef87e&v=9DED0E2C6C143E398B482099773D8B394631CD34",
        "created": "2026-09-23T12:25:57Z",
        "salary_min": null,
        "salary_max": null,
        "matched_keyword": "ingenieur geometre",
        "source": "Adzuna"
      }
    },
    {
      "type": "Feature",
      "geometry": {
        "type": "Point",
        "coordinates": [
          6.238391,
          46.380833
        ]
      },
      "properties": {
        "title": "Responsable de projets - Assainissement et Cadastre souterrain – 60 à 100%",
        "company": "HKD GEOMATIQUE SA",
        "location": "Nyon",
        "country": "CH",
        "url": "https://www.adzuna.ch/land/ad/5895044074?se=JM8yyQ7D8RG-4tqDU3nihA&utm_medium=api&utm_source=600ef87e&v=9F0BB91B437061918741C2D8BBBDB41FB44BEE82",
        "created": "2026-09-23T12:26:50Z",
        "salary_min": null,
        "salary_max": null,
        "matched_keyword": "ingenieur geometre",
        "source": "Adzuna"
      }
    },
    {
      "type": "Feature",
      "geometry": {
        "type": "Point",
        "coordinates": [
          6.675256,
          46.786168
        ]
      },
      "properties": {
        "title": "RESPONSABLE DE MANDATS DE MENSURATION OFFICIELLE",
        "company": "Job-Room",
        "location": "Cheseaux-Noréaz, Jura-Nord vaudois",
        "country": "CH",
        "url": "https://www.adzuna.ch/details/5903875073?utm_medium=api&utm_source=600ef87e",
        "created": "2026-09-30T13:49:59Z",
        "salary_min": null,
        "salary_max": null,
        "matched_keyword": "ingenieur geometre",
        "source": "Adzuna"
      }
    },
    {
      "type": "Feature",
      "geometry": {
        "type": "Point",
        "coordinates": [
          6.6414,
          46.778692
        ]
      },
      "properties": {
        "title": "RESPONSABLE DE MANDATS DE MENSURATION OFFICIELLE (80 - 100%)",
        "company": "Job-Room",
        "location": "Yverdon-les-Bains, Jura-Nord vaudois",
        "country": "CH",
        "url": "https://www.adzuna.ch/details/5905554401?utm_medium=api&utm_source=600ef87e",
        "created": "2026-10-01T13:48:20Z",
        "salary_min": null,
        "salary_max": null,
        "matched_keyword": "ingenieur geometre",
        "source": "Adzuna"
      }
    },
    {
      "type": "Feature",
      "geometry": {
        "type": "Point",
        "coordinates": [
          6.675256,
          46.786168
        ]
      },
      "properties": {
        "title": "RESPONSABLE DE MANDATS DE MENSURATION OFFICIELLE",
        "company": "Job-Room",
        "location": "Cheseaux-Noréaz, Jura-Nord vaudois",
        "country": "CH",
        "url": "https://www.adzuna.ch/details/5903876483?utm_medium=api&utm_source=600ef87e",
        "created": "2026-09-30T13:52:37Z",
        "salary_min": null,
        "salary_max": null,
        "matched_keyword": "ingenieur geometre",
        "source": "Adzuna"
      }
    },
    {
      "type": "Feature",
      "geometry": {
        "type": "Point",
        "coordinates": [
          6.831566,
          47.102916
        ]
      },
      "properties": {
        "title": "Calculateur (H/F)",
        "company": "JobSelect",
        "location": "La Chaux-de-Fonds, Neuenburg",
        "country": "CH",
        "url": "https://www.adzuna.ch/details/5910301147?utm_medium=api&utm_source=600ef87e",
        "created": "2026-10-03T18:42:00Z",
        "salary_min": null,
        "salary_max": null,
        "matched_keyword": "ingenieur geometre",
        "source": "Adzuna"
      }
    },
    {
      "type": "Feature",
      "geometry": {
        "type": "Point",
        "coordinates": [
          6.238391,
          46.380833
        ]
      },
      "properties": {
        "title": "Responsable de projets - Assainissement et Cadastre souterrain – 60 à 100%",
        "company": "HKD GEOMATIQUE SA",
        "location": "Nyon",
        "country": "CH",
        "url": "https://www.adzuna.ch/land/ad/5895040123?se=IJe9yg7D8RGSdsiqONmNKg&utm_medium=api&utm_source=600ef87e&v=9DED0E2C6C143E398B482099773D8B394631CD34",
        "created": "2026-09-23T12:25:57Z",
        "salary_min": null,
        "salary_max": null,
        "matched_keyword": "geomaticien",
        "source": "Adzuna"
      }
    },
    {
      "type": "Feature",
      "geometry": {
        "type": "Point",
        "coordinates": [
          6.238391,
          46.380833
        ]
      },
      "properties": {
        "title": "Responsable de projets - Assainissement et Cadastre souterrain – 60 à 100%",
        "company": "HKD GEOMATIQUE SA",
        "location": "Nyon",
        "country": "CH",
        "url": "https://www.adzuna.ch/land/ad/5895044074?se=IJe9yg7D8RGSdsiqONmNKg&utm_medium=api&utm_source=600ef87e&v=9F0BB91B437061918741C2D8BBBDB41FB44BEE82",
        "created": "2026-09-23T12:26:50Z",
        "salary_min": null,
        "salary_max": null,
        "matched_keyword": "geomaticien",
        "source": "Adzuna"
      }
    },
    {
      "type": "Feature",
      "geometry": {
        "type": "Point",
        "coordinates": [
          7.424194,
          46.947031
        ]
      },
      "properties": {
        "title": "ICT-System Engineer Senior (DevSecOps GIS)",
        "company": "Schweizer Armee - Kommando Cyber Kdo Cy",
        "location": "Bern, Bern-Mittelland",
        "country": "CH",
        "url": "https://www.adzuna.ch/land/ad/5907787064?se=oud7yw7D8RGmDNvs5IYFsw&utm_medium=api&utm_source=600ef87e&v=5781F8EAE181117C1577777E56DD6C066B1B75B2",
        "created": "2026-10-02T12:37:49Z",
        "salary_min": null,
        "salary_max": null,
        "matched_keyword": "GIS engineer",
        "source": "Adzuna"
      }
    },
    {
      "type": "Feature",
      "geometry": {
        "type": "Point",
        "coordinates": [
          7.424194,
          46.947031
        ]
      },
      "properties": {
        "title": "ICT-System Engineer Senior",
        "company": "Schweizer Armee - Kommando Cyber Kdo Cy",
        "location": "Bern, Bern-Mittelland",
        "country": "CH",
        "url": "https://www.adzuna.ch/land/ad/5905383118?se=oud7yw7D8RGmDNvs5IYFsw&utm_medium=api&utm_source=600ef87e&v=940C565CA981D99E8CB39BF2084AF6BCB737325A",
        "created": "2026-10-01T12:41:14Z",
        "salary_min": null,
        "salary_max": null,
        "matched_keyword": "GIS engineer",
        "source": "Adzuna"
      }
    },
    {
      "type": "Feature",
      "geometry": {
        "type": "Point",
        "coordinates": [
          7.424194,
          46.947031
        ]
      },
      "properties": {
        "title": "ICT-System Engineer Senior (DevSecOps GIS)",
        "company": "Job-Room",
        "location": "Bern, Bern-Mittelland",
        "country": "CH",
        "url": "https://www.adzuna.ch/details/5905550115?utm_medium=api&utm_source=600ef87e",
        "created": "2026-10-01T13:41:16Z",
        "salary_min": null,
        "salary_max": null,
        "matched_keyword": "GIS engineer",
        "source": "Adzuna"
      }
    },
    {
      "type": "Feature",
      "geometry": {
        "type": "Point",
        "coordinates": [
          7.424194,
          46.947031
        ]
      },
      "properties": {
        "title": "ICT-System Engineer Senior (DevSecOps GIS)",
        "company": "Job-Room",
        "location": "Bern, Bern-Mittelland",
        "country": "CH",
        "url": "https://www.adzuna.ch/details/5908062203?utm_medium=api&utm_source=600ef87e",
        "created": "2026-10-02T14:46:20Z",
        "salary_min": null,
        "salary_max": null,
        "matched_keyword": "GIS engineer",
        "source": "Adzuna"
      }
    },
    {
      "type": "Feature",
      "geometry": {
        "type": "Point",
        "coordinates": [
          7.444549,
          46.971094
        ]
      },
      "properties": {
        "title": "ICT-System Engineer Senior (DevSecOps GIS)",
        "company": "Job-Room",
        "location": "Bremgarten bei Bern, Bern-Mittelland",
        "country": "CH",
        "url": "https://www.adzuna.ch/details/5910025019?utm_medium=api&utm_source=600ef87e",
        "created": "2026-10-03T14:23:44Z",
        "salary_min": null,
        "salary_max": null,
        "matched_keyword": "GIS engineer",
        "source": "Adzuna"
      }
    },
    {
      "type": "Feature",
      "geometry": {
        "type": "Point",
        "coordinates": [
          7.444549,
          46.971094
        ]
      },
      "properties": {
        "title": "ICT-System Engineer Senior",
        "company": "Job-Room",
        "location": "Bremgarten bei Bern, Bern-Mittelland",
        "country": "CH",
        "url": "https://www.adzuna.ch/details/5905539064?utm_medium=api&utm_source=600ef87e",
        "created": "2026-10-01T13:28:25Z",
        "salary_min": null,
        "salary_max": null,
        "matched_keyword": "GIS engineer",
        "source": "Adzuna"
      }
    },
    {
      "type": "Feature",
      "geometry": {
        "type": "Point",
        "coordinates": [
          8.046741,
          47.356472
        ]
      },
      "properties": {
        "title": "Quality Engineer FAT (Factory Acceptance Test) (f/m/d)",
        "company": "GE Vernova",
        "location": "Oberentfelden, Aarau",
        "country": "CH",
        "url": "https://www.adzuna.ch/details/5904371443?utm_medium=api&utm_source=600ef87e",
        "created": "2026-10-01T03:07:29Z",
        "salary_min": null,
        "salary_max": null,
        "matched_keyword": "GIS engineer",
        "source": "Adzuna"
      }
    },
    {
      "type": "Feature",
      "geometry": {
        "type": "Point",
        "coordinates": [
          -117.182538,
          34.055569
        ]
      },
      "properties": {
        "title": "Sr. Software Development Engineer - Topographic Mapping",
        "company": "ESRI",
        "location": "Redlands, San Bernardino County",
        "country": "US",
        "url": "https://www.adzuna.com/land/ad/5914931603?se=Hg6SzA7D8RGmDNvs5IYFsw&utm_medium=api&utm_source=600ef87e&v=6CED8667451747410CB19B916E49F885BABF0C50",
        "created": "2026-10-06T22:01:36Z",
        "salary_min": 174704.67,
        "salary_max": 174704.67,
        "matched_keyword": "topographe",
        "source": "Adzuna"
      }
    },
    {
      "type": "Feature",
      "geometry": {
        "type": "Point",
        "coordinates": [
          -84.209435,
          39.757443
        ]
      },
      "properties": {
        "title": "Topographic Aerial Sensor Operator",
        "company": "Woolpert",
        "location": "Dayton, Montgomery County",
        "country": "US",
        "url": "https://www.adzuna.com/details/5887163218?utm_medium=api&utm_source=600ef87e",
        "created": "2026-09-17T00:35:40Z",
        "salary_min": 51084,
        "salary_max": 63897,
        "matched_keyword": "topographe",
        "source": "Adzuna"
      }
    },
    {
      "type": "Feature",
      "geometry": {
        "type": "Point",
        "coordinates": [
          -95.624767,
          30.20012
        ]
      },
      "properties": {
        "title": "Survey Data Technician",
        "company": "BGE, Inc",
        "location": "The Woodlands, Montgomery County",
        "country": "US",
        "url": "https://www.adzuna.com/land/ad/5917809545?se=Hg6SzA7D8RGmDNvs5IYFsw&utm_medium=api&utm_source=600ef87e&v=6E996BCFA0F33AF51010C71547D7B94CD4192EB4",
        "created": "2026-10-07T20:47:18Z",
        "salary_min": 52411.31,
        "salary_max": 52411.31,
        "matched_keyword": "topographe",
        "source": "Adzuna"
      }
    },
    {
      "type": "Feature",
      "geometry": {
        "type": "Point",
        "coordinates": [
          -82.556456,
          35.592746
        ]
      },
      "properties": {
        "title": "Surveyor",
        "company": "Starhired",
        "location": "Asheville, Buncombe County",
        "country": "US",
        "url": "https://www.adzuna.com/land/ad/5914453677?se=Hg6SzA7D8RGmDNvs5IYFsw&utm_medium=api&utm_source=600ef87e&v=89B748183024DF09691BCD7D1F0596DFB45B18CA",
        "created": "2026-10-06T20:12:12Z",
        "salary_min": 83922.2,
        "salary_max": 83922.2,
        "matched_keyword": "topographe",
        "source": "Adzuna"
      }
    },
    {
      "type": "Feature",
      "geometry": {
        "type": "Point",
        "coordinates": [
          -103.503683,
          29.682752
        ]
      },
      "properties": {
        "title": "Staff Surveyor / Land Surveyor in Training",
        "company": "Gpac",
        "location": "Brewster County, Texas",
        "country": "US",
        "url": "https://www.adzuna.com/land/ad/5916926658?se=Hg6SzA7D8RGmDNvs5IYFsw&utm_medium=api&utm_source=600ef87e&v=CB242E040F7FC331D79F486CE5A540F592972281",
        "created": "2026-10-07T07:23:08Z",
        "salary_min": 82145.16,
        "salary_max": 82145.16,
        "matched_keyword": "topographe",
        "source": "Adzuna"
      }
    },
    {
      "type": "Feature",
      "geometry": {
        "type": "Point",
        "coordinates": [
          -117.611993,
          33.426973
        ]
      },
      "properties": {
        "title": "Professional Land Surveyor",
        "company": "Luxus",
        "location": "San Clemente, Orange County",
        "country": "US",
        "url": "https://www.adzuna.com/land/ad/5915265883?se=Hg6SzA7D8RGmDNvs5IYFsw&utm_medium=api&utm_source=600ef87e&v=1E5BE86B2032497A893668FB71C80E550556A9D7",
        "created": "2026-10-06T23:33:32Z",
        "salary_min": 148898.52,
        "salary_max": 148898.52,
        "matched_keyword": "topographe",
        "source": "Adzuna"
      }
    },
    {
      "type": "Feature",
      "geometry": {
        "type": "Point",
        "coordinates": [
          -100.718953,
          46.822464
        ]
      },
      "properties": {
        "title": "Engineering Firm President",
        "company": "Apex Engineering Group",
        "location": "Bismarck, Burleigh County",
        "country": "US",
        "url": "https://www.adzuna.com/land/ad/5914709168?se=Hg6SzA7D8RGmDNvs5IYFsw&utm_medium=api&utm_source=600ef87e&v=6321C5711C0BE35643D3EBD840BC738CD307D2FA",
        "created": "2026-10-06T21:14:07Z",
        "salary_min": 79885.01,
        "salary_max": 79885.01,
        "matched_keyword": "topographe",
        "source": "Adzuna"
      }
    },
    {
      "type": "Feature",
      "geometry": {
        "type": "Point",
        "coordinates": [
          -89.471345,
          43.542438
        ]
      },
      "properties": {
        "title": "Registered Professional Land Surveyor",
        "company": "OnlyHire.Me",
        "location": "Portage, Columbia County",
        "country": "US",
        "url": "https://www.adzuna.com/land/ad/5915077040?se=Hg6SzA7D8RGmDNvs5IYFsw&utm_medium=api&utm_source=600ef87e&v=BFF58F27CADAD807345F29A1DBF2634E1A0F5A09",
        "created": "2026-10-06T22:46:10Z",
        "salary_min": 111713.46,
        "salary_max": 111713.46,
        "matched_keyword": "topographe",
        "source": "Adzuna"
      }
    },
    {
      "type": "Feature",
      "geometry": {
        "type": "Point",
        "coordinates": [
          -103.503683,
          29.682752
        ]
      },
      "properties": {
        "title": "Professional Land Surveyor",
        "company": "Gpac",
        "location": "Brewster County, Texas",
        "country": "US",
        "url": "https://www.adzuna.com/land/ad/5916926707?se=Hg6SzA7D8RGmDNvs5IYFsw&utm_medium=api&utm_source=600ef87e&v=CF25ECEBD5C04BA6AAD7917579F2AF408E3A5D47",
        "created": "2026-10-07T07:23:08Z",
        "salary_min": 78198.81,
        "salary_max": 78198.81,
        "matched_keyword": "topographe",
        "source": "Adzuna"
      }
    },
    {
      "type": "Feature",
      "geometry": {
        "type": "Point",
        "coordinates": [
          -87.899151,
          43.043978
        ]
      },
      "properties": {
        "title": "Professional Land Surveyor",
        "company": "Kapur and Associates",
        "location": "Milwaukee, Milwaukee County",
        "country": "US",
        "url": "https://www.adzuna.com/land/ad/5914429709?se=Hg6SzA7D8RGmDNvs5IYFsw&utm_medium=api&utm_source=600ef87e&v=DE427C1BE84D747F00C88476A5CBAA8383BE1766",
        "created": "2026-10-06T20:07:06Z",
        "salary_min": 100019.9,
        "salary_max": 100019.9,
        "matched_keyword": "topographe",
        "source": "Adzuna"
      }
    },
    {
      "type": "Feature",
      "geometry": {
        "type": "Point",
        "coordinates": [
          -117.182538,
          34.055569
        ]
      },
      "properties": {
        "title": "Sr. Software Development Engineer - Topographic Mapping",
        "company": "Esri",
        "location": "Redlands, San Bernardino County",
        "country": "US",
        "url": "https://www.adzuna.com/details/5783334224?utm_medium=api&utm_source=600ef87e",
        "created": "2026-07-01T05:06:56Z",
        "salary_min": 123136,
        "salary_max": 202488,
        "matched_keyword": "topographe",
        "source": "Adzuna"
      }
    },
    {
      "type": "Feature",
      "geometry": {
        "type": "Point",
        "coordinates": [
          -117.182538,
          34.055569
        ]
      },
      "properties": {
        "title": "Sr. Software Development Engineer - Topographic Mapping",
        "company": "ESRI",
        "location": "Redlands, San Bernardino County",
        "country": "US",
        "url": "https://www.adzuna.com/details/5886448155?utm_medium=api&utm_source=600ef87e",
        "created": "2026-09-16T12:49:57Z",
        "salary_min": 178528.16,
        "salary_max": 178528.16,
        "matched_keyword": "topographe",
        "source": "Adzuna"
      }
    },
    {
      "type": "Feature",
      "geometry": {
        "type": "Point",
        "coordinates": [
          -77.190884,
          39.08916
        ]
      },
      "properties": {
        "title": "Survey Field Technician I",
        "company": "SOLTESZ",
        "location": "Rockville, Montgomery County",
        "country": "US",
        "url": "https://www.adzuna.com/land/ad/5918086114?se=Hg6SzA7D8RGmDNvs5IYFsw&utm_medium=api&utm_source=600ef87e&v=3517CC2A326AB2AAB4910A978E0BDA2FA91220B7",
        "created": "2026-10-07T21:56:03Z",
        "salary_min": 40516.58,
        "salary_max": 40516.58,
        "matched_keyword": "topographe",
        "source": "Adzuna"
      }
    },
    {
      "type": "Feature",
      "geometry": {
        "type": "Point",
        "coordinates": [
          -75.64963,
          40.245374
        ]
      },
      "properties": {
        "title": "Survey Party Chief",
        "company": "Spotlock",
        "location": "Pottstown, Montgomery County",
        "country": "US",
        "url": "https://www.adzuna.com/land/ad/5915017013?se=Hg6SzA7D8RGmDNvs5IYFsw&utm_medium=api&utm_source=600ef87e&v=E3475A59B4F40C50E28CA4B423215869A3B72A37",
        "created": "2026-10-06T22:22:19Z",
        "salary_min": 79982.43,
        "salary_max": 79982.43,
        "matched_keyword": "topographe",
        "source": "Adzuna"
      }
    },
    {
      "type": "Feature",
      "geometry": {
        "type": "Point",
        "coordinates": [
          -80.256198,
          39.286479
        ]
      },
      "properties": {
        "title": "Survey/Party Crew Chief",
        "company": "MRINetwork Jobs",
        "location": "Bridgeport, Harrison County",
        "country": "US",
        "url": "https://www.adzuna.com/land/ad/5914475415?se=Hg6SzA7D8RGmDNvs5IYFsw&utm_medium=api&utm_source=600ef87e&v=E88E7F8BC1EDC6136A135FC8889048B2EBD28C38",
        "created": "2026-10-06T20:17:00Z",
        "salary_min": 76244.98,
        "salary_max": 76244.98,
        "matched_keyword": "topographe",
        "source": "Adzuna"
      }
    },
    {
      "type": "Feature",
      "geometry": {
        "type": "Point",
        "coordinates": [
          -83.410983,
          42.645278
        ]
      },
      "properties": {
        "title": "Professional Surveyor / L.S.I.T.",
        "company": "DLZ Corporation",
        "location": "Waterford, Oakland County",
        "country": "US",
        "url": "https://www.adzuna.com/land/ad/5914436135?se=Hg6SzA7D8RGmDNvs5IYFsw&utm_medium=api&utm_source=600ef87e&v=CD80B2F64BC5F4D7F76CAB9C3B6665BCF57AC45C",
        "created": "2026-10-06T20:08:47Z",
        "salary_min": 71997.61,
        "salary_max": 71997.61,
        "matched_keyword": "topographe",
        "source": "Adzuna"
      }
    },
    {
      "type": "Feature",
      "geometry": {
        "type": "Point",
        "coordinates": [
          -89.649874,
          39.799492
        ]
      },
      "properties": {
        "title": "Licensed Land Surveyor / Survey Project Manager (PLS)",
        "company": "Brighton Solutions, Inc.",
        "location": "Springfield, Sangamon County",
        "country": "US",
        "url": "https://www.adzuna.com/land/ad/5915174152?se=Hg6SzA7D8RGmDNvs5IYFsw&utm_medium=api&utm_source=600ef87e&v=1F08C88C9F859CF591055CB7A1EAA2E64C595D18",
        "created": "2026-10-06T23:03:33Z",
        "salary_min": 216772.14,
        "salary_max": 216772.14,
        "matched_keyword": "topographe",
        "source": "Adzuna"
      }
    },
    {
      "type": "Feature",
      "geometry": {
        "type": "Point",
        "coordinates": [
          -74.787939,
          39.993144
        ]
      },
      "properties": {
        "title": "Survey Project Manager (PLS Required)",
        "company": "Spotlock",
        "location": "Mount Holly, Burlington County",
        "country": "US",
        "url": "https://www.adzuna.com/land/ad/5915017556?se=Hg6SzA7D8RGmDNvs5IYFsw&utm_medium=api&utm_source=600ef87e&v=2DEEB4F1C054D77934EBB61C05C07D1AD8DED535",
        "created": "2026-10-06T22:22:22Z",
        "salary_min": 151594.1,
        "salary_max": 151594.1,
        "matched_keyword": "topographe",
        "source": "Adzuna"
      }
    },
    {
      "type": "Feature",
      "geometry": {
        "type": "Point",
        "coordinates": [
          -73.77738,
          42.75132
        ]
      },
      "properties": {
        "title": "Crew Chief",
        "company": "C.T. Male Associates",
        "location": "Latham, Albany County",
        "country": "US",
        "url": "https://www.adzuna.com/land/ad/5865159886?se=Hg6SzA7D8RGmDNvs5IYFsw&utm_medium=api&utm_source=600ef87e&v=1861E21A3DA4444D1B90DBDA95C124BA16D58B2F",
        "created": "2026-09-01T14:07:08Z",
        "salary_min": 86265.73,
        "salary_max": 86265.73,
        "matched_keyword": "topographe",
        "source": "Adzuna"
      }
    },
    {
      "type": "Feature",
      "geometry": {
        "type": "Point",
        "coordinates": [
          -88.0433,
          30.6958
        ]
      },
      "properties": {
        "title": "INSTRUMENT MAN",
        "company": "Corporate Environmental Risk",
        "location": "Mobile, Mobile County",
        "country": "US",
        "url": "https://www.adzuna.com/land/ad/5914788721?se=Hg6SzA7D8RGmDNvs5IYFsw&utm_medium=api&utm_source=600ef87e&v=827829759157197D6782E910366D0B1BE82FC8A0",
        "created": "2026-10-06T21:35:28Z",
        "salary_min": 44463.46,
        "salary_max": 44463.46,
        "matched_keyword": "topographe",
        "source": "Adzuna"
      }
    },
    {
      "type": "Feature",
      "geometry": {
        "type": "Point",
        "coordinates": [
          -94.615724,
          39.179819
        ]
      },
      "properties": {
        "title": "Survey Lead",
        "company": "NorthPoint Development LLC",
        "location": "Houston Lake, Platte County",
        "country": "US",
        "url": "https://www.adzuna.com/details/5913588360?utm_medium=api&utm_source=600ef87e",
        "created": "2026-10-06T04:36:31Z",
        "salary_min": 81894.3,
        "salary_max": 81894.3,
        "matched_keyword": "topographe",
        "source": "Adzuna"
      }
    },
    {
      "type": "Feature",
      "geometry": {
        "type": "Point",
        "coordinates": [
          -95.129382,
          30.592421
        ]
      },
      "properties": {
        "title": "Survey Crew Chief",
        "company": "Bourland Land Surveying LLC",
        "location": "Coldspring, San Jacinto County",
        "country": "US",
        "url": "https://www.adzuna.com/land/ad/5914965419?se=Hg6SzA7D8RGmDNvs5IYFsw&utm_medium=api&utm_source=600ef87e&v=D74FAE998CCD2E3C01C8F8F0C32B57BDA474A27E",
        "created": "2026-10-06T22:06:06Z",
        "salary_min": 42521.96,
        "salary_max": 42521.96,
        "matched_keyword": "topographe",
        "source": "Adzuna"
      }
    },
    {
      "type": "Feature",
      "geometry": {
        "type": "Point",
        "coordinates": [
          -89.372477,
          43.08332
        ]
      },
      "properties": {
        "title": "Survey Technician",
        "company": "Sterling Engineering Inc.",
        "location": "Madison, Dane County",
        "country": "US",
        "url": "https://www.adzuna.com/land/ad/5914475493?se=Hg6SzA7D8RGmDNvs5IYFsw&utm_medium=api&utm_source=600ef87e&v=D2DDB87DFF6B83B38CA0FDAC6C44DA7FB0FB5925",
        "created": "2026-10-06T20:17:01Z",
        "salary_min": 42523.7,
        "salary_max": 42523.7,
        "matched_keyword": "topographe",
        "source": "Adzuna"
      }
    },
    {
      "type": "Feature",
      "geometry": {
        "type": "Point",
        "coordinates": [
          -79.103708,
          36.500578
        ]
      },
      "properties": {
        "title": "Field Civil Engineer (DIRECT HIRE)",
        "company": "System One",
        "location": "Milton, Caswell County",
        "country": "US",
        "url": "https://www.adzuna.com/land/ad/5916092401?se=Hg6SzA7D8RGmDNvs5IYFsw&utm_medium=api&utm_source=600ef87e&v=DECCF033875BB2D289E640370C8A69EF944CC4B0",
        "created": "2026-10-07T02:32:51Z",
        "salary_min": 85270.21,
        "salary_max": 85270.21,
        "matched_keyword": "topographe",
        "source": "Adzuna"
      }
    },
    {
      "type": "Feature",
      "geometry": {
        "type": "Point",
        "coordinates": [
          -77.029912,
          41.279638
        ]
      },
      "properties": {
        "title": "Survey Party Chief",
        "company": "Larson Design Group",
        "location": "Williamsport, Lycoming County",
        "country": "US",
        "url": "https://www.adzuna.com/land/ad/5914959441?se=rKlJzQ7D8RGmDNvs5IYFsw&utm_medium=api&utm_source=600ef87e&v=4FC2C7272224850B45CC1CB4026384538C306C5E",
        "created": "2026-10-06T22:05:16Z",
        "salary_min": 55122.99,
        "salary_max": 55122.99,
        "matched_keyword": "topographe",
        "source": "Adzuna"
      }
    },
    {
      "type": "Feature",
      "geometry": {
        "type": "Point",
        "coordinates": [
          -77.45,
          37.56
        ]
      },
      "properties": {
        "title": "Licensed Land Surveyor (LS)",
        "company": "AMT Engineering",
        "location": "Richmond, Richmond County",
        "country": "US",
        "url": "https://www.adzuna.com/land/ad/5916957669?se=rKlJzQ7D8RGmDNvs5IYFsw&utm_medium=api&utm_source=600ef87e&v=E1BB5781E2D7875F26FA8A03F5BD312CAB9F9D50",
        "created": "2026-10-07T07:42:36Z",
        "salary_min": 103987.09,
        "salary_max": 103987.09,
        "matched_keyword": "topographe",
        "source": "Adzuna"
      }
    },
    {
      "type": "Feature",
      "geometry": {
        "type": "Point",
        "coordinates": [
          -110.918927,
          32.312638
        ]
      },
      "properties": {
        "title": "Survey Project Manager (PLS)",
        "company": "Alta E&I",
        "location": "Little Tucson, Pima County",
        "country": "US",
        "url": "https://www.adzuna.com/land/ad/5915308201?se=rKlJzQ7D8RGmDNvs5IYFsw&utm_medium=api&utm_source=600ef87e&v=845387A1786F42D76B491ABE47F39CA476AE5D95",
        "created": "2026-10-06T23:43:14Z",
        "salary_min": 105379.04,
        "salary_max": 105379.04,
        "matched_keyword": "topographe",
        "source": "Adzuna"
      }
    },
    {
      "type": "Feature",
      "geometry": {
        "type": "Point",
        "coordinates": [
          -82.090645,
          26.976171
        ]
      },
      "properties": {
        "title": "Assistant Crew Chief",
        "company": "Atwell, LLC",
        "location": "Port Charlotte, Charlotte County",
        "country": "US",
        "url": "https://www.adzuna.com/land/ad/5917136378?se=rKlJzQ7D8RGmDNvs5IYFsw&utm_medium=api&utm_source=600ef87e&v=6D1C3B639E574D116D9F7330E1F96D56CB42E0F3",
        "created": "2026-10-07T09:51:25Z",
        "salary_min": 103524.89,
        "salary_max": 103524.89,
        "matched_keyword": "topographe",
        "source": "Adzuna"
      }
    },
    {
      "type": "Feature",
      "geometry": {
        "type": "Point",
        "coordinates": [
          -122.0667,
          37.865566
        ]
      },
      "properties": {
        "title": "Survey Party Chief (Union)",
        "company": "BKF",
        "location": "Walnut Creek, Contra Costa County",
        "country": "US",
        "url": "https://www.adzuna.com/land/ad/5914822003?se=rKlJzQ7D8RGmDNvs5IYFsw&utm_medium=api&utm_source=600ef87e&v=E5045CF36377426224A0A54551D5258A8D3C4645",
        "created": "2026-10-06T21:38:32Z",
        "salary_min": 95041.2,
        "salary_max": 95041.2,
        "matched_keyword": "topographe",
        "source": "Adzuna"
      }
    },
    {
      "type": "Feature",
      "geometry": {
        "type": "Point",
        "coordinates": [
          -80.338979,
          25.76927
        ]
      },
      "properties": {
        "title": "SURVEY CADD Technician",
        "company": "C H PEREZ & ASSOCIATES CONSULTING ENGINEERS INC",
        "location": "Fountainebleau, Miami-Dade County",
        "country": "US",
        "url": "https://www.adzuna.com/land/ad/5915307731?se=rKlJzQ7D8RGmDNvs5IYFsw&utm_medium=api&utm_source=600ef87e&v=59917336BD21EA5E1912F297FFDE9238A0B46C2A",
        "created": "2026-10-06T23:43:07Z",
        "salary_min": 82980.48,
        "salary_max": 82980.48,
        "matched_keyword": "topographe",
        "source": "Adzuna"
      }
    },
    {
      "type": "Feature",
      "geometry": {
        "type": "Point",
        "coordinates": [
          -78.892044,
          35.998121
        ]
      },
      "properties": {
        "title": "SUE CAD Technician",
        "company": "McAdams",
        "location": "Durham, Durham County",
        "country": "US",
        "url": "https://www.adzuna.com/land/ad/5914435485?se=rKlJzQ7D8RGmDNvs5IYFsw&utm_medium=api&utm_source=600ef87e&v=C35C9E06877445AB0710C2817A7014D6BD00AF44",
        "created": "2026-10-06T20:08:36Z",
        "salary_min": 55034.85,
        "salary_max": 55034.85,
        "matched_keyword": "topographe",
        "source": "Adzuna"
      }
    },
    {
      "type": "Feature",
      "geometry": {
        "type": "Point",
        "coordinates": [
          -76.722108,
          38.921851
        ]
      },
      "properties": {
        "title": "Survey Crew Chief",
        "company": "Atwell, LLC",
        "location": "Mitchellville, Prince George's County",
        "country": "US",
        "url": "https://www.adzuna.com/land/ad/5914878907?se=rKlJzQ7D8RGmDNvs5IYFsw&utm_medium=api&utm_source=600ef87e&v=8D180E05E2E3CDA8ADA292F4C926517465AC5A92",
        "created": "2026-10-06T21:43:59Z",
        "salary_min": 126621.51,
        "salary_max": 126621.51,
        "matched_keyword": "topographe",
        "source": "Adzuna"
      }
    },
    {
      "type": "Feature",
      "geometry": {
        "type": "Point",
        "coordinates": [
          -73.808983,
          42.679357
        ]
      },
      "properties": {
        "title": "Party Chief",
        "company": "Langan",
        "location": "Ny State Campus, Albany County",
        "country": "US",
        "url": "https://www.adzuna.com/land/ad/5910981681?se=rKlJzQ7D8RGmDNvs5IYFsw&utm_medium=api&utm_source=600ef87e&v=EF4C9F29B9A05B9833D1CDD4F5D86384F8848CE1",
        "created": "2026-10-03T23:16:20Z",
        "salary_min": 75600.36,
        "salary_max": 75600.36,
        "matched_keyword": "topographe",
        "source": "Adzuna"
      }
    },
    {
      "type": "Feature",
      "geometry": {
        "type": "Point",
        "coordinates": [
          -73.97528,
          40.75284
        ]
      },
      "properties": {
        "title": "Party Chief",
        "company": "Langan",
        "location": "Grand Central, Manhattan",
        "country": "US",
        "url": "https://www.adzuna.com/land/ad/5910854498?se=rKlJzQ7D8RGmDNvs5IYFsw&utm_medium=api&utm_source=600ef87e&v=474689F4B686F38F1F894B523037F3C52DC3E6CC",
        "created": "2026-10-03T22:08:19Z",
        "salary_min": 94047.14,
        "salary_max": 94047.14,
        "matched_keyword": "topographe",
        "source": "Adzuna"
      }
    },
    {
      "type": "Feature",
      "geometry": {
        "type": "Point",
        "coordinates": [
          -84.873284,
          38.200906
        ]
      },
      "properties": {
        "title": "Office Surveyor/ CAD tech",
        "company": "HMB Professional Engineers",
        "location": "Frankfort, Franklin County",
        "country": "US",
        "url": "https://www.adzuna.com/land/ad/5914963967?se=rKlJzQ7D8RGmDNvs5IYFsw&utm_medium=api&utm_source=600ef87e&v=D1A825283E57B7E3050BDA6148B1239BCEE76302",
        "created": "2026-10-06T22:05:54Z",
        "salary_min": 74848.39,
        "salary_max": 74848.39,
        "matched_keyword": "topographe",
        "source": "Adzuna"
      }
    },
    {
      "type": "Feature",
      "geometry": {
        "type": "Point",
        "coordinates": [
          -118.553192,
          34.452371
        ]
      },
      "properties": {
        "title": "Survey Technician - Construction & Surveying",
        "company": "Hire Resolve.com",
        "location": "Valencia, Los Angeles County",
        "country": "US",
        "url": "https://www.adzuna.com/land/ad/5915266698?se=rKlJzQ7D8RGmDNvs5IYFsw&utm_medium=api&utm_source=600ef87e&v=B770BBC4FBFDFABB88D0348638D68F35443FCC3B",
        "created": "2026-10-06T23:33:40Z",
        "salary_min": 52567.18,
        "salary_max": 52567.18,
        "matched_keyword": "topographe",
        "source": "Adzuna"
      }
    },
    {
      "type": "Feature",
      "geometry": {
        "type": "Point",
        "coordinates": [
          -73.9108,
          41.6952
        ]
      },
      "properties": {
        "title": "Survey Crew Chief",
        "company": "Loureiro Engineering Associates, Inc.",
        "location": "Arlington, Dutchess County",
        "country": "US",
        "url": "https://www.adzuna.com/land/ad/5917118882?se=rKlJzQ7D8RGmDNvs5IYFsw&utm_medium=api&utm_source=600ef87e&v=A461DA2AF36FABB7A3F5A39DB74C6DB39FCEE290",
        "created": "2026-10-07T09:35:01Z",
        "salary_min": 65634.33,
        "salary_max": 65634.33,
        "matched_keyword": "topographe",
        "source": "Adzuna"
      }
    },
    {
      "type": "Feature",
      "geometry": {
        "type": "Point",
        "coordinates": [
          -80.846082,
          35.232678
        ]
      },
      "properties": {
        "title": "Associate Director (Relocation Assistance Available)",
        "company": "Bateman Civil Survey",
        "location": "Charlotte, Mecklenburg County",
        "country": "US",
        "url": "https://www.adzuna.com/land/ad/5915051161?se=rKlJzQ7D8RGmDNvs5IYFsw&utm_medium=api&utm_source=600ef87e&v=759DFB3976CC68F5165F3AE22CA8F3FAB63D4D92",
        "created": "2026-10-06T22:41:13Z",
        "salary_min": 97331.04,
        "salary_max": 97331.04,
        "matched_keyword": "topographe",
        "source": "Adzuna"
      }
    },
    {
      "type": "Feature",
      "geometry": {
        "type": "Point",
        "coordinates": [
          -96.727,
          43.546
        ]
      },
      "properties": {
        "title": "Software Engineer (Geospatial)",
        "company": "Anakim Consulting Inc",
        "location": "Sioux Falls, Minnehaha County",
        "country": "US",
        "url": "https://www.adzuna.com/land/ad/5914883772?se=rKlJzQ7D8RGmDNvs5IYFsw&utm_medium=api&utm_source=600ef87e&v=E24CDD3857F6A979295DE6F232F4EA8272039F56",
        "created": "2026-10-06T21:44:48Z",
        "salary_min": 123192.83,
        "salary_max": 123192.83,
        "matched_keyword": "topographe",
        "source": "Adzuna"
      }
    },
    {
      "type": "Feature",
      "geometry": {
        "type": "Point",
        "coordinates": [
          -86.253952,
          41.672404
        ]
      },
      "properties": {
        "title": "Land Survey Crew Chief",
        "company": "Abonmarche Consultants, INC",
        "location": "South Bend, St. Joseph County",
        "country": "US",
        "url": "https://www.adzuna.com/land/ad/5914962252?se=rKlJzQ7D8RGmDNvs5IYFsw&utm_medium=api&utm_source=600ef87e&v=DE2AC54207FEC57E97154BE8DA5708264F0E388B",
        "created": "2026-10-06T22:05:42Z",
        "salary_min": 48564.1,
        "salary_max": 48564.1,
        "matched_keyword": "topographe",
        "source": "Adzuna"
      }
    },
    {
      "type": "Feature",
      "geometry": {
        "type": "Point",
        "coordinates": [
          -93.269357,
          44.983654
        ]
      },
      "properties": {
        "title": "Land Surveyor",
        "company": "Design Tree",
        "location": "Minneapolis, Hennepin County",
        "country": "US",
        "url": "https://www.adzuna.com/land/ad/5914418182?se=rKlJzQ7D8RGmDNvs5IYFsw&utm_medium=api&utm_source=600ef87e&v=7ACA0D0EBD96F12CA2D9D6763273C0413840FFF1",
        "created": "2026-10-06T20:03:13Z",
        "salary_min": 71618.97,
        "salary_max": 71618.97,
        "matched_keyword": "topographe",
        "source": "Adzuna"
      }
    },
    {
      "type": "Feature",
      "geometry": {
        "type": "Point",
        "coordinates": [
          -74.60988,
          40.57427
        ]
      },
      "properties": {
        "title": "Survey CAD Technician / CAD Operator",
        "company": "Spotlock",
        "location": "Somerville, Somerset County",
        "country": "US",
        "url": "https://www.adzuna.com/land/ad/5915287842?se=rKlJzQ7D8RGmDNvs5IYFsw&utm_medium=api&utm_source=600ef87e&v=4501C85B55F37836E89C703368DC50A61DF81D66",
        "created": "2026-10-06T23:38:36Z",
        "salary_min": 55206.11,
        "salary_max": 55206.11,
        "matched_keyword": "topographe",
        "source": "Adzuna"
      }
    },
    {
      "type": "Feature",
      "geometry": {
        "type": "Point",
        "coordinates": [
          -97.329199,
          32.746598
        ]
      },
      "properties": {
        "title": "Survey Crew Chief",
        "company": "Baird, Hampton & Brown",
        "location": "Fort Worth, Tarrant County",
        "country": "US",
        "url": "https://www.adzuna.com/land/ad/5914421364?se=rKlJzQ7D8RGmDNvs5IYFsw&utm_medium=api&utm_source=600ef87e&v=36CAEC3C7D886A4A5674F12F353B6BDD1F53B791",
        "created": "2026-10-06T20:03:57Z",
        "salary_min": 53381.71,
        "salary_max": 53381.71,
        "matched_keyword": "topographe",
        "source": "Adzuna"
      }
    },
    {
      "type": "Feature",
      "geometry": {
        "type": "Point",
        "coordinates": [
          -73.639751,
          40.746806
        ]
      },
      "properties": {
        "title": "Senior Associate Licensed Land Surveyor/Project Manager",
        "company": "The LiRo Group",
        "location": "Mineola, Nassau County",
        "country": "US",
        "url": "https://www.adzuna.com/land/ad/5906859238?se=rKlJzQ7D8RGmDNvs5IYFsw&utm_medium=api&utm_source=600ef87e&v=452B3230139352AFCCCE8A435C6A6C20320998DE",
        "created": "2026-10-01T22:20:44Z",
        "salary_min": 112000,
        "salary_max": 145000,
        "matched_keyword": "topographe",
        "source": "Adzuna"
      }
    },
    {
      "type": "Feature",
      "geometry": {
        "type": "Point",
        "coordinates": [
          -94.615724,
          39.179819
        ]
      },
      "properties": {
        "title": "Survey Crew Lead – Field Surveyor",
        "company": "NorthPoint Development LLC",
        "location": "Houston Lake, Platte County",
        "country": "US",
        "url": "https://www.adzuna.com/land/ad/5917761041?se=rKlJzQ7D8RGmDNvs5IYFsw&utm_medium=api&utm_source=600ef87e&v=4CCC2375CA27898EDDF9D6260C5D6F3FF4FC85ED",
        "created": "2026-10-07T20:04:35Z",
        "salary_min": 63000,
        "salary_max": 80000,
        "matched_keyword": "topographe",
        "source": "Adzuna"
      }
    },
    {
      "type": "Feature",
      "geometry": {
        "type": "Point",
        "coordinates": [
          -74.339069,
          40.537914
        ]
      },
      "properties": {
        "title": "Licensed Land Surveyor",
        "company": "The LiRo Group",
        "location": "Fords, Middlesex County",
        "country": "US",
        "url": "https://www.adzuna.com/land/ad/5907065344?se=rKlJzQ7D8RGmDNvs5IYFsw&utm_medium=api&utm_source=600ef87e&v=DC75AF4D8786B3EEB66DA83D6531E2AC50A314E9",
        "created": "2026-10-01T23:30:38Z",
        "salary_min": 100000,
        "salary_max": 130000,
        "matched_keyword": "topographe",
        "source": "Adzuna"
      }
    },
    {
      "type": "Feature",
      "geometry": {
        "type": "Point",
        "coordinates": [
          -73.639751,
          40.746806
        ]
      },
      "properties": {
        "title": "Licensed Land Surveyor",
        "company": "The LiRo Group",
        "location": "Mineola, Nassau County",
        "country": "US",
        "url": "https://www.adzuna.com/land/ad/5906970390?se=rKlJzQ7D8RGmDNvs5IYFsw&utm_medium=api&utm_source=600ef87e&v=D1AFD04E3A1925DD89B8978FD34B28D32F47F13E",
        "created": "2026-10-01T22:57:15Z",
        "salary_min": 100000,
        "salary_max": 130000,
        "matched_keyword": "topographe",
        "source": "Adzuna"
      }
    },
    {
      "type": "Feature",
      "geometry": {
        "type": "Point",
        "coordinates": [
          -74.890999,
          39.934002
        ]
      },
      "properties": {
        "title": "Senior Survey Project Manager",
        "company": "Spotlock",
        "location": "Mount Laurel, Burlington County",
        "country": "US",
        "url": "https://www.adzuna.com/land/ad/5915052061?se=rKlJzQ7D8RGmDNvs5IYFsw&utm_medium=api&utm_source=600ef87e&v=3FD5873A022DA7A3030C879D2C24AE14700BD157",
        "created": "2026-10-06T22:41:25Z",
        "salary_min": 66670.97,
        "salary_max": 66670.97,
        "matched_keyword": "topographe",
        "source": "Adzuna"
      }
    },
    {
      "type": "Feature",
      "geometry": {
        "type": "Point",
        "coordinates": [
          -79.87471,
          36.075981
        ]
      },
      "properties": {
        "title": "Crew Chief (Surveyor)",
        "company": "ARCXIS",
        "location": "Country Park Acres, Guilford County",
        "country": "US",
        "url": "https://www.adzuna.com/land/ad/5915421425?se=rKlJzQ7D8RGmDNvs5IYFsw&utm_medium=api&utm_source=600ef87e&v=FA101194EE2093DFB9A1388F2126377F62AEB778",
        "created": "2026-10-07T00:21:11Z",
        "salary_min": 77933.18,
        "salary_max": 77933.18,
        "matched_keyword": "topographe",
        "source": "Adzuna"
      }
    },
    {
      "type": "Feature",
      "geometry": {
        "type": "Point",
        "coordinates": [
          -116.393756,
          43.593652
        ]
      },
      "properties": {
        "title": "Senior Survey Technician / Land Survey Intern",
        "company": "jub.com",
        "location": "Meridian, Ada County",
        "country": "US",
        "url": "https://www.adzuna.com/land/ad/5906455484?se=rKlJzQ7D8RGmDNvs5IYFsw&utm_medium=api&utm_source=600ef87e&v=ED47EE9138900948CD8B314B53B1E8A705C697F0",
        "created": "2026-10-01T20:11:05Z",
        "salary_min": 72000,
        "salary_max": 92000,
        "matched_keyword": "topographe",
        "source": "Adzuna"
      }
    },
    {
      "type": "Feature",
      "geometry": {
        "type": "Point",
        "coordinates": [
          -73.77738,
          42.75132
        ]
      },
      "properties": {
        "title": "Survey Technician",
        "company": "C.T. Male Associates",
        "location": "Latham, Albany County",
        "country": "US",
        "url": "https://www.adzuna.com/land/ad/5906143127?se=rKlJzQ7D8RGmDNvs5IYFsw&utm_medium=api&utm_source=600ef87e&v=6F658072458DCD1442991663B67FA3D6DCBDE5D9",
        "created": "2026-10-01T14:30:33Z",
        "salary_min": 58000,
        "salary_max": 72000,
        "matched_keyword": "topographe",
        "source": "Adzuna"
      }
    },
    {
      "type": "Feature",
      "geometry": {
        "type": "Point",
        "coordinates": [
          -75.470885,
          40.602718
        ]
      },
      "properties": {
        "title": "Survey Crew Chief",
        "company": "Keystone Consulting Engineers",
        "location": "Allentown, Lehigh County",
        "country": "US",
        "url": "https://www.adzuna.com/land/ad/5915024077?se=rKlJzQ7D8RGmDNvs5IYFsw&utm_medium=api&utm_source=600ef87e&v=01A69D91977E8948CF7FBF89A2F869EAD3F38890",
        "created": "2026-10-06T22:23:41Z",
        "salary_min": 43337.89,
        "salary_max": 43337.89,
        "matched_keyword": "topographe",
        "source": "Adzuna"
      }
    },
    {
      "type": "Feature",
      "geometry": {
        "type": "Point",
        "coordinates": [
          -73.77738,
          42.75132
        ]
      },
      "properties": {
        "title": "Survey Services Division Manager",
        "company": "C.T. Male Associates",
        "location": "Latham, Albany County",
        "country": "US",
        "url": "https://www.adzuna.com/land/ad/5906159621?se=rKlJzQ7D8RGmDNvs5IYFsw&utm_medium=api&utm_source=600ef87e&v=0A1EB2CC25817CE8F8871097B26073AF9A8B890B",
        "created": "2026-10-01T14:51:09Z",
        "salary_min": 110000,
        "salary_max": 140000,
        "matched_keyword": "topographe",
        "source": "Adzuna"
      }
    },
    {
      "type": "Feature",
      "geometry": {
        "type": "Point",
        "coordinates": [
          -116.393756,
          43.593652
        ]
      },
      "properties": {
        "title": "Professional Land Surveyor",
        "company": "jub.com",
        "location": "Meridian, Ada County",
        "country": "US",
        "url": "https://www.adzuna.com/land/ad/5906146715?se=rKlJzQ7D8RGmDNvs5IYFsw&utm_medium=api&utm_source=600ef87e&v=AB3936EB62F5C706DE0CB9FBBF333E6363AE188C",
        "created": "2026-10-01T14:33:07Z",
        "salary_min": 95000,
        "salary_max": 125000,
        "matched_keyword": "topographe",
        "source": "Adzuna"
      }
    },
    {
      "type": "Feature",
      "geometry": {
        "type": "Point",
        "coordinates": [
          -79.982005,
          32.85048
        ]
      },
      "properties": {
        "title": "Survey/CADD Technician",
        "company": "Johnson, Mirmiran & Thompson",
        "location": "North Charleston, Charleston County",
        "country": "US",
        "url": "https://www.adzuna.com/details/5918609432?utm_medium=api&utm_source=600ef87e",
        "created": "2026-10-08T03:10:46Z",
        "salary_min": 64555.23,
        "salary_max": 64555.23,
        "matched_keyword": "geometre topographe",
        "source": "Adzuna"
      }
    },
    {
      "type": "Feature",
      "geometry": {
        "type": "Point",
        "coordinates": [
          -117.75493,
          33.751486
        ]
      },
      "properties": {
        "title": "Senior Project Engineer",
        "company": "TransGrid Energy",
        "location": "Irvine, Orange County",
        "country": "US",
        "url": "https://www.adzuna.com/details/5730259730?utm_medium=api&utm_source=600ef87e",
        "created": "2026-05-15T06:37:33Z",
        "salary_min": 125000,
        "salary_max": 155000,
        "matched_keyword": "topographic surveyor",
        "source": "Adzuna"
      }
    },
    {
      "type": "Feature",
      "geometry": {
        "type": "Point",
        "coordinates": [
          -77.882534,
          34.224543
        ]
      },
      "properties": {
        "title": "Land Surveyor",
        "company": "Liberty Personnel Services, Inc",
        "location": "Wilmington, New Hanover County",
        "country": "US",
        "url": "https://www.adzuna.com/details/5794817314?utm_medium=api&utm_source=600ef87e",
        "created": "2026-07-09T19:20:53Z",
        "salary_min": 97826.48,
        "salary_max": 97826.48,
        "matched_keyword": "topographic surveyor",
        "source": "Adzuna"
      }
    },
    {
      "type": "Feature",
      "geometry": {
        "type": "Point",
        "coordinates": [
          -93.63911,
          41.58345
        ]
      },
      "properties": {
        "title": "Professional Land Surveyor",
        "company": "Olsson",
        "location": "Des Moines, Polk County",
        "country": "US",
        "url": "https://www.adzuna.com/land/ad/5796398095?se=FvCIzg7D8RGSdsiqONmNKg&utm_medium=api&utm_source=600ef87e&v=FBF85B56BA9CAAE17066A82EFE60F8D99D4CDE9C",
        "created": "2026-07-10T21:40:54Z",
        "salary_min": 77312.69,
        "salary_max": 77312.69,
        "matched_keyword": "topographic surveyor",
        "source": "Adzuna"
      }
    },
    {
      "type": "Feature",
      "geometry": {
        "type": "Point",
        "coordinates": [
          -96.676821,
          40.822932
        ]
      },
      "properties": {
        "title": "Professional Land Surveyor",
        "company": "Olsson",
        "location": "State House, Lancaster County",
        "country": "US",
        "url": "https://www.adzuna.com/land/ad/5796468905?se=FvCIzg7D8RGSdsiqONmNKg&utm_medium=api&utm_source=600ef87e&v=1F2C06C0F46458E86E8215D76952D51C0E7D9577",
        "created": "2026-07-10T22:50:20Z",
        "salary_min": 98660.43,
        "salary_max": 98660.43,
        "matched_keyword": "topographic surveyor",
        "source": "Adzuna"
      }
    },
    {
      "type": "Feature",
      "geometry": {
        "type": "Point",
        "coordinates": [
          -96.00822,
          41.25627
        ]
      },
      "properties": {
        "title": "Professional Land Surveyor",
        "company": "Olsson",
        "location": "Benson, Douglas County",
        "country": "US",
        "url": "https://www.adzuna.com/land/ad/5796468901?se=FvCIzg7D8RGSdsiqONmNKg&utm_medium=api&utm_source=600ef87e&v=C503B2AE62195A231CA0C402D5DC95F64DFD3F45",
        "created": "2026-07-10T22:50:20Z",
        "salary_min": 77741.51,
        "salary_max": 77741.51,
        "matched_keyword": "topographic surveyor",
        "source": "Adzuna"
      }
    },
    {
      "type": "Feature",
      "geometry": {
        "type": "Point",
        "coordinates": [
          -103.137977,
          32.71604
        ]
      },
      "properties": {
        "title": "Sr Engineering Technician",
        "company": "City of Hobbs",
        "location": "Oil, Lea County",
        "country": "US",
        "url": "https://www.adzuna.com/details/5726494515?utm_medium=api&utm_source=600ef87e",
        "created": "2026-05-12T00:54:32Z",
        "salary_min": 63044,
        "salary_max": 72508,
        "matched_keyword": "topographic surveyor",
        "source": "Adzuna"
      }
    },
    {
      "type": "Feature",
      "geometry": {
        "type": "Point",
        "coordinates": [
          -86.109475,
          39.775104
        ]
      },
      "properties": {
        "title": "Land Surveyor",
        "company": "Cogent Analytics",
        "location": "Indianapolis, Marion County",
        "country": "US",
        "url": "https://www.adzuna.com/details/5902425659?utm_medium=api&utm_source=600ef87e",
        "created": "2026-09-28T23:07:00Z",
        "salary_min": 75000,
        "salary_max": 95000,
        "matched_keyword": "topographic surveyor",
        "source": "Adzuna"
      }
    },
    {
      "type": "Feature",
      "geometry": {
        "type": "Point",
        "coordinates": [
          -86.285473,
          39.963173
        ]
      },
      "properties": {
        "title": "Land Surveyor",
        "company": "Cogent Analytics",
        "location": "Zionsville, Boone County",
        "country": "US",
        "url": "https://www.adzuna.com/details/5902425614?utm_medium=api&utm_source=600ef87e",
        "created": "2026-09-28T23:07:00Z",
        "salary_min": 75000,
        "salary_max": 95000,
        "matched_keyword": "topographic surveyor",
        "source": "Adzuna"
      }
    },
    {
      "type": "Feature",
      "geometry": {
        "type": "Point",
        "coordinates": [
          -93.6151,
          41.589
        ]
      },
      "properties": {
        "title": "Professional Land Surveyor",
        "company": "Olsson",
        "location": "Des Moines, Polk County",
        "country": "US",
        "url": "https://www.adzuna.com/details/5886455092?utm_medium=api&utm_source=600ef87e",
        "created": "2026-09-16T12:51:21Z",
        "salary_min": 77312.69,
        "salary_max": 77312.69,
        "matched_keyword": "topographic surveyor",
        "source": "Adzuna"
      }
    },
    {
      "type": "Feature",
      "geometry": {
        "type": "Point",
        "coordinates": [
          -86.109012,
          39.77745
        ]
      },
      "properties": {
        "title": "Surveyor Lead - Civil",
        "company": "Cogent Talent Solutions",
        "location": "Indianapolis, Marion County",
        "country": "US",
        "url": "https://www.adzuna.com/details/5839411654?utm_medium=api&utm_source=600ef87e",
        "created": "2026-08-13T00:44:10Z",
        "salary_min": 75000,
        "salary_max": 90000,
        "matched_keyword": "topographic surveyor",
        "source": "Adzuna"
      }
    },
    {
      "type": "Feature",
      "geometry": {
        "type": "Point",
        "coordinates": [
          -93.41315,
          44.92514
        ]
      },
      "properties": {
        "title": "Survey Crew Chief",
        "company": "Sambatek",
        "location": "Minnetonka Mills, Hennepin County",
        "country": "US",
        "url": "https://www.adzuna.com/details/5695358227?utm_medium=api&utm_source=600ef87e",
        "created": "2026-04-10T02:15:34Z",
        "salary_min": 72800,
        "salary_max": 97760,
        "matched_keyword": "topographic surveyor",
        "source": "Adzuna"
      }
    },
    {
      "type": "Feature",
      "geometry": {
        "type": "Point",
        "coordinates": [
          -113.791338,
          37.265502
        ]
      },
      "properties": {
        "title": "Professional Land Surveyor or Engineer",
        "company": "Kimmel and Associates",
        "location": "Saint George, Washington County",
        "country": "US",
        "url": "https://www.adzuna.com/land/ad/5904775110?se=Pi8mzw7D8RGmDNvs5IYFsw&utm_medium=api&utm_source=600ef87e&v=941C5A94BEE9CC77AB9C74498CA4BA22055646AB",
        "created": "2026-10-01T00:26:37Z",
        "salary_min": 138332.39,
        "salary_max": 138332.39,
        "matched_keyword": "land surveyor engineer",
        "source": "Adzuna"
      }
    },
    {
      "type": "Feature",
      "geometry": {
        "type": "Point",
        "coordinates": [
          -124.235031,
          43.362317
        ]
      },
      "properties": {
        "title": "Professional Land Surveyor - Engineer",
        "company": "The Dyer Partnership Engineers & Planners",
        "location": "Coos Bay, Coos County",
        "country": "US",
        "url": "https://www.adzuna.com/details/5873776537?utm_medium=api&utm_source=600ef87e",
        "created": "2026-09-07T02:11:42Z",
        "salary_min": 117571.48,
        "salary_max": 117571.48,
        "matched_keyword": "land surveyor engineer",
        "source": "Adzuna"
      }
    },
    {
      "type": "Feature",
      "geometry": {
        "type": "Point",
        "coordinates": [
          -75.64963,
          40.245374
        ]
      },
      "properties": {
        "title": "Survey CAD Technician",
        "company": "Spotlock",
        "location": "Pottstown, Montgomery County",
        "country": "US",
        "url": "https://www.adzuna.com/land/ad/5914341233?se=Pi8mzw7D8RGmDNvs5IYFsw&utm_medium=api&utm_source=600ef87e&v=B18C8A3866A6EF1378772AB7AD3CB399C349BA73",
        "created": "2026-10-06T19:16:12Z",
        "salary_min": 52369.38,
        "salary_max": 52369.38,
        "matched_keyword": "land surveyor engineer",
        "source": "Adzuna"
      }
    },
    {
      "type": "Feature",
      "geometry": {
        "type": "Point",
        "coordinates": [
          -75.043781,
          40.174276
        ]
      },
      "properties": {
        "title": "Civil Engineer Land Development remote or hybrid",
        "company": "FIORAVANTI INC CIVIL ENGINEERS AND LAND SURVEYORS",
        "location": "Southampton, Bucks County",
        "country": "US",
        "url": "https://www.adzuna.com/land/ad/5916699866?se=Pi8mzw7D8RGmDNvs5IYFsw&utm_medium=api&utm_source=600ef87e&v=E70246AAC536CBF893B4460AE515B0883EED7EEB",
        "created": "2026-10-07T05:40:00Z",
        "salary_min": 76065.38,
        "salary_max": 76065.38,
        "matched_keyword": "land surveyor engineer",
        "source": "Adzuna"
      }
    },
    {
      "type": "Feature",
      "geometry": {
        "type": "Point",
        "coordinates": [
          -103.503683,
          29.682752
        ]
      },
      "properties": {
        "title": "Staff Surveyor / Land Surveyor in Training",
        "company": "Gpac",
        "location": "Brewster County, Texas",
        "country": "US",
        "url": "https://www.adzuna.com/land/ad/5916926658?se=Pi8mzw7D8RGmDNvs5IYFsw&utm_medium=api&utm_source=600ef87e&v=CB242E040F7FC331D79F486CE5A540F592972281",
        "created": "2026-10-07T07:23:08Z",
        "salary_min": 82145.16,
        "salary_max": 82145.16,
        "matched_keyword": "land surveyor engineer",
        "source": "Adzuna"
      }
    },
    {
      "type": "Feature",
      "geometry": {
        "type": "Point",
        "coordinates": [
          -103.503683,
          29.682752
        ]
      },
      "properties": {
        "title": "Professional Land Surveyor",
        "company": "Gpac",
        "location": "Brewster County, Texas",
        "country": "US",
        "url": "https://www.adzuna.com/land/ad/5916926707?se=Pi8mzw7D8RGmDNvs5IYFsw&utm_medium=api&utm_source=600ef87e&v=CF25ECEBD5C04BA6AAD7917579F2AF408E3A5D47",
        "created": "2026-10-07T07:23:08Z",
        "salary_min": 78198.81,
        "salary_max": 78198.81,
        "matched_keyword": "land surveyor engineer",
        "source": "Adzuna"
      }
    },
    {
      "type": "Feature",
      "geometry": {
        "type": "Point",
        "coordinates": [
          -74.339069,
          40.537914
        ]
      },
      "properties": {
        "title": "Licensed Land Surveyor",
        "company": "The LiRo Group",
        "location": "Fords, Middlesex County",
        "country": "US",
        "url": "https://www.adzuna.com/land/ad/5907065344?se=Pi8mzw7D8RGmDNvs5IYFsw&utm_medium=api&utm_source=600ef87e&v=DC75AF4D8786B3EEB66DA83D6531E2AC50A314E9",
        "created": "2026-10-01T23:30:38Z",
        "salary_min": 100000,
        "salary_max": 130000,
        "matched_keyword": "land surveyor engineer",
        "source": "Adzuna"
      }
    },
    {
      "type": "Feature",
      "geometry": {
        "type": "Point",
        "coordinates": [
          -73.639751,
          40.746806
        ]
      },
      "properties": {
        "title": "Licensed Land Surveyor",
        "company": "The LiRo Group",
        "location": "Mineola, Nassau County",
        "country": "US",
        "url": "https://www.adzuna.com/land/ad/5906970390?se=Pi8mzw7D8RGmDNvs5IYFsw&utm_medium=api&utm_source=600ef87e&v=D1AFD04E3A1925DD89B8978FD34B28D32F47F13E",
        "created": "2026-10-01T22:57:15Z",
        "salary_min": 100000,
        "salary_max": 130000,
        "matched_keyword": "land surveyor engineer",
        "source": "Adzuna"
      }
    },
    {
      "type": "Feature",
      "geometry": {
        "type": "Point",
        "coordinates": [
          -86.024603,
          34.038589
        ]
      },
      "properties": {
        "title": "Civil CAD Drafter",
        "company": "JBW&T, INC.",
        "location": "Reece, Etowah County",
        "country": "US",
        "url": "https://www.adzuna.com/land/ad/5918308437?se=Pi8mzw7D8RGmDNvs5IYFsw&utm_medium=api&utm_source=600ef87e&v=EDA3F6CC849B1796278D766355F3B00DD3D6994B",
        "created": "2026-10-07T23:07:00Z",
        "salary_min": 41600,
        "salary_max": 62400,
        "matched_keyword": "land surveyor engineer",
        "source": "Adzuna"
      }
    },
    {
      "type": "Feature",
      "geometry": {
        "type": "Point",
        "coordinates": [
          -94.843862,
          39.76637
        ]
      },
      "properties": {
        "title": "CAD Technician - Civil Design",
        "company": "Snyder & Associates, Inc.",
        "location": "Saint Joseph, Buchanan County",
        "country": "US",
        "url": "https://www.adzuna.com/details/5556795370?utm_medium=api&utm_source=600ef87e",
        "created": "2025-12-26T14:38:42Z",
        "salary_min": 55745.91,
        "salary_max": 55745.91,
        "matched_keyword": "land surveyor engineer",
        "source": "Adzuna"
      }
    },
    {
      "type": "Feature",
      "geometry": {
        "type": "Point",
        "coordinates": [
          -121.956627,
          36.988006
        ]
      },
      "properties": {
        "title": "Associate Land Surveyor",
        "company": "Bowman & Williams",
        "location": "Soquel, Santa Cruz County",
        "country": "US",
        "url": "https://www.adzuna.com/land/ad/5906218608?se=Pi8mzw7D8RGmDNvs5IYFsw&utm_medium=api&utm_source=600ef87e&v=F9AF147D4E539F2A67EDAB418C764A7C97F2903E",
        "created": "2026-10-01T15:43:15Z",
        "salary_min": 85055.15,
        "salary_max": 85055.15,
        "matched_keyword": "land surveyor engineer",
        "source": "Adzuna"
      }
    },
    {
      "type": "Feature",
      "geometry": {
        "type": "Point",
        "coordinates": [
          -104.75578,
          38.85431
        ]
      },
      "properties": {
        "title": "Civil Engineer / Surveyor - Land Development",
        "company": "M&S Civil Consultants",
        "location": "Colorado Springs, El Paso County",
        "country": "US",
        "url": "https://www.adzuna.com/details/5731200103?utm_medium=api&utm_source=600ef87e",
        "created": "2026-05-16T04:12:20Z",
        "salary_min": 66571.47,
        "salary_max": 66571.47,
        "matched_keyword": "land surveyor engineer",
        "source": "Adzuna"
      }
    },
    {
      "type": "Feature",
      "geometry": {
        "type": "Point",
        "coordinates": [
          -79.902416,
          39.62058
        ]
      },
      "properties": {
        "title": "PLS Land Surveyor",
        "company": "Liberty Personnel Services, Inc",
        "location": "Dellslow, Monongalia County",
        "country": "US",
        "url": "https://www.adzuna.com/details/5829670341?utm_medium=api&utm_source=600ef87e",
        "created": "2026-08-05T19:27:35Z",
        "salary_min": 95000,
        "salary_max": 130000,
        "matched_keyword": "land surveyor engineer",
        "source": "Adzuna"
      }
    },
    {
      "type": "Feature",
      "geometry": {
        "type": "Point",
        "coordinates": [
          -76.331325,
          40.030868
        ]
      },
      "properties": {
        "title": "Land Surveyor PLS",
        "company": "Liberty Personnel Services, Inc",
        "location": "Bausman, Lancaster County",
        "country": "US",
        "url": "https://www.adzuna.com/details/5801905453?utm_medium=api&utm_source=600ef87e",
        "created": "2026-07-15T19:20:04Z",
        "salary_min": 100000,
        "salary_max": 120000,
        "matched_keyword": "land surveyor engineer",
        "source": "Adzuna"
      }
    },
    {
      "type": "Feature",
      "geometry": {
        "type": "Point",
        "coordinates": [
          -76.983036,
          39.800655
        ]
      },
      "properties": {
        "title": "Civil Designer (Land Development)",
        "company": "Alternative HR LLC",
        "location": "Hanover, York County",
        "country": "US",
        "url": "https://www.adzuna.com/land/ad/5915375778?se=Pi8mzw7D8RGmDNvs5IYFsw&utm_medium=api&utm_source=600ef87e&v=96710A9A19CA76F095BAB20493A5795822E174D7",
        "created": "2026-10-07T00:14:09Z",
        "salary_min": 55497.92,
        "salary_max": 55497.92,
        "matched_keyword": "land surveyor engineer",
        "source": "Adzuna"
      }
    },
    {
      "type": "Feature",
      "geometry": {
        "type": "Point",
        "coordinates": [
          -76.9725,
          39.8045
        ]
      },
      "properties": {
        "title": "Civil Designer (Land Development)",
        "company": "Alternative HR LLC",
        "location": "Baresville, York County",
        "country": "US",
        "url": "https://www.adzuna.com/land/ad/5915309976?se=Pi8mzw7D8RGmDNvs5IYFsw&utm_medium=api&utm_source=600ef87e&v=355097183596D65D835B0F23AF919EC44788EFAF",
        "created": "2026-10-06T23:43:51Z",
        "salary_min": 58083.83,
        "salary_max": 58083.83,
        "matched_keyword": "land surveyor engineer",
        "source": "Adzuna"
      }
    },
    {
      "type": "Feature",
      "geometry": {
        "type": "Point",
        "coordinates": [
          -75.470885,
          40.602718
        ]
      },
      "properties": {
        "title": "Survey Crew Chief",
        "company": "Keystone Consulting Engineers",
        "location": "Allentown, Lehigh County",
        "country": "US",
        "url": "https://www.adzuna.com/land/ad/5915024077?se=Pi8mzw7D8RGmDNvs5IYFsw&utm_medium=api&utm_source=600ef87e&v=01A69D91977E8948CF7FBF89A2F869EAD3F38890",
        "created": "2026-10-06T22:23:41Z",
        "salary_min": 43337.89,
        "salary_max": 43337.89,
        "matched_keyword": "land surveyor engineer",
        "source": "Adzuna"
      }
    },
    {
      "type": "Feature",
      "geometry": {
        "type": "Point",
        "coordinates": [
          -95.09846,
          29.55475
        ]
      },
      "properties": {
        "title": "General Surveyor - Dimensional Control/Land/Engineering",
        "company": "Intertek",
        "location": "Nassau Bay, Harris County",
        "country": "US",
        "url": "https://www.adzuna.com/details/5899748714?utm_medium=api&utm_source=600ef87e",
        "created": "2026-09-26T09:40:44Z",
        "salary_min": 89717.65,
        "salary_max": 89717.65,
        "matched_keyword": "land surveyor engineer",
        "source": "Adzuna"
      }
    },
    {
      "type": "Feature",
      "geometry": {
        "type": "Point",
        "coordinates": [
          -119.76192,
          39.19662
        ]
      },
      "properties": {
        "title": "Staff 1, Associate Engineer - Underfill",
        "company": "State of Nevada",
        "location": "Mound House, Carson City",
        "country": "US",
        "url": "https://www.adzuna.com/details/5862761757?utm_medium=api&utm_source=600ef87e",
        "created": "2026-08-31T00:48:36Z",
        "salary_min": 64414,
        "salary_max": 95630,
        "matched_keyword": "land surveyor engineer",
        "source": "Adzuna"
      }
    },
    {
      "type": "Feature",
      "geometry": {
        "type": "Point",
        "coordinates": [
          -90.053946,
          29.913401
        ]
      },
      "properties": {
        "title": "Engineer Intern(4050)",
        "company": "Jefferson Parish",
        "location": "Gretna, Jefferson Parish",
        "country": "US",
        "url": "https://www.adzuna.com/details/5726521387?utm_medium=api&utm_source=600ef87e",
        "created": "2026-05-12T01:39:25Z",
        "salary_min": 48786,
        "salary_max": 58543,
        "matched_keyword": "land surveyor engineer",
        "source": "Adzuna"
      }
    },
    {
      "type": "Feature",
      "geometry": {
        "type": "Point",
        "coordinates": [
          -111.942632,
          40.704637
        ]
      },
      "properties": {
        "title": "Survey Drafter",
        "company": "CMT Technical Services",
        "location": "Granger, Salt Lake County",
        "country": "US",
        "url": "https://www.adzuna.com/details/5851461195?utm_medium=api&utm_source=600ef87e",
        "created": "2026-08-21T17:54:49Z",
        "salary_min": 52000,
        "salary_max": 72800,
        "matched_keyword": "land surveyor engineer",
        "source": "Adzuna"
      }
    },
    {
      "type": "Feature",
      "geometry": {
        "type": "Point",
        "coordinates": [
          -81.877067,
          26.623549
        ]
      },
      "properties": {
        "title": "Transportation Project Engineer",
        "company": "Pape-Dawson Engineers",
        "location": "Fort Myers, Lee County",
        "country": "US",
        "url": "https://www.adzuna.com/details/5787581222?utm_medium=api&utm_source=600ef87e",
        "created": "2026-07-04T00:16:22Z",
        "salary_min": 79943.53,
        "salary_max": 79943.53,
        "matched_keyword": "land surveyor engineer",
        "source": "Adzuna"
      }
    },
    {
      "type": "Feature",
      "geometry": {
        "type": "Point",
        "coordinates": [
          -119.662901,
          39.148441
        ]
      },
      "properties": {
        "title": "Staff 1 Associate Engineer -Underfill",
        "company": "State of Nevada",
        "location": "Mound House, Carson City",
        "country": "US",
        "url": "https://www.adzuna.com/details/5816262106?utm_medium=api&utm_source=600ef87e",
        "created": "2026-07-26T02:35:54Z",
        "salary_min": 64414,
        "salary_max": 95630,
        "matched_keyword": "land surveyor engineer",
        "source": "Adzuna"
      }
    },
    {
      "type": "Feature",
      "geometry": {
        "type": "Point",
        "coordinates": [
          -119.76192,
          39.19662
        ]
      },
      "properties": {
        "title": "Staff 1, Associate Engineer",
        "company": "State of Nevada",
        "location": "Mound House, Carson City",
        "country": "US",
        "url": "https://www.adzuna.com/details/5899397757?utm_medium=api&utm_source=600ef87e",
        "created": "2026-09-26T03:38:25Z",
        "salary_min": 64414,
        "salary_max": 95630,
        "matched_keyword": "land surveyor engineer",
        "source": "Adzuna"
      }
    },
    {
      "type": "Feature",
      "geometry": {
        "type": "Point",
        "coordinates": [
          -119.76192,
          39.19662
        ]
      },
      "properties": {
        "title": "Staff 2, Associate Engineer",
        "company": "State of Nevada",
        "location": "Mound House, Carson City",
        "country": "US",
        "url": "https://www.adzuna.com/details/5862935399?utm_medium=api&utm_source=600ef87e",
        "created": "2026-08-31T08:56:12Z",
        "salary_min": 70282,
        "salary_max": 104713,
        "matched_keyword": "land surveyor engineer",
        "source": "Adzuna"
      }
    },
    {
      "type": "Feature",
      "geometry": {
        "type": "Point",
        "coordinates": [
          -119.76192,
          39.19662
        ]
      },
      "properties": {
        "title": "Staff 1, Associate Engineer",
        "company": "State of Nevada",
        "location": "Mound House, Carson City",
        "country": "US",
        "url": "https://www.adzuna.com/details/5882437454?utm_medium=api&utm_source=600ef87e",
        "created": "2026-09-13T05:08:38Z",
        "salary_min": 64414,
        "salary_max": 95630,
        "matched_keyword": "land surveyor engineer",
        "source": "Adzuna"
      }
    },
    {
      "type": "Feature",
      "geometry": {
        "type": "Point",
        "coordinates": [
          -86.780596,
          36.172489
        ]
      },
      "properties": {
        "title": "Project Engineer - Transportation",
        "company": "Pape-Dawson Engineers",
        "location": "Nashville, Davidson County",
        "country": "US",
        "url": "https://www.adzuna.com/details/5636326770?utm_medium=api&utm_source=600ef87e",
        "created": "2026-02-19T14:30:42Z",
        "salary_min": 91727.51,
        "salary_max": 91727.51,
        "matched_keyword": "land surveyor engineer",
        "source": "Adzuna"
      }
    },
    {
      "type": "Feature",
      "geometry": {
        "type": "Point",
        "coordinates": [
          -92.345779,
          34.673526
        ]
      },
      "properties": {
        "title": "Engineer - Early Career - Various Locations Statewide",
        "company": "Arkansas Department of Transportation",
        "location": "Mabelvale, Saline County",
        "country": "US",
        "url": "https://www.adzuna.com/details/5879269017?utm_medium=api&utm_source=600ef87e",
        "created": "2026-09-11T00:05:40Z",
        "salary_min": 45704.06,
        "salary_max": 45704.06,
        "matched_keyword": "land surveyor engineer",
        "source": "Adzuna"
      }
    },
    {
      "type": "Feature",
      "geometry": {
        "type": "Point",
        "coordinates": [
          -77.019023,
          38.912068
        ]
      },
      "properties": {
        "title": "Board of Professional Engineering",
        "company": "Mayor's Office of Talent and Appointments",
        "location": "Washington, Washington, D.C.",
        "country": "US",
        "url": "https://www.adzuna.com/details/5791894109?utm_medium=api&utm_source=600ef87e",
        "created": "2026-07-07T22:59:08Z",
        "salary_min": 128265.55,
        "salary_max": 128265.55,
        "matched_keyword": "land surveyor engineer",
        "source": "Adzuna"
      }
    },
    {
      "type": "Feature",
      "geometry": {
        "type": "Point",
        "coordinates": [
          -122.503327,
          37.965063
        ]
      },
      "properties": {
        "title": "Assistant/Associate Engineer",
        "company": "CPS HR Consulting",
        "location": "San Rafael, Marin County",
        "country": "US",
        "url": "https://www.adzuna.com/details/5899650443?utm_medium=api&utm_source=600ef87e",
        "created": "2026-09-26T07:28:19Z",
        "salary_min": 123192,
        "salary_max": 191580,
        "matched_keyword": "land surveyor engineer",
        "source": "Adzuna"
      }
    },
    {
      "type": "Feature",
      "geometry": {
        "type": "Point",
        "coordinates": [
          -119.76192,
          39.19662
        ]
      },
      "properties": {
        "title": "Staff 2 Associate Engineer- Carson City",
        "company": "State of Nevada",
        "location": "Mound House, Carson City",
        "country": "US",
        "url": "https://www.adzuna.com/details/5816332764?utm_medium=api&utm_source=600ef87e",
        "created": "2026-07-26T05:02:51Z",
        "salary_min": 70282,
        "salary_max": 104713,
        "matched_keyword": "land surveyor engineer",
        "source": "Adzuna"
      }
    },
    {
      "type": "Feature",
      "geometry": {
        "type": "Point",
        "coordinates": [
          -119.76192,
          39.19662
        ]
      },
      "properties": {
        "title": "Staff 2, Associate Engineer",
        "company": "State of Nevada",
        "location": "Mound House, Carson City",
        "country": "US",
        "url": "https://www.adzuna.com/details/5729004084?utm_medium=api&utm_source=600ef87e",
        "created": "2026-05-14T04:30:58Z",
        "salary_min": 70282,
        "salary_max": 104713,
        "matched_keyword": "land surveyor engineer",
        "source": "Adzuna"
      }
    },
    {
      "type": "Feature",
      "geometry": {
        "type": "Point",
        "coordinates": [
          -119.76192,
          39.19662
        ]
      },
      "properties": {
        "title": "Staff 2, Associate Engineer - Underfill",
        "company": "State of Nevada",
        "location": "Mound House, Carson City",
        "country": "US",
        "url": "https://www.adzuna.com/details/5880595364?utm_medium=api&utm_source=600ef87e",
        "created": "2026-09-12T00:05:09Z",
        "salary_min": 70282,
        "salary_max": 104713,
        "matched_keyword": "land surveyor engineer",
        "source": "Adzuna"
      }
    },
    {
      "type": "Feature",
      "geometry": {
        "type": "Point",
        "coordinates": [
          -119.76192,
          39.19662
        ]
      },
      "properties": {
        "title": "Staff 2, Associate Engineer",
        "company": "State of Nevada",
        "location": "Mound House, Carson City",
        "country": "US",
        "url": "https://www.adzuna.com/details/5726447819?utm_medium=api&utm_source=600ef87e",
        "created": "2026-05-11T23:51:20Z",
        "salary_min": 70282,
        "salary_max": 104713,
        "matched_keyword": "land surveyor engineer",
        "source": "Adzuna"
      }
    },
    {
      "type": "Feature",
      "geometry": {
        "type": "Point",
        "coordinates": [
          -119.76192,
          39.19662
        ]
      },
      "properties": {
        "title": "Staff 1 Associate Engineer- Elko",
        "company": "State of Nevada",
        "location": "Mound House, Carson City",
        "country": "US",
        "url": "https://www.adzuna.com/details/5870672543?utm_medium=api&utm_source=600ef87e",
        "created": "2026-09-04T10:27:26Z",
        "salary_min": 64414,
        "salary_max": 95630,
        "matched_keyword": "land surveyor engineer",
        "source": "Adzuna"
      }
    },
    {
      "type": "Feature",
      "geometry": {
        "type": "Point",
        "coordinates": [
          -119.76192,
          39.19662
        ]
      },
      "properties": {
        "title": "Staff 2, Associate Engineer",
        "company": "State of Nevada",
        "location": "Mound House, Carson City",
        "country": "US",
        "url": "https://www.adzuna.com/details/5861086402?utm_medium=api&utm_source=600ef87e",
        "created": "2026-08-29T09:04:01Z",
        "salary_min": 70282,
        "salary_max": 104713,
        "matched_keyword": "land surveyor engineer",
        "source": "Adzuna"
      }
    },
    {
      "type": "Feature",
      "geometry": {
        "type": "Point",
        "coordinates": [
          -81.54219,
          30.216959
        ]
      },
      "properties": {
        "title": "Land Surveyor PLS",
        "company": "Liberty Personnel Services, Inc",
        "location": "Julington Creek, St. Johns County",
        "country": "US",
        "url": "https://www.adzuna.com/details/5808546700?utm_medium=api&utm_source=600ef87e",
        "created": "2026-07-20T19:12:48Z",
        "salary_min": 100000,
        "salary_max": 130000,
        "matched_keyword": "land surveyor engineer",
        "source": "Adzuna"
      }
    },
    {
      "type": "Feature",
      "geometry": {
        "type": "Point",
        "coordinates": [
          -112.031029,
          33.50741
        ]
      },
      "properties": {
        "title": "Land Survyeor PLS",
        "company": "Liberty Personnel Services, Inc",
        "location": "Phoenix, Maricopa County",
        "country": "US",
        "url": "https://www.adzuna.com/details/5808546738?utm_medium=api&utm_source=600ef87e",
        "created": "2026-07-20T19:12:48Z",
        "salary_min": 110000,
        "salary_max": 135000,
        "matched_keyword": "land surveyor engineer",
        "source": "Adzuna"
      }
    },
    {
      "type": "Feature",
      "geometry": {
        "type": "Point",
        "coordinates": [
          -76.1512,
          43.04466
        ]
      },
      "properties": {
        "title": "Land Surveyor PLS",
        "company": "Liberty Personnel Services, Inc",
        "location": "Syracuse, Onondaga County",
        "country": "US",
        "url": "https://www.adzuna.com/details/5808546685?utm_medium=api&utm_source=600ef87e",
        "created": "2026-07-20T19:12:48Z",
        "salary_min": 100000,
        "salary_max": 130000,
        "matched_keyword": "land surveyor engineer",
        "source": "Adzuna"
      }
    },
    {
      "type": "Feature",
      "geometry": {
        "type": "Point",
        "coordinates": [
          -75.354473,
          40.445267
        ]
      },
      "properties": {
        "title": "PLS Land Surveyor",
        "company": "Liberty Personnel Services, Inc",
        "location": "Quakertown, Bucks County",
        "country": "US",
        "url": "https://www.adzuna.com/details/5889001894?utm_medium=api&utm_source=600ef87e",
        "created": "2026-09-18T05:36:18Z",
        "salary_min": 100000,
        "salary_max": 125000,
        "matched_keyword": "land surveyor engineer",
        "source": "Adzuna"
      }
    },
    {
      "type": "Feature",
      "geometry": {
        "type": "Point",
        "coordinates": [
          -119.76192,
          39.19662
        ]
      },
      "properties": {
        "title": "Staff 2, Associate Engineer - Underfill",
        "company": "State of Nevada",
        "location": "Mound House, Carson City",
        "country": "US",
        "url": "https://www.adzuna.com/details/5804646767?utm_medium=api&utm_source=600ef87e",
        "created": "2026-07-17T05:08:55Z",
        "salary_min": 70282,
        "salary_max": 104713,
        "matched_keyword": "land surveyor engineer",
        "source": "Adzuna"
      }
    },
    {
      "type": "Feature",
      "geometry": {
        "type": "Point",
        "coordinates": [
          -87.92082,
          43.14924
        ]
      },
      "properties": {
        "title": "Land Surveyor-PLS",
        "company": "Liberty Personnel Services, Inc",
        "location": "Glendale, Milwaukee County",
        "country": "US",
        "url": "https://www.adzuna.com/details/5892654361?utm_medium=api&utm_source=600ef87e",
        "created": "2026-09-21T05:32:15Z",
        "salary_min": 103754.79,
        "salary_max": 103754.79,
        "matched_keyword": "land surveyor engineer",
        "source": "Adzuna"
      }
    },
    {
      "type": "Feature",
      "geometry": {
        "type": "Point",
        "coordinates": [
          -72.555975,
          41.705638
        ]
      },
      "properties": {
        "title": "Land Surveyors/Staff Surveyors",
        "company": "Benesch",
        "location": "Glastonbury, Hartford County",
        "country": "US",
        "url": "https://www.adzuna.com/land/ad/5915262391?se=xijgzw7D8RGmDNvs5IYFsw&utm_medium=api&utm_source=600ef87e&v=FD485639650792855777ED4B5104B7B1FE8362E2",
        "created": "2026-10-06T23:33:08Z",
        "salary_min": 86923.83,
        "salary_max": 86923.83,
        "matched_keyword": "land surveyor engineer",
        "source": "Adzuna"
      }
    },
    {
      "type": "Feature",
      "geometry": {
        "type": "Point",
        "coordinates": [
          -93.506622,
          44.97413
        ]
      },
      "properties": {
        "title": "Civil EIT",
        "company": "Actalent",
        "location": "Wayzata, Hennepin County",
        "country": "US",
        "url": "https://www.adzuna.com/land/ad/5909410911?se=xijgzw7D8RGmDNvs5IYFsw&utm_medium=api&utm_source=600ef87e&v=DC97066D06F2B344A085F88FEAC041E9CA3CBE64",
        "created": "2026-10-03T00:38:35Z",
        "salary_min": 66560,
        "salary_max": 76960,
        "matched_keyword": "land surveyor engineer",
        "source": "Adzuna"
      }
    },
    {
      "type": "Feature",
      "geometry": {
        "type": "Point",
        "coordinates": [
          -116.278029,
          43.672688
        ]
      },
      "properties": {
        "title": "Licensed Land Surveyor",
        "company": "Ackerman Estvold",
        "location": "Hidden Springs, Ada County",
        "country": "US",
        "url": "https://www.adzuna.com/details/5607550808?utm_medium=api&utm_source=600ef87e",
        "created": "2026-01-31T14:01:37Z",
        "salary_min": 68000,
        "salary_max": 95000,
        "matched_keyword": "land surveyor engineer",
        "source": "Adzuna"
      }
    },
    {
      "type": "Feature",
      "geometry": {
        "type": "Point",
        "coordinates": [
          -81.873774,
          26.565854
        ]
      },
      "properties": {
        "title": "Survey Field Technician",
        "company": "Liberty Personnel Services, Inc",
        "location": "Fort Myers, Lee County",
        "country": "US",
        "url": "https://www.adzuna.com/details/5863471699?utm_medium=api&utm_source=600ef87e",
        "created": "2026-08-31T19:26:20Z",
        "salary_min": 53799.1,
        "salary_max": 53799.1,
        "matched_keyword": "land surveyor engineer",
        "source": "Adzuna"
      }
    },
    {
      "type": "Feature",
      "geometry": {
        "type": "Point",
        "coordinates": [
          -92.47294,
          31.25428
        ]
      },
      "properties": {
        "title": "Assistant City Engineer, Engineering",
        "company": "City of Alexandria, Louisiana",
        "location": "Alexandria, Rapides Parish",
        "country": "US",
        "url": "https://www.adzuna.com/land/ad/5744356962?se=xijgzw7D8RGmDNvs5IYFsw&utm_medium=api&utm_source=600ef87e&v=39F6E73266BAAA0973B0308045F6F0566A9C4D1C",
        "created": "2026-05-29T03:07:49Z",
        "salary_min": 67393,
        "salary_max": 101069,
        "matched_keyword": "land surveyor engineer",
        "source": "Adzuna"
      }
    },
    {
      "type": "Feature",
      "geometry": {
        "type": "Point",
        "coordinates": [
          -118.39674,
          33.95496
        ]
      },
      "properties": {
        "title": "QA/QC Technical Reviewer- Structural – Los Angeles, CA",
        "company": "CMTS LLC",
        "location": "Westchester, Los Angeles County",
        "country": "US",
        "url": "https://www.adzuna.com/land/ad/5900846640?se=xijgzw7D8RGmDNvs5IYFsw&utm_medium=api&utm_source=600ef87e&v=256BAF35CE8B833C758763F65C9363633AF4550A",
        "created": "2026-09-27T14:11:38Z",
        "salary_min": 196000,
        "salary_max": 208000,
        "matched_keyword": "land surveyor engineer",
        "source": "Adzuna"
      }
    },
    {
      "type": "Feature",
      "geometry": {
        "type": "Point",
        "coordinates": [
          -100.718953,
          46.822464
        ]
      },
      "properties": {
        "title": "Roadway Program Engineer 3033696",
        "company": "Dept Of Transportation",
        "location": "Bismarck, Burleigh County",
        "country": "US",
        "url": "https://www.adzuna.com/land/ad/5918734733?se=xijgzw7D8RGmDNvs5IYFsw&utm_medium=api&utm_source=600ef87e&v=95A630A28B4D0819615E2AB66C1FD47FE28B7B4E",
        "created": "2026-10-08T05:52:30Z",
        "salary_min": 88656,
        "salary_max": 88656,
        "matched_keyword": "land surveyor engineer",
        "source": "Adzuna"
      }
    },
    {
      "type": "Feature",
      "geometry": {
        "type": "Point",
        "coordinates": [
          -98.656775,
          31.709263
        ]
      },
      "properties": {
        "title": "Project Delivery Manager - Construction",
        "company": "XYZ Reality",
        "location": "Texas, US",
        "country": "US",
        "url": "https://www.adzuna.com/details/5870170699?utm_medium=api&utm_source=600ef87e",
        "created": "2026-09-04T02:37:16Z",
        "salary_min": 118784.05,
        "salary_max": 118784.05,
        "matched_keyword": "land surveyor engineer",
        "source": "Adzuna"
      }
    },
    {
      "type": "Feature",
      "geometry": {
        "type": "Point",
        "coordinates": [
          -116.393756,
          43.593652
        ]
      },
      "properties": {
        "title": "Senior Survey Technician / Land Survey Intern (LSI)",
        "company": "jub.com",
        "location": "Meridian, Ada County",
        "country": "US",
        "url": "https://www.adzuna.com/land/ad/5842726447?se=xijgzw7D8RGmDNvs5IYFsw&utm_medium=api&utm_source=600ef87e&v=3F7E12CFBF0FEFCB5EAC5DEB5AADE47A4CBAAD62",
        "created": "2026-08-15T00:27:57Z",
        "salary_min": 47522.43,
        "salary_max": 47522.43,
        "matched_keyword": "land surveyor engineer",
        "source": "Adzuna"
      }
    },
    {
      "type": "Feature",
      "geometry": {
        "type": "Point",
        "coordinates": [
          -119.256205,
          36.331375
        ]
      },
      "properties": {
        "title": "Professional Land Surveyor",
        "company": "City of Visalia",
        "location": "Farmersville, Tulare County",
        "country": "US",
        "url": "https://www.adzuna.com/details/5726506907?utm_medium=api&utm_source=600ef87e",
        "created": "2026-05-12T01:08:57Z",
        "salary_min": 122628,
        "salary_max": 154163,
        "matched_keyword": "land surveyor engineer",
        "source": "Adzuna"
      }
    },
    {
      "type": "Feature",
      "geometry": {
        "type": "Point",
        "coordinates": [
          -93.521702,
          44.957486
        ]
      },
      "properties": {
        "title": "Civil EIT",
        "company": "Actalent",
        "location": "Minnetonka Beach, Hennepin County",
        "country": "US",
        "url": "https://www.adzuna.com/land/ad/5900547681?se=xijgzw7D8RGmDNvs5IYFsw&utm_medium=api&utm_source=600ef87e&v=EDCE645269817F9A9CEDB629BF54329C118EF124",
        "created": "2026-09-27T06:52:59Z",
        "salary_min": 55847.92,
        "salary_max": 55847.92,
        "matched_keyword": "land surveyor engineer",
        "source": "Adzuna"
      }
    },
    {
      "type": "Feature",
      "geometry": {
        "type": "Point",
        "coordinates": [
          -78.69031,
          43.170613
        ]
      },
      "properties": {
        "title": "Construction Inspector",
        "company": "LaBella Associates",
        "location": "Lockport, Niagara County",
        "country": "US",
        "url": "https://www.adzuna.com/details/5879815634?utm_medium=api&utm_source=600ef87e",
        "created": "2026-09-11T10:41:27Z",
        "salary_min": 77103.72,
        "salary_max": 77103.72,
        "matched_keyword": "land surveyor engineer",
        "source": "Adzuna"
      }
    },
    {
      "type": "Feature",
      "geometry": {
        "type": "Point",
        "coordinates": [
          -81.873774,
          26.565854
        ]
      },
      "properties": {
        "title": "Land Surveyor",
        "company": "Liberty Personnel Services, Inc",
        "location": "Fort Myers, Lee County",
        "country": "US",
        "url": "https://www.adzuna.com/details/5863471748?utm_medium=api&utm_source=600ef87e",
        "created": "2026-08-31T19:26:20Z",
        "salary_min": 129529.59,
        "salary_max": 129529.59,
        "matched_keyword": "land surveyor engineer",
        "source": "Adzuna"
      }
    },
    {
      "type": "Feature",
      "geometry": {
        "type": "Point",
        "coordinates": [
          -97.744386,
          30.272921
        ]
      },
      "properties": {
        "title": "Proposal Manager",
        "company": "Hydrograph USA INC",
        "location": "Austin, Travis County",
        "country": "US",
        "url": "https://www.adzuna.com/land/ad/5914451210?se=2B3s0A7D8RG_0amnAxLpFQ&utm_medium=api&utm_source=600ef87e&v=CA438D89C74C8336E12E30CA562007E6EE6E1FC3",
        "created": "2026-10-06T20:11:35Z",
        "salary_min": 80324.95,
        "salary_max": 80324.95,
        "matched_keyword": "hydrographe",
        "source": "Adzuna"
      }
    },
    {
      "type": "Feature",
      "geometry": {
        "type": "Point",
        "coordinates": [
          -97.744386,
          30.272921
        ]
      },
      "properties": {
        "title": "Supply Chain Director",
        "company": "Hydrograph USA INC",
        "location": "Austin, Travis County",
        "country": "US",
        "url": "https://www.adzuna.com/land/ad/5915781570?se=2B3s0A7D8RG_0amnAxLpFQ&utm_medium=api&utm_source=600ef87e&v=E1AD03D8D9821324FE535F8B2F676C4FE30E69D4",
        "created": "2026-10-07T01:58:24Z",
        "salary_min": 131325.06,
        "salary_max": 131325.06,
        "matched_keyword": "hydrographe",
        "source": "Adzuna"
      }
    },
    {
      "type": "Feature",
      "geometry": {
        "type": "Point",
        "coordinates": [
          -97.744386,
          30.272921
        ]
      },
      "properties": {
        "title": "Project Manager",
        "company": "Hydrograph USA INC",
        "location": "Austin, Travis County",
        "country": "US",
        "url": "https://www.adzuna.com/land/ad/5915285502?se=2B3s0A7D8RG_0amnAxLpFQ&utm_medium=api&utm_source=600ef87e&v=4EFB8332DD8B343E3CDF898848F48A178464DB7E",
        "created": "2026-10-06T23:38:08Z",
        "salary_min": 86920.76,
        "salary_max": 86920.76,
        "matched_keyword": "hydrographe",
        "source": "Adzuna"
      }
    },
    {
      "type": "Feature",
      "geometry": {
        "type": "Point",
        "coordinates": [
          -97.865683,
          30.320233
        ]
      },
      "properties": {
        "title": "Manufacturing Technician",
        "company": "Hydrograph USA INC",
        "location": "Bee Cave, Travis County",
        "country": "US",
        "url": "https://www.adzuna.com/land/ad/5915290212?se=2B3s0A7D8RG_0amnAxLpFQ&utm_medium=api&utm_source=600ef87e&v=569A1FC0D96D22DA1A892EA179FFEDAE16F6C456",
        "created": "2026-10-06T23:39:11Z",
        "salary_min": 56549.68,
        "salary_max": 56549.68,
        "matched_keyword": "hydrographe",
        "source": "Adzuna"
      }
    },
    {
      "type": "Feature",
      "geometry": {
        "type": "Point",
        "coordinates": [
          -122.581523,
          47.54492
        ]
      },
      "properties": {
        "title": "Hydrographic Surveyor",
        "company": "Woolpert",
        "location": "Port Orchard, Kitsap County",
        "country": "US",
        "url": "https://www.adzuna.com/details/5913600045?utm_medium=api&utm_source=600ef87e",
        "created": "2026-10-06T05:01:04Z",
        "salary_min": 65800,
        "salary_max": 82300,
        "matched_keyword": "hydrographe",
        "source": "Adzuna"
      }
    },
    {
      "type": "Feature",
      "geometry": {
        "type": "Point",
        "coordinates": [
          -97.744386,
          30.272921
        ]
      },
      "properties": {
        "title": "Laboratory Technician",
        "company": "Hydrograph USA INC",
        "location": "Austin, Travis County",
        "country": "US",
        "url": "https://www.adzuna.com/land/ad/5915518168?se=2B3s0A7D8RG_0amnAxLpFQ&utm_medium=api&utm_source=600ef87e&v=CC2931AF12D4A10473184CAB6D598AA1A2AB1E6D",
        "created": "2026-10-07T01:00:35Z",
        "salary_min": 49565.88,
        "salary_max": 49565.88,
        "matched_keyword": "hydrographe",
        "source": "Adzuna"
      }
    },
    {
      "type": "Feature",
      "geometry": {
        "type": "Point",
        "coordinates": [
          -87.21,
          30.456
        ]
      },
      "properties": {
        "title": "Survey CAD Technician",
        "company": "Donovan-Hill Group, Inc.",
        "location": "East Pensacola Heights, Pensacola",
        "country": "US",
        "url": "https://www.adzuna.com/land/ad/5914932349?se=2B3s0A7D8RG_0amnAxLpFQ&utm_medium=api&utm_source=600ef87e&v=892F4F3F156040E9F29456087BA7C57DA20DBB12",
        "created": "2026-10-06T22:01:42Z",
        "salary_min": 59580.62,
        "salary_max": 59580.62,
        "matched_keyword": "hydrographe",
        "source": "Adzuna"
      }
    },
    {
      "type": "Feature",
      "geometry": {
        "type": "Point",
        "coordinates": [
          -87.219718,
          30.420699
        ]
      },
      "properties": {
        "title": "Hydrographic Technician II",
        "company": "McKim and Creed",
        "location": "Pensacola, Escambia County",
        "country": "US",
        "url": "https://www.adzuna.com/details/5608843502?utm_medium=api&utm_source=600ef87e",
        "created": "2026-02-01T11:40:27Z",
        "salary_min": 91938.57,
        "salary_max": 91938.57,
        "matched_keyword": "hydrographe",
        "source": "Adzuna"
      }
    },
    {
      "type": "Feature",
      "geometry": {
        "type": "Point",
        "coordinates": [
          -89.372477,
          43.08332
        ]
      },
      "properties": {
        "title": "Civil Engineering Intern-Waterfront Infrastructure (Summer 2027)",
        "company": "Foth",
        "location": "Madison, Dane County",
        "country": "US",
        "url": "https://www.adzuna.com/land/ad/5915372113?se=2B3s0A7D8RG_0amnAxLpFQ&utm_medium=api&utm_source=600ef87e&v=805746EA57E8463FBBF86A47E29401ED7287B98C",
        "created": "2026-10-07T00:13:33Z",
        "salary_min": 42036.02,
        "salary_max": 42036.02,
        "matched_keyword": "hydrographe",
        "source": "Adzuna"
      }
    },
    {
      "type": "Feature",
      "geometry": {
        "type": "Point",
        "coordinates": [
          -74.890999,
          39.934002
        ]
      },
      "properties": {
        "title": "Senior Survey Project Manager",
        "company": "Spotlock",
        "location": "Mount Laurel, Burlington County",
        "country": "US",
        "url": "https://www.adzuna.com/land/ad/5915052061?se=2B3s0A7D8RG_0amnAxLpFQ&utm_medium=api&utm_source=600ef87e&v=3FD5873A022DA7A3030C879D2C24AE14700BD157",
        "created": "2026-10-06T22:41:25Z",
        "salary_min": 66670.97,
        "salary_max": 66670.97,
        "matched_keyword": "hydrographe",
        "source": "Adzuna"
      }
    },
    {
      "type": "Feature",
      "geometry": {
        "type": "Point",
        "coordinates": [
          -149.439333,
          61.581631
        ]
      },
      "properties": {
        "title": "Hydrographic Surveyor (Wasilla, AK) - Expression of Interest",
        "company": "Woolpert",
        "location": "Wasilla, Matanuska-Susitna",
        "country": "US",
        "url": "https://www.adzuna.com/details/5913600861?utm_medium=api&utm_source=600ef87e",
        "created": "2026-10-06T05:03:05Z",
        "salary_min": 59200,
        "salary_max": 59200,
        "matched_keyword": "hydrographe",
        "source": "Adzuna"
      }
    },
    {
      "type": "Feature",
      "geometry": {
        "type": "Point",
        "coordinates": [
          -75.510004,
          35.336764
        ]
      },
      "properties": {
        "title": "Site Engineer Technician Summer Intern",
        "company": "Great Lakes Dredge & Dock",
        "location": "Avon, Dare County",
        "country": "US",
        "url": "https://www.adzuna.com/land/ad/5918084655?se=2B3s0A7D8RG_0amnAxLpFQ&utm_medium=api&utm_source=600ef87e&v=2D0C1AAE30D11ADE96BEC88F06C2309882A6C0A1",
        "created": "2026-10-07T21:55:52Z",
        "salary_min": 34800.86,
        "salary_max": 34800.86,
        "matched_keyword": "hydrographe",
        "source": "Adzuna"
      }
    },
    {
      "type": "Feature",
      "geometry": {
        "type": "Point",
        "coordinates": [
          -98.522671,
          29.46357
        ]
      },
      "properties": {
        "title": "Site Engineer Technician Summer Intern",
        "company": "Great Lakes Dredge & Dock",
        "location": "San Antonio, Bexar County",
        "country": "US",
        "url": "https://www.adzuna.com/land/ad/5918085801?se=2B3s0A7D8RG_0amnAxLpFQ&utm_medium=api&utm_source=600ef87e&v=48AD2C1AED4E301901055A568E87054681F5D8B2",
        "created": "2026-10-07T21:56:02Z",
        "salary_min": 32858.61,
        "salary_max": 32858.61,
        "matched_keyword": "hydrographe",
        "source": "Adzuna"
      }
    },
    {
      "type": "Feature",
      "geometry": {
        "type": "Point",
        "coordinates": [
          -74.617769,
          40.288232
        ]
      },
      "properties": {
        "title": "Site Engineer Technician Summer Intern",
        "company": "Great Lakes Dredge & Dock",
        "location": "New Jersey, US",
        "country": "US",
        "url": "https://www.adzuna.com/land/ad/5917807655?se=2B3s0A7D8RG_0amnAxLpFQ&utm_medium=api&utm_source=600ef87e&v=894196C9BA84F0E71BEA8AFEE9394F4DBB2BA050",
        "created": "2026-10-07T20:46:43Z",
        "salary_min": 37994.86,
        "salary_max": 37994.86,
        "matched_keyword": "hydrographe",
        "source": "Adzuna"
      }
    },
    {
      "type": "Feature",
      "geometry": {
        "type": "Point",
        "coordinates": [
          -78.510684,
          37.556671
        ]
      },
      "properties": {
        "title": "Site Engineer Technician Summer Intern",
        "company": "Great Lakes Dredge & Dock",
        "location": "Virginia, US",
        "country": "US",
        "url": "https://www.adzuna.com/land/ad/5917948684?se=2B3s0A7D8RG_0amnAxLpFQ&utm_medium=api&utm_source=600ef87e&v=2BDFFAE083F2FB9F936F95BDD031CD07A2D2EF5B",
        "created": "2026-10-07T21:30:13Z",
        "salary_min": 34839.45,
        "salary_max": 34839.45,
        "matched_keyword": "hydrographe",
        "source": "Adzuna"
      }
    },
    {
      "type": "Feature",
      "geometry": {
        "type": "Point",
        "coordinates": [
          -91.799763,
          31.084157
        ]
      },
      "properties": {
        "title": "Site Engineer Technician Summer Intern",
        "company": "Great Lakes Dredge & Dock",
        "location": "Louisiana, US",
        "country": "US",
        "url": "https://www.adzuna.com/land/ad/5917926049?se=2B3s0A7D8RG_0amnAxLpFQ&utm_medium=api&utm_source=600ef87e&v=4C5499F411E4AF27000DB4FBB5E978FBC1A306FC",
        "created": "2026-10-07T21:17:47Z",
        "salary_min": 33375.93,
        "salary_max": 33375.93,
        "matched_keyword": "hydrographe",
        "source": "Adzuna"
      }
    },
    {
      "type": "Feature",
      "geometry": {
        "type": "Point",
        "coordinates": [
          -83.574124,
          32.814593
        ]
      },
      "properties": {
        "title": "Site Engineer Technician Summer Intern",
        "company": "Great Lakes Dredge & Dock",
        "location": "Georgia, US",
        "country": "US",
        "url": "https://www.adzuna.com/land/ad/5917927072?se=2B3s0A7D8RG_0amnAxLpFQ&utm_medium=api&utm_source=600ef87e&v=528FD696688648B744E8737C96C59E51D8A60DAD",
        "created": "2026-10-07T21:18:09Z",
        "salary_min": 33719.35,
        "salary_max": 33719.35,
        "matched_keyword": "hydrographe",
        "source": "Adzuna"
      }
    },
    {
      "type": "Feature",
      "geometry": {
        "type": "Point",
        "coordinates": [
          -97.208584,
          26.073412
        ]
      },
      "properties": {
        "title": "Site Engineer Technician Summer Intern",
        "company": "Great Lakes Dredge & Dock",
        "location": "Port Isabel, Cameron County",
        "country": "US",
        "url": "https://www.adzuna.com/land/ad/5917927025?se=2B3s0A7D8RG_0amnAxLpFQ&utm_medium=api&utm_source=600ef87e&v=4950AE124376DF760FA2DF0FE9924F85BDFEAC07",
        "created": "2026-10-07T21:18:08Z",
        "salary_min": 35058.83,
        "salary_max": 35058.83,
        "matched_keyword": "hydrographe",
        "source": "Adzuna"
      }
    },
    {
      "type": "Feature",
      "geometry": {
        "type": "Point",
        "coordinates": [
          -66.567142,
          18.362063
        ]
      },
      "properties": {
        "title": "Site Engineer Technician Summer Intern",
        "company": "Great Lakes Dredge & Dock",
        "location": "Florida",
        "country": "US",
        "url": "https://www.adzuna.com/land/ad/5918065180?se=2B3s0A7D8RG_0amnAxLpFQ&utm_medium=api&utm_source=600ef87e&v=4D3FD1942E991750111DEF5CAC78236216FFC697",
        "created": "2026-10-07T21:50:18Z",
        "salary_min": 35719.97,
        "salary_max": 35719.97,
        "matched_keyword": "hydrographe",
        "source": "Adzuna"
      }
    },
    {
      "type": "Feature",
      "geometry": {
        "type": "Point",
        "coordinates": [
          -89.518148,
          37.305884
        ]
      },
      "properties": {
        "title": "Site Engineer Technician Summer Intern",
        "company": "Great Lakes Dredge & Dock",
        "location": "Cape Girardeau, Cape Girardeau County",
        "country": "US",
        "url": "https://www.adzuna.com/land/ad/5917926562?se=2B3s0A7D8RG_0amnAxLpFQ&utm_medium=api&utm_source=600ef87e&v=E7B4CAB114E06ACAC94E7849A7FB90D3C3376062",
        "created": "2026-10-07T21:17:57Z",
        "salary_min": 34725.84,
        "salary_max": 34725.84,
        "matched_keyword": "hydrographe",
        "source": "Adzuna"
      }
    },
    {
      "type": "Feature",
      "geometry": {
        "type": "Point",
        "coordinates": [
          -97.744386,
          30.272921
        ]
      },
      "properties": {
        "title": "Process Engineer",
        "company": "Hydrograph USA INC",
        "location": "Austin, Travis County",
        "country": "US",
        "url": "https://www.adzuna.com/land/ad/5914184680?se=2B3s0A7D8RG_0amnAxLpFQ&utm_medium=api&utm_source=600ef87e&v=95229DF58647A527B5564BDAC280478F80E2F9BB",
        "created": "2026-10-06T13:39:09Z",
        "salary_min": 65121.07,
        "salary_max": 65121.07,
        "matched_keyword": "hydrographe",
        "source": "Adzuna"
      }
    },
    {
      "type": "Feature",
      "geometry": {
        "type": "Point",
        "coordinates": [
          -80.846082,
          35.232678
        ]
      },
      "properties": {
        "title": "Water Resource Project Manager (PE)",
        "company": "Metric Geo",
        "location": "Charlotte, Mecklenburg County",
        "country": "US",
        "url": "https://www.adzuna.com/land/ad/5914027445?se=2B3s0A7D8RG_0amnAxLpFQ&utm_medium=api&utm_source=600ef87e&v=01A1C44F35C2E8BF2D3B387AD805BF3A74B563C5",
        "created": "2026-10-06T12:25:43Z",
        "salary_min": 124217.79,
        "salary_max": 124217.79,
        "matched_keyword": "hydrographe",
        "source": "Adzuna"
      }
    },
    {
      "type": "Feature",
      "geometry": {
        "type": "Point",
        "coordinates": [
          -97.749258,
          30.18793
        ]
      },
      "properties": {
        "title": "Business Development Manager- Govt. & Defense",
        "company": "Hydrograph USA",
        "location": "Bluff Springs, Travis County",
        "country": "US",
        "url": "https://www.adzuna.com/details/5891793083?utm_medium=api&utm_source=600ef87e",
        "created": "2026-09-20T10:17:05Z",
        "salary_min": 126714.16,
        "salary_max": 126714.16,
        "matched_keyword": "hydrographe",
        "source": "Adzuna"
      }
    },
    {
      "type": "Feature",
      "geometry": {
        "type": "Point",
        "coordinates": [
          -97.749258,
          30.18793
        ]
      },
      "properties": {
        "title": "Applications Engineering Manager- Defense & Government",
        "company": "Hydrograph USA",
        "location": "Bluff Springs, Travis County",
        "country": "US",
        "url": "https://www.adzuna.com/details/5882231748?utm_medium=api&utm_source=600ef87e",
        "created": "2026-09-13T01:03:18Z",
        "salary_min": 139990.92,
        "salary_max": 139990.92,
        "matched_keyword": "hydrographe",
        "source": "Adzuna"
      }
    },
    {
      "type": "Feature",
      "geometry": {
        "type": "Point",
        "coordinates": [
          -88.0197,
          44.5191
        ]
      },
      "properties": {
        "title": "Civil Engineering Intern-Waterfront Infrastructure (Summer 2027)",
        "company": "The Foth Companies",
        "location": "Hansen Road, Brown County",
        "country": "US",
        "url": "https://www.adzuna.com/land/ad/5871815054?se=8Akt0g7D8RGmDNvs5IYFsw&utm_medium=api&utm_source=600ef87e&v=636CD87132AE7298029FDE160E5B9FC2A7127B86",
        "created": "2026-09-05T06:44:24Z",
        "salary_min": 45234.53,
        "salary_max": 45234.53,
        "matched_keyword": "hydrographe",
        "source": "Adzuna"
      }
    },
    {
      "type": "Feature",
      "geometry": {
        "type": "Point",
        "coordinates": [
          -89.3816,
          43.07611
        ]
      },
      "properties": {
        "title": "Civil Engineering Intern-Waterfront Infrastructure (Summer 2027)",
        "company": "The Foth Companies",
        "location": "Madison, Dane County",
        "country": "US",
        "url": "https://www.adzuna.com/land/ad/5871815050?se=8Akt0g7D8RGmDNvs5IYFsw&utm_medium=api&utm_source=600ef87e&v=7E5039C93921AC2E804F12B4FDC8FACFC214D544",
        "created": "2026-09-05T06:44:24Z",
        "salary_min": 45277,
        "salary_max": 45277,
        "matched_keyword": "hydrographe",
        "source": "Adzuna"
      }
    },
    {
      "type": "Feature",
      "geometry": {
        "type": "Point",
        "coordinates": [
          -97.749258,
          30.18793
        ]
      },
      "properties": {
        "title": "Proposal Manager",
        "company": "Hydrograph USA",
        "location": "Bluff Springs, Travis County",
        "country": "US",
        "url": "https://www.adzuna.com/details/5891795236?utm_medium=api&utm_source=600ef87e",
        "created": "2026-09-20T10:21:34Z",
        "salary_min": 98075.62,
        "salary_max": 98075.62,
        "matched_keyword": "hydrographe",
        "source": "Adzuna"
      }
    },
    {
      "type": "Feature",
      "geometry": {
        "type": "Point",
        "coordinates": [
          -70.755778,
          41.706081
        ]
      },
      "properties": {
        "title": "Civil Engineering Intern-Coastal Infrastructure (Summer 2027)",
        "company": "The Foth Companies",
        "location": "Marion, Plymouth County",
        "country": "US",
        "url": "https://www.adzuna.com/land/ad/5893863623?se=8Akt0g7D8RGmDNvs5IYFsw&utm_medium=api&utm_source=600ef87e&v=913E25D4D4AC4089E1EAF590F966D9BE9FBCAA2C",
        "created": "2026-09-22T06:54:14Z",
        "salary_min": 64388.42,
        "salary_max": 64388.42,
        "matched_keyword": "hydrographe",
        "source": "Adzuna"
      }
    },
    {
      "type": "Feature",
      "geometry": {
        "type": "Point",
        "coordinates": [
          -71.324119,
          41.517157
        ]
      },
      "properties": {
        "title": "Civil Engineering Intern-Coastal Infrastructure (Summer 2027)",
        "company": "The Foth Companies",
        "location": "Newport, Newport County",
        "country": "US",
        "url": "https://www.adzuna.com/land/ad/5894742482?se=8Akt0g7D8RGmDNvs5IYFsw&utm_medium=api&utm_source=600ef87e&v=0D06F1270C301D75AC1AD7C68B9659DBE36E09B4",
        "created": "2026-09-23T00:09:10Z",
        "salary_min": 60996.33,
        "salary_max": 60996.33,
        "matched_keyword": "hydrographe",
        "source": "Adzuna"
      }
    },
    {
      "type": "Feature",
      "geometry": {
        "type": "Point",
        "coordinates": [
          -121.93658,
          42.325358
        ]
      },
      "properties": {
        "title": "Lead Engineer - Civil",
        "company": "ZCS Engineering & Architecture",
        "location": "Klamath Falls, Klamath County",
        "country": "US",
        "url": "https://www.adzuna.com/land/ad/5913442061?se=8Akt0g7D8RGmDNvs5IYFsw&utm_medium=api&utm_source=600ef87e&v=91552BE0559328445868213E90F63DE0B9E1358D",
        "created": "2026-10-06T01:36:18Z",
        "salary_min": 68173.18,
        "salary_max": 68173.18,
        "matched_keyword": "hydrographe",
        "source": "Adzuna"
      }
    },
    {
      "type": "Feature",
      "geometry": {
        "type": "Point",
        "coordinates": [
          -97.749258,
          30.18793
        ]
      },
      "properties": {
        "title": "Accountant",
        "company": "Hydrograph USA",
        "location": "Bluff Springs, Travis County",
        "country": "US",
        "url": "https://www.adzuna.com/details/5891780191?utm_medium=api&utm_source=600ef87e",
        "created": "2026-09-20T09:32:46Z",
        "salary_min": 76594.59,
        "salary_max": 76594.59,
        "matched_keyword": "hydrographe",
        "source": "Adzuna"
      }
    },
    {
      "type": "Feature",
      "geometry": {
        "type": "Point",
        "coordinates": [
          -84.388372,
          33.755711
        ]
      },
      "properties": {
        "title": "Project Surveyor-Atlanta, GA",
        "company": "Accura Engineering",
        "location": "Atlanta, Fulton County",
        "country": "US",
        "url": "https://www.adzuna.com/details/5727839149?utm_medium=api&utm_source=600ef87e",
        "created": "2026-05-13T03:55:40Z",
        "salary_min": 38609.42,
        "salary_max": 38609.42,
        "matched_keyword": "hydrographe",
        "source": "Adzuna"
      }
    },
    {
      "type": "Feature",
      "geometry": {
        "type": "Point",
        "coordinates": [
          -85.306528,
          35.045799
        ]
      },
      "properties": {
        "title": "Project Surveyor",
        "company": "Accura Engineering",
        "location": "Chattanooga, Hamilton County",
        "country": "US",
        "url": "https://www.adzuna.com/details/5806899716?utm_medium=api&utm_source=600ef87e",
        "created": "2026-07-19T01:08:45Z",
        "salary_min": 58893.45,
        "salary_max": 58893.45,
        "matched_keyword": "hydrographe",
        "source": "Adzuna"
      }
    },
    {
      "type": "Feature",
      "geometry": {
        "type": "Point",
        "coordinates": [
          -81.036821,
          33.987339
        ]
      },
      "properties": {
        "title": "Project Surveyor",
        "company": "Accura Engineering",
        "location": "Columbia, Richland County",
        "country": "US",
        "url": "https://www.adzuna.com/details/5806925859?utm_medium=api&utm_source=600ef87e",
        "created": "2026-07-19T02:39:36Z",
        "salary_min": 54543.48,
        "salary_max": 54543.48,
        "matched_keyword": "hydrographe",
        "source": "Adzuna"
      }
    },
    {
      "type": "Feature",
      "geometry": {
        "type": "Point",
        "coordinates": [
          -80.846082,
          35.232678
        ]
      },
      "properties": {
        "title": "Project Surveyor",
        "company": "Accura Engineering",
        "location": "Charlotte, Mecklenburg County",
        "country": "US",
        "url": "https://www.adzuna.com/details/5806930411?utm_medium=api&utm_source=600ef87e",
        "created": "2026-07-19T02:52:39Z",
        "salary_min": 53760.53,
        "salary_max": 53760.53,
        "matched_keyword": "hydrographe",
        "source": "Adzuna"
      }
    },
    {
      "type": "Feature",
      "geometry": {
        "type": "Point",
        "coordinates": [
          -84.388372,
          33.755711
        ]
      },
      "properties": {
        "title": "Project Surveyor",
        "company": "Accura Engineering",
        "location": "Atlanta, Fulton County",
        "country": "US",
        "url": "https://www.adzuna.com/details/5806998878?utm_medium=api&utm_source=600ef87e",
        "created": "2026-07-19T05:07:32Z",
        "salary_min": 54023.88,
        "salary_max": 54023.88,
        "matched_keyword": "hydrographe",
        "source": "Adzuna"
      }
    },
    {
      "type": "Feature",
      "geometry": {
        "type": "Point",
        "coordinates": [
          -86.780596,
          36.172489
        ]
      },
      "properties": {
        "title": "Project Surveyor",
        "company": "Accura Engineering",
        "location": "Nashville, Davidson County",
        "country": "US",
        "url": "https://www.adzuna.com/details/5806934970?utm_medium=api&utm_source=600ef87e",
        "created": "2026-07-19T03:12:54Z",
        "salary_min": 56774.75,
        "salary_max": 56774.75,
        "matched_keyword": "hydrographe",
        "source": "Adzuna"
      }
    },
    {
      "type": "Feature",
      "geometry": {
        "type": "Point",
        "coordinates": [
          -86.8,
          33.52
        ]
      },
      "properties": {
        "title": "Project Surveyor",
        "company": "Accura Engineering",
        "location": "Birmingham, Jefferson County",
        "country": "US",
        "url": "https://www.adzuna.com/details/5806766267?utm_medium=api&utm_source=600ef87e",
        "created": "2026-07-18T23:46:48Z",
        "salary_min": 53399.63,
        "salary_max": 53399.63,
        "matched_keyword": "hydrographe",
        "source": "Adzuna"
      }
    },
    {
      "type": "Feature",
      "geometry": {
        "type": "Point",
        "coordinates": [
          -83.919508,
          35.960508
        ]
      },
      "properties": {
        "title": "Project Surveyor",
        "company": "Accura Engineering",
        "location": "Knoxville, Knox County",
        "country": "US",
        "url": "https://www.adzuna.com/details/5806985013?utm_medium=api&utm_source=600ef87e",
        "created": "2026-07-19T04:44:10Z",
        "salary_min": 55315.1,
        "salary_max": 55315.1,
        "matched_keyword": "hydrographe",
        "source": "Adzuna"
      }
    },
    {
      "type": "Feature",
      "geometry": {
        "type": "Point",
        "coordinates": [
          -97.749258,
          30.18793
        ]
      },
      "properties": {
        "title": "Advanced Manufacturing Technician",
        "company": "Hydrograph USA",
        "location": "Bluff Springs, Travis County",
        "country": "US",
        "url": "https://www.adzuna.com/details/5890663841?utm_medium=api&utm_source=600ef87e",
        "created": "2026-09-19T09:47:46Z",
        "salary_min": 71088.27,
        "salary_max": 71088.27,
        "matched_keyword": "hydrographe",
        "source": "Adzuna"
      }
    },
    {
      "type": "Feature",
      "geometry": {
        "type": "Point",
        "coordinates": [
          -122.606758,
          45.357343
        ]
      },
      "properties": {
        "title": "Lead Engineer - Civil",
        "company": "ZCS Engineering & Architecture",
        "location": "Oregon City, Clackamas County",
        "country": "US",
        "url": "https://www.adzuna.com/land/ad/5909505698?se=8Akt0g7D8RGmDNvs5IYFsw&utm_medium=api&utm_source=600ef87e&v=D527437EE1A6F3E1C75DD9BDB2EF2DBD2B8AE8E5",
        "created": "2026-10-03T01:25:13Z",
        "salary_min": 65040.88,
        "salary_max": 65040.88,
        "matched_keyword": "hydrographe",
        "source": "Adzuna"
      }
    },
    {
      "type": "Feature",
      "geometry": {
        "type": "Point",
        "coordinates": [
          -97.749258,
          30.18793
        ]
      },
      "properties": {
        "title": "Manufacturing Technician",
        "company": "Hydrograph USA",
        "location": "Bluff Springs, Travis County",
        "country": "US",
        "url": "https://www.adzuna.com/details/5830155134?utm_medium=api&utm_source=600ef87e",
        "created": "2026-08-06T03:16:03Z",
        "salary_min": 65718.38,
        "salary_max": 65718.38,
        "matched_keyword": "hydrographe",
        "source": "Adzuna"
      }
    },
    {
      "type": "Feature",
      "geometry": {
        "type": "Point",
        "coordinates": [
          -97.749258,
          30.18793
        ]
      },
      "properties": {
        "title": "Process Engineer",
        "company": "Hydrograph USA",
        "location": "Bluff Springs, Travis County",
        "country": "US",
        "url": "https://www.adzuna.com/details/5890192099?utm_medium=api&utm_source=600ef87e",
        "created": "2026-09-19T00:29:42Z",
        "salary_min": 77019.2,
        "salary_max": 77019.2,
        "matched_keyword": "hydrographe",
        "source": "Adzuna"
      }
    },
    {
      "type": "Feature",
      "geometry": {
        "type": "Point",
        "coordinates": [
          -97.749258,
          30.18793
        ]
      },
      "properties": {
        "title": "Senior Process Engineer",
        "company": "Hydrograph USA",
        "location": "Bluff Springs, Travis County",
        "country": "US",
        "url": "https://www.adzuna.com/details/5890602272?utm_medium=api&utm_source=600ef87e",
        "created": "2026-09-19T07:53:11Z",
        "salary_min": 104362.12,
        "salary_max": 104362.12,
        "matched_keyword": "hydrographe",
        "source": "Adzuna"
      }
    },
    {
      "type": "Feature",
      "geometry": {
        "type": "Point",
        "coordinates": [
          -97.749258,
          30.18793
        ]
      },
      "properties": {
        "title": "Project Manager",
        "company": "Hydrograph USA",
        "location": "Bluff Springs, Travis County",
        "country": "US",
        "url": "https://www.adzuna.com/details/5890384019?utm_medium=api&utm_source=600ef87e",
        "created": "2026-09-19T05:35:00Z",
        "salary_min": 106079.01,
        "salary_max": 106079.01,
        "matched_keyword": "hydrographe",
        "source": "Adzuna"
      }
    },
    {
      "type": "Feature",
      "geometry": {
        "type": "Point",
        "coordinates": [
          -74.890999,
          39.934002
        ]
      },
      "properties": {
        "title": "Senior Survey Project Manager",
        "company": "Spotlock",
        "location": "Mount Laurel, Burlington County",
        "country": "US",
        "url": "https://www.adzuna.com/land/ad/5915052061?se=vlFw0w7D8RGSdsiqONmNKg&utm_medium=api&utm_source=600ef87e&v=3FD5873A022DA7A3030C879D2C24AE14700BD157",
        "created": "2026-10-06T22:41:25Z",
        "salary_min": 66670.97,
        "salary_max": 66670.97,
        "matched_keyword": "bathymetric survey",
        "source": "Adzuna"
      }
    },
    {
      "type": "Feature",
      "geometry": {
        "type": "Point",
        "coordinates": [
          -116.393756,
          43.593652
        ]
      },
      "properties": {
        "title": "Professional Land Surveyor",
        "company": "jub.com",
        "location": "Meridian, Ada County",
        "country": "US",
        "url": "https://www.adzuna.com/land/ad/5910455297?se=vlFw0w7D8RGSdsiqONmNKg&utm_medium=api&utm_source=600ef87e&v=7C688469E660878F948D9C4DA4EEBD5CC87CF260",
        "created": "2026-10-03T14:02:28Z",
        "salary_min": 96865.35,
        "salary_max": 96865.35,
        "matched_keyword": "bathymetric survey",
        "source": "Adzuna"
      }
    },
    {
      "type": "Feature",
      "geometry": {
        "type": "Point",
        "coordinates": [
          -116.393756,
          43.593652
        ]
      },
      "properties": {
        "title": "Professional Land Surveyor",
        "company": "jub.com",
        "location": "Meridian, Ada County",
        "country": "US",
        "url": "https://www.adzuna.com/land/ad/5906043266?se=vlFw0w7D8RGSdsiqONmNKg&utm_medium=api&utm_source=600ef87e&v=4B5FC236B12A0A6A0AF281544322261ED30539E7",
        "created": "2026-10-01T13:51:04Z",
        "salary_min": 95435.38,
        "salary_max": 95435.38,
        "matched_keyword": "bathymetric survey",
        "source": "Adzuna"
      }
    },
    {
      "type": "Feature",
      "geometry": {
        "type": "Point",
        "coordinates": [
          -105.74238,
          41.3631
        ]
      },
      "properties": {
        "title": "Water Resources Engineer",
        "company": "WWC Engineering",
        "location": "Laramie, Albany County",
        "country": "US",
        "url": "https://www.adzuna.com/details/5662665550?utm_medium=api&utm_source=600ef87e",
        "created": "2026-03-12T16:02:29Z",
        "salary_min": 75000,
        "salary_max": 85000,
        "matched_keyword": "bathymetric survey",
        "source": "Adzuna"
      }
    },
    {
      "type": "Feature",
      "geometry": {
        "type": "Point",
        "coordinates": [
          -116.393756,
          43.593652
        ]
      },
      "properties": {
        "title": "Professional Land Surveyor",
        "company": "JUB Engineers",
        "location": "Meridian, Ada County",
        "country": "US",
        "url": "https://www.adzuna.com/details/5846124695?utm_medium=api&utm_source=600ef87e",
        "created": "2026-08-18T01:38:34Z",
        "salary_min": 95000,
        "salary_max": 135000,
        "matched_keyword": "bathymetric survey",
        "source": "Adzuna"
      }
    },
    {
      "type": "Feature",
      "geometry": {
        "type": "Point",
        "coordinates": [
          -112.07,
          33.45
        ]
      },
      "properties": {
        "title": "2027 Summer Internship - Geotechnical Engineering & Water Resources - TCLW - Virtual",
        "company": "Freeport McMoRan",
        "location": "Phoenix, Maricopa County",
        "country": "US",
        "url": "https://www.adzuna.com/details/5918131278?utm_medium=api&utm_source=600ef87e",
        "created": "2026-10-07T22:04:55Z",
        "salary_min": 42987.23,
        "salary_max": 42987.23,
        "matched_keyword": "bathymetric survey",
        "source": "Adzuna"
      }
    },
    {
      "type": "Feature",
      "geometry": {
        "type": "Point",
        "coordinates": [
          -121.531291,
          38.597464
        ]
      },
      "properties": {
        "title": "Staff Ecoengineer III",
        "company": "Verdantas",
        "location": "West Sacramento, Yolo County",
        "country": "US",
        "url": "https://www.adzuna.com/details/5787779856?utm_medium=api&utm_source=600ef87e",
        "created": "2026-07-04T04:32:47Z",
        "salary_min": 83000,
        "salary_max": 104000,
        "matched_keyword": "bathymetric survey",
        "source": "Adzuna"
      }
    },
    {
      "type": "Feature",
      "geometry": {
        "type": "Point",
        "coordinates": [
          -75.545138,
          39.73126
        ]
      },
      "properties": {
        "title": "Group Leader - Land Surveying",
        "company": "Verdantas",
        "location": "Wilmington, New Castle County",
        "country": "US",
        "url": "https://www.adzuna.com/details/5609400822?utm_medium=api&utm_source=600ef87e",
        "created": "2026-02-01T17:34:15Z",
        "salary_min": 135000,
        "salary_max": 150000,
        "matched_keyword": "bathymetric survey",
        "source": "Adzuna"
      }
    },
    {
      "type": "Feature",
      "geometry": {
        "type": "Point",
        "coordinates": [
          -112.07,
          33.45
        ]
      },
      "properties": {
        "title": "2027 Summer Internship - Geotechnical Engineering & Water Resources - TCLW - Site Locations",
        "company": "Freeport McMoRan",
        "location": "Phoenix, Maricopa County",
        "country": "US",
        "url": "https://www.adzuna.com/details/5918131297?utm_medium=api&utm_source=600ef87e",
        "created": "2026-10-07T22:04:55Z",
        "salary_min": 42671.98,
        "salary_max": 42671.98,
        "matched_keyword": "bathymetric survey",
        "source": "Adzuna"
      }
    },
    {
      "type": "Feature",
      "geometry": {
        "type": "Point",
        "coordinates": [
          -75.566083,
          39.165778
        ]
      },
      "properties": {
        "title": "Group Leader - Land Surveying",
        "company": "Verdantas",
        "location": "Wyoming, Kent County",
        "country": "US",
        "url": "https://www.adzuna.com/land/ad/5608074800?se=vlFw0w7D8RGSdsiqONmNKg&utm_medium=api&utm_source=600ef87e&v=760841775952BF4E9BB18D1D8E2BC7E5505AB01F",
        "created": "2026-01-31T19:48:12Z",
        "salary_min": 118953.41,
        "salary_max": 118953.41,
        "matched_keyword": "bathymetric survey",
        "source": "Adzuna"
      }
    },
    {
      "type": "Feature",
      "geometry": {
        "type": "Point",
        "coordinates": [
          -75.5543,
          39.7498
        ]
      },
      "properties": {
        "title": "Group Leader - Land Surveying",
        "company": "Verdantas",
        "location": "Wilmington, New Castle County",
        "country": "US",
        "url": "https://www.adzuna.com/land/ad/5608074797?se=vlFw0w7D8RGSdsiqONmNKg&utm_medium=api&utm_source=600ef87e&v=B54B8A434CCFB14F1A1A9721A23F7F6F7634EB1C",
        "created": "2026-01-31T19:48:11Z",
        "salary_min": 104289.4,
        "salary_max": 104289.4,
        "matched_keyword": "bathymetric survey",
        "source": "Adzuna"
      }
    },
    {
      "type": "Feature",
      "geometry": {
        "type": "Point",
        "coordinates": [
          -122.49594,
          48.746963
        ]
      },
      "properties": {
        "title": "Jr. Restoration Engineer",
        "company": "Anchor QEA",
        "location": "Bellingham, Whatcom County",
        "country": "US",
        "url": "https://www.adzuna.com/details/5701082038?utm_medium=api&utm_source=600ef87e",
        "created": "2026-04-16T01:02:40Z",
        "salary_min": 65100,
        "salary_max": 73000,
        "matched_keyword": "bathymetric survey",
        "source": "Adzuna"
      }
    },
    {
      "type": "Feature",
      "geometry": {
        "type": "Point",
        "coordinates": [
          -76.067676,
          38.774074
        ]
      },
      "properties": {
        "title": "Survey Party Chief",
        "company": "Davis Bowen Friedel",
        "location": "Easton, Talbot County",
        "country": "US",
        "url": "https://www.adzuna.com/details/5795035898?utm_medium=api&utm_source=600ef87e",
        "created": "2026-07-09T23:39:01Z",
        "salary_min": 52000,
        "salary_max": 62400,
        "matched_keyword": "bathymetric survey",
        "source": "Adzuna"
      }
    },
    {
      "type": "Feature",
      "geometry": {
        "type": "Point",
        "coordinates": [
          -109.323515,
          33.047283
        ]
      },
      "properties": {
        "title": "Senior Civil Engineer - Water Management",
        "company": "Freeport-McMoRan",
        "location": "Morenci, Greenlee County",
        "country": "US",
        "url": "https://www.adzuna.com/land/ad/5868739278?se=vlFw0w7D8RGSdsiqONmNKg&utm_medium=api&utm_source=600ef87e&v=C39BFDB8F05113A41B22832FE353B6002747B118",
        "created": "2026-09-03T06:44:32Z",
        "salary_min": 77589.16,
        "salary_max": 77589.16,
        "matched_keyword": "bathymetric survey",
        "source": "Adzuna"
      }
    },
    {
      "type": "Feature",
      "geometry": {
        "type": "Point",
        "coordinates": [
          -80.828062,
          35.214453
        ]
      },
      "properties": {
        "title": "Professional Land Surveyor",
        "company": "GFT",
        "location": "Charlotte, Mecklenburg County",
        "country": "US",
        "url": "https://www.adzuna.com/details/5626257116?utm_medium=api&utm_source=600ef87e",
        "created": "2026-02-12T12:20:29Z",
        "salary_min": 79963.13,
        "salary_max": 79963.13,
        "matched_keyword": "bathymetric survey",
        "source": "Adzuna"
      }
    },
    {
      "type": "Feature",
      "geometry": {
        "type": "Point",
        "coordinates": [
          -95.58875,
          29.861137
        ]
      },
      "properties": {
        "title": "Department Manager, Geospatial",
        "company": "Cobb, Fendley & Associates",
        "location": "Jersey Village, Harris County",
        "country": "US",
        "url": "https://www.adzuna.com/details/5907725818?utm_medium=api&utm_source=600ef87e",
        "created": "2026-10-02T05:17:06Z",
        "salary_min": 66119.2,
        "salary_max": 66119.2,
        "matched_keyword": "bathymetric survey",
        "source": "Adzuna"
      }
    },
    {
      "type": "Feature",
      "geometry": {
        "type": "Point",
        "coordinates": [
          -120.943179,
          37.928543
        ]
      },
      "properties": {
        "title": "Staff Lidar Systems Engineer",
        "company": "Aurora",
        "location": "California, US",
        "country": "US",
        "url": "https://www.adzuna.com/land/ad/5915743310?se=1qpJ1A7D8RGmDNvs5IYFsw&utm_medium=api&utm_source=600ef87e&v=76B20B7A089C68C7FD1A5060B5D77EA74092C464",
        "created": "2026-10-07T01:55:04Z",
        "salary_min": 118040.77,
        "salary_max": 118040.77,
        "matched_keyword": "lidar engineer",
        "source": "Adzuna"
      }
    },
    {
      "type": "Feature",
      "geometry": {
        "type": "Point",
        "coordinates": [
          -104.99,
          39.75
        ]
      },
      "properties": {
        "title": "Lidar FPGA Engineer - Lunar Permanence",
        "company": "Blue Origin",
        "location": "Denver, Colorado",
        "country": "US",
        "url": "https://www.adzuna.com/land/ad/5909438953?se=1qpJ1A7D8RGmDNvs5IYFsw&utm_medium=api&utm_source=600ef87e&v=95C10E392320EA592FF6A327D7D711711A57106D",
        "created": "2026-10-03T01:02:47Z",
        "salary_min": 203276.12,
        "salary_max": 203276.12,
        "matched_keyword": "lidar engineer",
        "source": "Adzuna"
      }
    },
    {
      "type": "Feature",
      "geometry": {
        "type": "Point",
        "coordinates": [
          -80.0943,
          32.9289
        ]
      },
      "properties": {
        "title": "Lidar Engineer",
        "company": "GovCIO",
        "location": "Charleston Air Force Base, Charleston County",
        "country": "US",
        "url": "https://www.adzuna.com/land/ad/5918845329?se=1qpJ1A7D8RGmDNvs5IYFsw&utm_medium=api&utm_source=600ef87e&v=3D106074739DDDCC67F63BF2BA948C4CB03694AE",
        "created": "2026-10-08T07:11:08Z",
        "salary_min": 153001.05,
        "salary_max": 153001.05,
        "matched_keyword": "lidar engineer",
        "source": "Adzuna"
      }
    },
    {
      "type": "Feature",
      "geometry": {
        "type": "Point",
        "coordinates": [
          -77.0508,
          38.8019
        ]
      },
      "properties": {
        "title": "Optical Engineer / EO/IR & LiDAR Research Engineer with Security Clearance",
        "company": "Alaire Technologies, Inc",
        "location": "Trade, Alexandria City",
        "country": "US",
        "url": "https://www.adzuna.com/land/ad/5826011581?se=1qpJ1A7D8RGmDNvs5IYFsw&utm_medium=api&utm_source=600ef87e&v=F9F7EAC68A18694F51300FDB533D74D7C9DA4C25",
        "created": "2026-08-02T17:36:22Z",
        "salary_min": 158348.9,
        "salary_max": 158348.9,
        "matched_keyword": "lidar engineer",
        "source": "Adzuna"
      }
    },
    {
      "type": "Feature",
      "geometry": {
        "type": "Point",
        "coordinates": [
          -122.4183,
          37.775
        ]
      },
      "properties": {
        "title": "Staff Software Engineer in Test, Lidar Systems",
        "company": "Ouster",
        "location": "Hayes Valley, San Francisco",
        "country": "US",
        "url": "https://www.adzuna.com/land/ad/5914881407?se=1qpJ1A7D8RGmDNvs5IYFsw&utm_medium=api&utm_source=600ef87e&v=97DC658D42FFF1A985F713DD1BE88963C9856D9B",
        "created": "2026-10-06T21:44:23Z",
        "salary_min": 167349.48,
        "salary_max": 167349.48,
        "matched_keyword": "lidar engineer",
        "source": "Adzuna"
      }
    },
    {
      "type": "Feature",
      "geometry": {
        "type": "Point",
        "coordinates": [
          -122.086585,
          37.378535
        ]
      },
      "properties": {
        "title": "LiDAR Characterization & Perception Data Engineer - Mountain View, CA",
        "company": "Aeva Inc.",
        "location": "Mountain View, Santa Clara County",
        "country": "US",
        "url": "https://www.adzuna.com/land/ad/5915373792?se=1qpJ1A7D8RGmDNvs5IYFsw&utm_medium=api&utm_source=600ef87e&v=CA5544911DCE6C7760F96BBEE011C4BE0E57D815",
        "created": "2026-10-07T00:13:48Z",
        "salary_min": 80607.59,
        "salary_max": 80607.59,
        "matched_keyword": "lidar engineer",
        "source": "Adzuna"
      }
    },
    {
      "type": "Feature",
      "geometry": {
        "type": "Point",
        "coordinates": [
          -89.435052,
          30.409083
        ]
      },
      "properties": {
        "title": "Senior Airborne LiDAR Systems Engineer",
        "company": "Woolpert",
        "location": "Kiln, Hancock County",
        "country": "US",
        "url": "https://www.adzuna.com/details/5913463826?utm_medium=api&utm_source=600ef87e",
        "created": "2026-10-06T01:45:36Z",
        "salary_min": 101000,
        "salary_max": 151800,
        "matched_keyword": "lidar engineer",
        "source": "Adzuna"
      }
    },
    {
      "type": "Feature",
      "geometry": {
        "type": "Point",
        "coordinates": [
          -96.754971,
          43.531243
        ]
      },
      "properties": {
        "title": "Senior Lidar Systems & Geospatial Engineering Lead",
        "company": "KBR",
        "location": "Sioux Falls, Minnehaha County",
        "country": "US",
        "url": "https://www.adzuna.com/land/ad/5853268643?se=1qpJ1A7D8RGmDNvs5IYFsw&utm_medium=api&utm_source=600ef87e&v=1F230889971B022BDCBFB322774EDA30F3C7771E",
        "created": "2026-08-22T23:28:37Z",
        "salary_min": 180990.75,
        "salary_max": 180990.75,
        "matched_keyword": "lidar engineer",
        "source": "Adzuna"
      }
    },
    {
      "type": "Feature",
      "geometry": {
        "type": "Point",
        "coordinates": [
          -76.727235,
          42.07487
        ]
      },
      "properties": {
        "title": "Perception Engineer (LiDAR & Radar)",
        "company": "Evolved Aerospace",
        "location": "Elmira, Chemung County",
        "country": "US",
        "url": "https://www.adzuna.com/details/5846750789?utm_medium=api&utm_source=600ef87e",
        "created": "2026-08-18T09:05:12Z",
        "salary_min": 99641.37,
        "salary_max": 99641.37,
        "matched_keyword": "lidar engineer",
        "source": "Adzuna"
      }
    },
    {
      "type": "Feature",
      "geometry": {
        "type": "Point",
        "coordinates": [
          -122.086585,
          37.378535
        ]
      },
      "properties": {
        "title": "LiDAR Test & Calibration Engineer",
        "company": "Aeva",
        "location": "Mountain View, Santa Clara County",
        "country": "US",
        "url": "https://www.adzuna.com/details/5861021133?utm_medium=api&utm_source=600ef87e",
        "created": "2026-08-29T06:48:11Z",
        "salary_min": 103900,
        "salary_max": 140600,
        "matched_keyword": "lidar engineer",
        "source": "Adzuna"
      }
    },
    {
      "type": "Feature",
      "geometry": {
        "type": "Point",
        "coordinates": [
          -122.086585,
          37.378535
        ]
      },
      "properties": {
        "title": "LiDAR Test & Calibration Engineer",
        "company": "Aeva",
        "location": "Mountain View, Santa Clara County",
        "country": "US",
        "url": "https://www.adzuna.com/details/5886458241?utm_medium=api&utm_source=600ef87e",
        "created": "2026-09-16T12:51:50Z",
        "salary_min": 133366.67,
        "salary_max": 133366.67,
        "matched_keyword": "lidar engineer",
        "source": "Adzuna"
      }
    },
    {
      "type": "Feature",
      "geometry": {
        "type": "Point",
        "coordinates": [
          -77.382758,
          38.983721
        ]
      },
      "properties": {
        "title": "Sr. Electrical Engineering (LIDAR)",
        "company": "Henpen Corporation",
        "location": "Herndon, Fairfax County",
        "country": "US",
        "url": "https://www.adzuna.com/details/5810440762?utm_medium=api&utm_source=600ef87e",
        "created": "2026-07-22T01:37:50Z",
        "salary_min": 138832.5,
        "salary_max": 138832.5,
        "matched_keyword": "lidar engineer",
        "source": "Adzuna"
      }
    },
    {
      "type": "Feature",
      "geometry": {
        "type": "Point",
        "coordinates": [
          -83.0603,
          42.348495
        ]
      },
      "properties": {
        "title": "Senior Hardware Engineer, Lidar",
        "company": "Latitude AI",
        "location": "Detroit, Wayne County",
        "country": "US",
        "url": "https://www.adzuna.com/details/5798646339?utm_medium=api&utm_source=600ef87e",
        "created": "2026-07-13T04:36:44Z",
        "salary_min": 191920,
        "salary_max": 287880,
        "matched_keyword": "lidar engineer",
        "source": "Adzuna"
      }
    },
    {
      "type": "Feature",
      "geometry": {
        "type": "Point",
        "coordinates": [
          -122.086585,
          37.378535
        ]
      },
      "properties": {
        "title": "Hardware Engineer, LIDAR Performance Validation",
        "company": "Waymo",
        "location": "Mountain View, Santa Clara County",
        "country": "US",
        "url": "https://www.adzuna.com/details/5918622414?utm_medium=api&utm_source=600ef87e",
        "created": "2026-10-08T03:36:35Z",
        "salary_min": 159000,
        "salary_max": 196000,
        "matched_keyword": "lidar engineer",
        "source": "Adzuna"
      }
    },
    {
      "type": "Feature",
      "geometry": {
        "type": "Point",
        "coordinates": [
          -122.086585,
          37.378535
        ]
      },
      "properties": {
        "title": "Lidar Verification and Validation Engineer",
        "company": "Aeva",
        "location": "Mountain View, Santa Clara County",
        "country": "US",
        "url": "https://www.adzuna.com/details/5540390043?utm_medium=api&utm_source=600ef87e",
        "created": "2025-12-12T18:29:19Z",
        "salary_min": 103900,
        "salary_max": 140600,
        "matched_keyword": "lidar engineer",
        "source": "Adzuna"
      }
    },
    {
      "type": "Feature",
      "geometry": {
        "type": "Point",
        "coordinates": [
          -122.466538,
          37.798085
        ]
      },
      "properties": {
        "title": "Hardware Engineer (Camera, Lidar, Radar)",
        "company": "Humble Robotics",
        "location": "San Francisco, California",
        "country": "US",
        "url": "https://www.adzuna.com/details/5850825404?utm_medium=api&utm_source=600ef87e",
        "created": "2026-08-21T05:49:26Z",
        "salary_min": 206028.78,
        "salary_max": 206028.78,
        "matched_keyword": "lidar engineer",
        "source": "Adzuna"
      }
    },
    {
      "type": "Feature",
      "geometry": {
        "type": "Point",
        "coordinates": [
          -80.110056,
          40.356181
        ]
      },
      "properties": {
        "title": "Professional Land Surveyor",
        "company": "T3 Global Strategies, Inc.",
        "location": "Bridgeville, Allegheny County",
        "country": "US",
        "url": "https://www.adzuna.com/land/ad/5914083161?se=1qpJ1A7D8RGmDNvs5IYFsw&utm_medium=api&utm_source=600ef87e&v=B226C7237746C43B02A2869345E39B7ADFC292CE",
        "created": "2026-10-06T12:31:20Z",
        "salary_min": 93878.67,
        "salary_max": 93878.67,
        "matched_keyword": "lidar engineer",
        "source": "Adzuna"
      }
    },
    {
      "type": "Feature",
      "geometry": {
        "type": "Point",
        "coordinates": [
          -122.466538,
          37.798085
        ]
      },
      "properties": {
        "title": "Staff Software Engineer in Test, Lidar Systems",
        "company": "Ouster",
        "location": "San Francisco, California",
        "country": "US",
        "url": "https://www.adzuna.com/details/5759333600?utm_medium=api&utm_source=600ef87e",
        "created": "2026-06-10T22:07:18Z",
        "salary_min": 153539.83,
        "salary_max": 153539.83,
        "matched_keyword": "lidar engineer",
        "source": "Adzuna"
      }
    },
    {
      "type": "Feature",
      "geometry": {
        "type": "Point",
        "coordinates": [
          -122.086585,
          37.378535
        ]
      },
      "properties": {
        "title": "LiDAR Characterization & Perception Data Engineer - Mountain View, CA",
        "company": "Aeva",
        "location": "Mountain View, Santa Clara County",
        "country": "US",
        "url": "https://www.adzuna.com/details/5861038379?utm_medium=api&utm_source=600ef87e",
        "created": "2026-08-29T07:06:37Z",
        "salary_min": 154900,
        "salary_max": 209600,
        "matched_keyword": "lidar engineer",
        "source": "Adzuna"
      }
    },
    {
      "type": "Feature",
      "geometry": {
        "type": "Point",
        "coordinates": [
          -121.952999,
          37.353966
        ]
      },
      "properties": {
        "title": "Senior Machine Learning Engineer, Perception - Autonomous Driving",
        "company": "NVIDIA",
        "location": "Santa Clara, Santa Clara County",
        "country": "US",
        "url": "https://www.adzuna.com/land/ad/5917784455?se=1qpJ1A7D8RGmDNvs5IYFsw&utm_medium=api&utm_source=600ef87e&v=386E1961356FFBEB8F17D153D6EDE61AB0D71097",
        "created": "2026-10-07T20:18:05Z",
        "salary_min": 285637.56,
        "salary_max": 285637.56,
        "matched_keyword": "lidar engineer",
        "source": "Adzuna"
      }
    },
    {
      "type": "Feature",
      "geometry": {
        "type": "Point",
        "coordinates": [
          -80.053374,
          26.879782
        ]
      },
      "properties": {
        "title": "Principal Transmission Line Engineer / Senior Transmission Line Engineer",
        "company": "VDart, Inc.",
        "location": "Juno Beach, Palm Beach County",
        "country": "US",
        "url": "https://www.adzuna.com/land/ad/5917339026?se=1qpJ1A7D8RGmDNvs5IYFsw&utm_medium=api&utm_source=600ef87e&v=30DDD34EF1E7178EC2BBE0D615FDDC2B14E0343D",
        "created": "2026-10-07T12:16:06Z",
        "salary_min": 123674.76,
        "salary_max": 123674.76,
        "matched_keyword": "lidar engineer",
        "source": "Adzuna"
      }
    },
    {
      "type": "Feature",
      "geometry": {
        "type": "Point",
        "coordinates": [
          -71.51509,
          42.863136
        ]
      },
      "properties": {
        "title": "FAST Labs - Hardware Engineering Lead with Security Clearance",
        "company": "BAE Systems",
        "location": "Merrimack, Hillsborough County",
        "country": "US",
        "url": "https://www.adzuna.com/land/ad/5906407802?se=1qpJ1A7D8RGmDNvs5IYFsw&utm_medium=api&utm_source=600ef87e&v=D3F899BE95860BF39EA841EF1EE7E6C0865F0E8E",
        "created": "2026-10-01T19:16:54Z",
        "salary_min": 152426.94,
        "salary_max": 152426.94,
        "matched_keyword": "lidar engineer",
        "source": "Adzuna"
      }
    },
    {
      "type": "Feature",
      "geometry": {
        "type": "Point",
        "coordinates": [
          -71.51509,
          42.863136
        ]
      },
      "properties": {
        "title": "FAST Labs - Hardware Engineering Lead with Security Clearance",
        "company": "BAE Systems",
        "location": "Merrimack, Hillsborough County",
        "country": "US",
        "url": "https://www.adzuna.com/land/ad/5888089804?se=1qpJ1A7D8RGmDNvs5IYFsw&utm_medium=api&utm_source=600ef87e&v=AF4E04772781E6F73B0FBC2FF56A03425F366CF0",
        "created": "2026-09-17T14:07:56Z",
        "salary_min": 155231.08,
        "salary_max": 155231.08,
        "matched_keyword": "lidar engineer",
        "source": "Adzuna"
      }
    },
    {
      "type": "Feature",
      "geometry": {
        "type": "Point",
        "coordinates": [
          -71.51509,
          42.863136
        ]
      },
      "properties": {
        "title": "FAST Labs - Hardware Engineering Lead",
        "company": "BAE Systems",
        "location": "Merrimack, Hillsborough County",
        "country": "US",
        "url": "https://www.adzuna.com/land/ad/5910203964?se=1qpJ1A7D8RGmDNvs5IYFsw&utm_medium=api&utm_source=600ef87e&v=6574DA76530538043C48F3F5DDACEFCB1E8F16BB",
        "created": "2026-10-03T11:52:51Z",
        "salary_min": 128198.29,
        "salary_max": 128198.29,
        "matched_keyword": "lidar engineer",
        "source": "Adzuna"
      }
    },
    {
      "type": "Feature",
      "geometry": {
        "type": "Point",
        "coordinates": [
          -71.51509,
          42.863136
        ]
      },
      "properties": {
        "title": "FAST Labs - Hardware Engineering Lead",
        "company": "BAE Systems",
        "location": "Merrimack, Hillsborough County",
        "country": "US",
        "url": "https://www.adzuna.com/land/ad/5890733901?se=1qpJ1A7D8RGmDNvs5IYFsw&utm_medium=api&utm_source=600ef87e&v=99FF66F002899BB21AF5810CA2DEB20201894D2A",
        "created": "2026-09-19T11:18:14Z",
        "salary_min": 131786,
        "salary_max": 131786,
        "matched_keyword": "lidar engineer",
        "source": "Adzuna"
      }
    },
    {
      "type": "Feature",
      "geometry": {
        "type": "Point",
        "coordinates": [
          -83.058447,
          42.467501
        ]
      },
      "properties": {
        "title": "Senior Sensor Validation Engineer",
        "company": "General Motors",
        "location": "Center Line, Macomb County",
        "country": "US",
        "url": "https://www.adzuna.com/land/ad/5915211688?se=1qpJ1A7D8RGmDNvs5IYFsw&utm_medium=api&utm_source=600ef87e&v=D75194609AA3D124D6D0964A009BF7D2C5FDC42F",
        "created": "2026-10-06T23:08:30Z",
        "salary_min": 239739.94,
        "salary_max": 239739.94,
        "matched_keyword": "lidar engineer",
        "source": "Adzuna"
      }
    },
    {
      "type": "Feature",
      "geometry": {
        "type": "Point",
        "coordinates": [
          -106.64425,
          35.19955
        ]
      },
      "properties": {
        "title": "Senior Mechanical Engineer - 3D Facility Characterization with Security Clearance",
        "company": "Red Gate Group",
        "location": "Alameda, Bernalillo County",
        "country": "US",
        "url": "https://www.adzuna.com/land/ad/5782888121?se=1qpJ1A7D8RGmDNvs5IYFsw&utm_medium=api&utm_source=600ef87e&v=9E5AAD092181879A902E5709B2CB54E197F6487E",
        "created": "2026-07-01T01:07:12Z",
        "salary_min": 116925.63,
        "salary_max": 116925.63,
        "matched_keyword": "lidar engineer",
        "source": "Adzuna"
      }
    },
    {
      "type": "Feature",
      "geometry": {
        "type": "Point",
        "coordinates": [
          -122.018391,
          37.38953
        ]
      },
      "properties": {
        "title": "Test Systems Design Engineer – Optical Subsystem IQC/OQC & Automation",
        "company": "Lyte",
        "location": "Sunnyvale, Santa Clara County",
        "country": "US",
        "url": "https://www.adzuna.com/details/5898376547?utm_medium=api&utm_source=600ef87e",
        "created": "2026-09-25T10:05:35Z",
        "salary_min": 150000,
        "salary_max": 260000,
        "matched_keyword": "lidar engineer",
        "source": "Adzuna"
      }
    },
    {
      "type": "Feature",
      "geometry": {
        "type": "Point",
        "coordinates": [
          -122.326064,
          47.602485
        ]
      },
      "properties": {
        "title": "Sr. Electrical Hardware Engineer, Prime Air, Avionics Hardware",
        "company": "Amazon",
        "location": "International, King County",
        "country": "US",
        "url": "https://www.adzuna.com/land/ad/5889142654?se=1qpJ1A7D8RGmDNvs5IYFsw&utm_medium=api&utm_source=600ef87e&v=8091001240D4A79B8438161CC1D968E1F7E7B7D2",
        "created": "2026-09-18T06:56:15Z",
        "salary_min": 213557.38,
        "salary_max": 213557.38,
        "matched_keyword": "lidar engineer",
        "source": "Adzuna"
      }
    },
    {
      "type": "Feature",
      "geometry": {
        "type": "Point",
        "coordinates": [
          -81.375686,
          28.541666
        ]
      },
      "properties": {
        "title": "Staff Electrical Engineer",
        "company": "MicroVision",
        "location": "Orlando, Orange County",
        "country": "US",
        "url": "https://www.adzuna.com/land/ad/5914856071?se=1qpJ1A7D8RGmDNvs5IYFsw&utm_medium=api&utm_source=600ef87e&v=9FFCDD8BD0D419154B43CC06E9E54A67E9E9999B",
        "created": "2026-10-06T21:41:17Z",
        "salary_min": 141649.33,
        "salary_max": 141649.33,
        "matched_keyword": "lidar engineer",
        "source": "Adzuna"
      }
    },
    {
      "type": "Feature",
      "geometry": {
        "type": "Point",
        "coordinates": [
          -122.466538,
          37.798085
        ]
      },
      "properties": {
        "title": "Founding Robotics Perception Engineer",
        "company": "Greenlight Robotics",
        "location": "San Francisco, California",
        "country": "US",
        "url": "https://www.adzuna.com/details/5888702831?utm_medium=api&utm_source=600ef87e",
        "created": "2026-09-18T00:17:55Z",
        "salary_min": 171310.23,
        "salary_max": 171310.23,
        "matched_keyword": "lidar engineer",
        "source": "Adzuna"
      }
    },
    {
      "type": "Feature",
      "geometry": {
        "type": "Point",
        "coordinates": [
          -84.39,
          33.85
        ]
      },
      "properties": {
        "title": "Business Development Manager - Geospatial Services",
        "company": "Noor Staffing Group",
        "location": "Lenox Square Finance, Fulton County",
        "country": "US",
        "url": "https://www.adzuna.com/details/5746326208?utm_medium=api&utm_source=600ef87e",
        "created": "2026-05-31T04:33:52Z",
        "salary_min": 80000,
        "salary_max": 80000,
        "matched_keyword": "lidar engineer",
        "source": "Adzuna"
      }
    },
    {
      "type": "Feature",
      "geometry": {
        "type": "Point",
        "coordinates": [
          -118.29082,
          34.047977
        ]
      },
      "properties": {
        "title": "Fleet Support Engineer",
        "company": "ManpowerGroup",
        "location": "Pico Heights, Los Angeles County",
        "country": "US",
        "url": "https://www.adzuna.com/land/ad/5878296562?se=1qpJ1A7D8RGmDNvs5IYFsw&utm_medium=api&utm_source=600ef87e&v=A785958CE30CC9E95359C92C26743B3D200EFCC8",
        "created": "2026-09-10T06:47:11Z",
        "salary_min": 232158.36,
        "salary_max": 232158.36,
        "matched_keyword": "lidar engineer",
        "source": "Adzuna"
      }
    },
    {
      "type": "Feature",
      "geometry": {
        "type": "Point",
        "coordinates": [
          -122.410448,
          37.773969
        ]
      },
      "properties": {
        "title": "Fleet Support Engineer",
        "company": "ManpowerGroup",
        "location": "SoMa, San Francisco",
        "country": "US",
        "url": "https://www.adzuna.com/land/ad/5868736499?se=1qpJ1A7D8RGmDNvs5IYFsw&utm_medium=api&utm_source=600ef87e&v=20AAC02D1FFDFA3945DCDAA8D4CB88DBD9CD1966",
        "created": "2026-09-03T06:44:12Z",
        "salary_min": 224484.9,
        "salary_max": 224484.9,
        "matched_keyword": "lidar engineer",
        "source": "Adzuna"
      }
    },
    {
      "type": "Feature",
      "geometry": {
        "type": "Point",
        "coordinates": [
          -122.336407,
          47.608492
        ]
      },
      "properties": {
        "title": "Sr. Electrical Hardware Engineer, Prime Air, Avionics Hardware",
        "company": "Amazon",
        "location": "Seattle, King County",
        "country": "US",
        "url": "https://www.adzuna.com/land/ad/5887489737?se=1qpJ1A7D8RGmDNvs5IYFsw&utm_medium=api&utm_source=600ef87e&v=495C2D57D6764D3174C1B177D75B422F82384480",
        "created": "2026-09-17T06:19:39Z",
        "salary_min": 137300,
        "salary_max": 185700,
        "matched_keyword": "lidar engineer",
        "source": "Adzuna"
      }
    },
    {
      "type": "Feature",
      "geometry": {
        "type": "Point",
        "coordinates": [
          -121.867646,
          37.64362
        ]
      },
      "properties": {
        "title": "Senior Systems Engineer",
        "company": "AEye",
        "location": "Pleasanton, Alameda County",
        "country": "US",
        "url": "https://www.adzuna.com/details/5792062495?utm_medium=api&utm_source=600ef87e",
        "created": "2026-07-08T01:42:16Z",
        "salary_min": 140000,
        "salary_max": 180000,
        "matched_keyword": "lidar engineer",
        "source": "Adzuna"
      }
    },
    {
      "type": "Feature",
      "geometry": {
        "type": "Point",
        "coordinates": [
          -81.030183,
          33.996485
        ]
      },
      "properties": {
        "title": "Sr. Project Manager & Business Development Leader",
        "company": "ROWE Professional Services Company",
        "location": "Market, Richland County",
        "country": "US",
        "url": "https://www.adzuna.com/land/ad/5496743290?se=1qpJ1A7D8RGmDNvs5IYFsw&utm_medium=api&utm_source=600ef87e&v=B439FA7F14C652B9770AA5EC8D9D3FC44C354B67",
        "created": "2025-11-14T16:23:20Z",
        "salary_min": 120275.05,
        "salary_max": 120275.05,
        "matched_keyword": "lidar engineer",
        "source": "Adzuna"
      }
    },
    {
      "type": "Feature",
      "geometry": {
        "type": "Point",
        "coordinates": [
          -79.73412,
          34.2099
        ]
      },
      "properties": {
        "title": "Sr. Project Manager & Business Development Leader",
        "company": "ROWE Professional Services Company",
        "location": "Quinby, Florence County",
        "country": "US",
        "url": "https://www.adzuna.com/land/ad/5646832013?se=1qpJ1A7D8RGmDNvs5IYFsw&utm_medium=api&utm_source=600ef87e&v=F15BF8B51869683998C356D877FEF9F870829F71",
        "created": "2026-02-26T20:08:10Z",
        "salary_min": 152208.89,
        "salary_max": 152208.89,
        "matched_keyword": "lidar engineer",
        "source": "Adzuna"
      }
    },
    {
      "type": "Feature",
      "geometry": {
        "type": "Point",
        "coordinates": [
          -82.405078,
          34.847572
        ]
      },
      "properties": {
        "title": "Sr. Project Manager & Business Development Leader",
        "company": "ROWE Professional Services Company",
        "location": "Greenville, Greenville County",
        "country": "US",
        "url": "https://www.adzuna.com/land/ad/5496172707?se=1qpJ1A7D8RGmDNvs5IYFsw&utm_medium=api&utm_source=600ef87e&v=C76BA4571173092A35B3BDD690BAACDCF010EA31",
        "created": "2025-11-14T10:29:56Z",
        "salary_min": 142408.78,
        "salary_max": 142408.78,
        "matched_keyword": "lidar engineer",
        "source": "Adzuna"
      }
    },
    {
      "type": "Feature",
      "geometry": {
        "type": "Point",
        "coordinates": [
          -79.937723,
          32.77864
        ]
      },
      "properties": {
        "title": "Sr. Project Manager & Business Development Leader",
        "company": "ROWE Professional Services Company",
        "location": "James Island, Charleston County",
        "country": "US",
        "url": "https://www.adzuna.com/land/ad/5722770589?se=1qpJ1A7D8RGmDNvs5IYFsw&utm_medium=api&utm_source=600ef87e&v=160434EA47AA107430407BA8EB3F80BC92EF2400",
        "created": "2026-05-08T04:26:30Z",
        "salary_min": 176439.83,
        "salary_max": 176439.83,
        "matched_keyword": "lidar engineer",
        "source": "Adzuna"
      }
    },
    {
      "type": "Feature",
      "geometry": {
        "type": "Point",
        "coordinates": [
          -79.322618,
          33.397841
        ]
      },
      "properties": {
        "title": "Sr. Project Manager & Business Development Leader",
        "company": "ROWE Professional Services Company",
        "location": "Georgetown, Georgetown County",
        "country": "US",
        "url": "https://www.adzuna.com/land/ad/5722687813?se=1qpJ1A7D8RGmDNvs5IYFsw&utm_medium=api&utm_source=600ef87e&v=597840382DD01A64544C23CAE80350C556513EC5",
        "created": "2026-05-08T03:14:32Z",
        "salary_min": 176513.72,
        "salary_max": 176513.72,
        "matched_keyword": "lidar engineer",
        "source": "Adzuna"
      }
    },
    {
      "type": "Feature",
      "geometry": {
        "type": "Point",
        "coordinates": [
          -117.908791,
          33.679521
        ]
      },
      "properties": {
        "title": "Perception Systems Engineer with Security Clearance",
        "company": "Anduril Industries",
        "location": "Costa Mesa, Orange County",
        "country": "US",
        "url": "https://www.adzuna.com/land/ad/5902308779?se=1qpJ1A7D8RGmDNvs5IYFsw&utm_medium=api&utm_source=600ef87e&v=0A41726AA8E177B9CAED4EC9CF8C7F99D787426E",
        "created": "2026-09-28T22:33:57Z",
        "salary_min": 226377.64,
        "salary_max": 226377.64,
        "matched_keyword": "lidar engineer",
        "source": "Adzuna"
      }
    },
    {
      "type": "Feature",
      "geometry": {
        "type": "Point",
        "coordinates": [
          -93.245833,
          37.162041
        ]
      },
      "properties": {
        "title": "GIS Analyst - LiDAR and Remote Sensing",
        "company": "Toth And Associates",
        "location": "Turners, Greene County",
        "country": "US",
        "url": "https://www.adzuna.com/details/5856353275?utm_medium=api&utm_source=600ef87e",
        "created": "2026-08-26T00:08:10Z",
        "salary_min": 66560,
        "salary_max": 87360,
        "matched_keyword": "lidar engineer",
        "source": "Adzuna"
      }
    },
    {
      "type": "Feature",
      "geometry": {
        "type": "Point",
        "coordinates": [
          -80.053374,
          26.879782
        ]
      },
      "properties": {
        "title": "Principal Transmission Engineer (remote)",
        "company": "Vitaver & Associates",
        "location": "Juno Beach, Palm Beach County",
        "country": "US",
        "url": "https://www.adzuna.com/details/5594133896?utm_medium=api&utm_source=600ef87e",
        "created": "2026-01-21T13:27:36Z",
        "salary_min": 190397.62,
        "salary_max": 190397.62,
        "matched_keyword": "lidar engineer",
        "source": "Adzuna"
      }
    },
    {
      "type": "Feature",
      "geometry": {
        "type": "Point",
        "coordinates": [
          -80.053374,
          26.879782
        ]
      },
      "properties": {
        "title": "Principal Transmission Engineer (remote option)",
        "company": "Vitaver & Associates",
        "location": "Juno Beach, Palm Beach County",
        "country": "US",
        "url": "https://www.adzuna.com/details/5913509238?utm_medium=api&utm_source=600ef87e",
        "created": "2026-10-06T02:47:59Z",
        "salary_min": 197543.52,
        "salary_max": 197543.52,
        "matched_keyword": "lidar engineer",
        "source": "Adzuna"
      }
    },
    {
      "type": "Feature",
      "geometry": {
        "type": "Point",
        "coordinates": [
          -122.870669,
          47.031096
        ]
      },
      "properties": {
        "title": "Senior Sensor Validation Engineer",
        "company": "General Motors",
        "location": "Tumwater, Thurston County",
        "country": "US",
        "url": "https://www.adzuna.com/land/ad/5916979934?se=uGMI1Q7D8RG-4tqDU3nihA&utm_medium=api&utm_source=600ef87e&v=F44D2A3F62D7D8FDA9417D4D844F11166DF96373",
        "created": "2026-10-07T08:02:56Z",
        "salary_min": 160272.02,
        "salary_max": 160272.02,
        "matched_keyword": "lidar engineer",
        "source": "Adzuna"
      }
    },
    {
      "type": "Feature",
      "geometry": {
        "type": "Point",
        "coordinates": [
          -122.02194,
          37.376099
        ]
      },
      "properties": {
        "title": "Senior Sensor Validation Engineer",
        "company": "General Motors",
        "location": "Sunnyvale, Santa Clara County",
        "country": "US",
        "url": "https://www.adzuna.com/land/ad/5916877229?se=uGMI1Q7D8RG-4tqDU3nihA&utm_medium=api&utm_source=600ef87e&v=0E896E7628457706B6D738FEFF407469A438D97D",
        "created": "2026-10-07T07:10:44Z",
        "salary_min": 229749.89,
        "salary_max": 229749.89,
        "matched_keyword": "lidar engineer",
        "source": "Adzuna"
      }
    },
    {
      "type": "Feature",
      "geometry": {
        "type": "Point",
        "coordinates": [
          -83.0078,
          42.51685
        ]
      },
      "properties": {
        "title": "Senior Sensor Validation Engineer",
        "company": "General Motors",
        "location": "Warren, Macomb County",
        "country": "US",
        "url": "https://www.adzuna.com/land/ad/5916932932?se=uGMI1Q7D8RG-4tqDU3nihA&utm_medium=api&utm_source=600ef87e&v=87A13F1236812A5D66D6249DE3EA16028748B080",
        "created": "2026-10-07T07:25:40Z",
        "salary_min": 168983.23,
        "salary_max": 168983.23,
        "matched_keyword": "lidar engineer",
        "source": "Adzuna"
      }
    },
    {
      "type": "Feature",
      "geometry": {
        "type": "Point",
        "coordinates": [
          -122.336407,
          47.608492
        ]
      },
      "properties": {
        "title": "Electrical Engineer, COTS/Sensor",
        "company": "Carbon Robotics",
        "location": "Seattle, King County",
        "country": "US",
        "url": "https://www.adzuna.com/details/5724958754?utm_medium=api&utm_source=600ef87e",
        "created": "2026-05-10T02:46:56Z",
        "salary_min": 125000,
        "salary_max": 145000,
        "matched_keyword": "lidar engineer",
        "source": "Adzuna"
      }
    },
    {
      "type": "Feature",
      "geometry": {
        "type": "Point",
        "coordinates": [
          -122.018391,
          37.38953
        ]
      },
      "properties": {
        "title": "Software Engineer – Physical AI Platform Integration",
        "company": "Lyte",
        "location": "Sunnyvale, Santa Clara County",
        "country": "US",
        "url": "https://www.adzuna.com/details/5896734030?utm_medium=api&utm_source=600ef87e",
        "created": "2026-09-24T07:05:39Z",
        "salary_min": 170000,
        "salary_max": 250000,
        "matched_keyword": "lidar engineer",
        "source": "Adzuna"
      }
    },
    {
      "type": "Feature",
      "geometry": {
        "type": "Point",
        "coordinates": [
          -122.018391,
          37.38953
        ]
      },
      "properties": {
        "title": "Senior Sensor Validation Engineer",
        "company": "General Motors",
        "location": "Sunnyvale, Santa Clara County",
        "country": "US",
        "url": "https://www.adzuna.com/details/5913637314?utm_medium=api&utm_source=600ef87e",
        "created": "2026-10-06T06:32:47Z",
        "salary_min": 172359.02,
        "salary_max": 172359.02,
        "matched_keyword": "lidar engineer",
        "source": "Adzuna"
      }
    },
    {
      "type": "Feature",
      "geometry": {
        "type": "Point",
        "coordinates": [
          -122.018391,
          37.38953
        ]
      },
      "properties": {
        "title": "Operations Engineer – III-V Photonics Manufacturing",
        "company": "Lyte",
        "location": "Sunnyvale, Santa Clara County",
        "country": "US",
        "url": "https://www.adzuna.com/details/5902651198?utm_medium=api&utm_source=600ef87e",
        "created": "2026-09-29T04:32:37Z",
        "salary_min": 130000,
        "salary_max": 200000,
        "matched_keyword": "lidar engineer",
        "source": "Adzuna"
      }
    },
    {
      "type": "Feature",
      "geometry": {
        "type": "Point",
        "coordinates": [
          -77.019023,
          38.912068
        ]
      },
      "properties": {
        "title": "Software Engineer",
        "company": "Roy Jorgensen Associates",
        "location": "Washington, Washington, D.C.",
        "country": "US",
        "url": "https://www.adzuna.com/details/5830121394?utm_medium=api&utm_source=600ef87e",
        "created": "2026-08-06T01:45:07Z",
        "salary_min": 74766.98,
        "salary_max": 74766.98,
        "matched_keyword": "lidar engineer",
        "source": "Adzuna"
      }
    },
    {
      "type": "Feature",
      "geometry": {
        "type": "Point",
        "coordinates": [
          -97.764294,
          30.291229
        ]
      },
      "properties": {
        "title": "Senior Sensor Validation Engineer",
        "company": "General Motors",
        "location": "Tarrytown, Travis County",
        "country": "US",
        "url": "https://www.adzuna.com/details/5913998156?utm_medium=api&utm_source=600ef87e",
        "created": "2026-10-06T12:11:52Z",
        "salary_min": 188069.27,
        "salary_max": 188069.27,
        "matched_keyword": "lidar engineer",
        "source": "Adzuna"
      }
    },
    {
      "type": "Feature",
      "geometry": {
        "type": "Point",
        "coordinates": [
          -77.019023,
          38.912068
        ]
      },
      "properties": {
        "title": "Lead Software Engineer",
        "company": "Roy Jorgensen Associates",
        "location": "Washington, Washington, D.C.",
        "country": "US",
        "url": "https://www.adzuna.com/details/5830151193?utm_medium=api&utm_source=600ef87e",
        "created": "2026-08-06T02:58:55Z",
        "salary_min": 79784.51,
        "salary_max": 79784.51,
        "matched_keyword": "lidar engineer",
        "source": "Adzuna"
      }
    },
    {
      "type": "Feature",
      "geometry": {
        "type": "Point",
        "coordinates": [
          -82.510269,
          27.943517
        ]
      },
      "properties": {
        "title": "Entry Level Remote Sensing Operator with Security Clearance",
        "company": "Dewberry",
        "location": "Palma Ceia, Hillsborough County",
        "country": "US",
        "url": "https://www.adzuna.com/land/ad/5904371572?se=NEwM1g7D8RGmDNvs5IYFsw&utm_medium=api&utm_source=600ef87e&v=D27D753A48277310C0000361EB861CF03BC35FB2",
        "created": "2026-09-30T21:08:19Z",
        "salary_min": 80377.52,
        "salary_max": 80377.52,
        "matched_keyword": "airborne lidar",
        "source": "Adzuna"
      }
    },
    {
      "type": "Feature",
      "geometry": {
        "type": "Point",
        "coordinates": [
          -82.371637,
          27.940826
        ]
      },
      "properties": {
        "title": "Remote Sensing Operator with Security Clearance",
        "company": "Dewberry",
        "location": "Clair Mel, Hillsborough County",
        "country": "US",
        "url": "https://www.adzuna.com/land/ad/5904372091?se=NEwM1g7D8RGmDNvs5IYFsw&utm_medium=api&utm_source=600ef87e&v=F859BE77C9A13A4B248972B79A76EC9CD8451205",
        "created": "2026-09-30T21:16:09Z",
        "salary_min": 87284.52,
        "salary_max": 87284.52,
        "matched_keyword": "airborne lidar",
        "source": "Adzuna"
      }
    },
    {
      "type": "Feature",
      "geometry": {
        "type": "Point",
        "coordinates": [
          -96.754971,
          43.531243
        ]
      },
      "properties": {
        "title": "Senior Lidar Systems & Geospatial Engineering Lead",
        "company": "KBR",
        "location": "Sioux Falls, Minnehaha County",
        "country": "US",
        "url": "https://www.adzuna.com/land/ad/5853268643?se=NEwM1g7D8RGmDNvs5IYFsw&utm_medium=api&utm_source=600ef87e&v=1F230889971B022BDCBFB322774EDA30F3C7771E",
        "created": "2026-08-22T23:28:37Z",
        "salary_min": 180990.75,
        "salary_max": 180990.75,
        "matched_keyword": "airborne lidar",
        "source": "Adzuna"
      }
    },
    {
      "type": "Feature",
      "geometry": {
        "type": "Point",
        "coordinates": [
          -82.458831,
          27.95783
        ]
      },
      "properties": {
        "title": "Entry Level Remote Sensing Operator",
        "company": "Dewberry",
        "location": "Tampa, Hillsborough County",
        "country": "US",
        "url": "https://www.adzuna.com/details/5877188356?utm_medium=api&utm_source=600ef87e",
        "created": "2026-09-09T10:55:50Z",
        "salary_min": 82698.92,
        "salary_max": 82698.92,
        "matched_keyword": "airborne lidar",
        "source": "Adzuna"
      }
    },
    {
      "type": "Feature",
      "geometry": {
        "type": "Point",
        "coordinates": [
          -82.458831,
          27.95783
        ]
      },
      "properties": {
        "title": "Remote Sensing Operator",
        "company": "Dewberry",
        "location": "Tampa, Hillsborough County",
        "country": "US",
        "url": "https://www.adzuna.com/details/5877188360?utm_medium=api&utm_source=600ef87e",
        "created": "2026-09-09T10:55:50Z",
        "salary_min": 89702.08,
        "salary_max": 89702.08,
        "matched_keyword": "airborne lidar",
        "source": "Adzuna"
      }
    },
    {
      "type": "Feature",
      "geometry": {
        "type": "Point",
        "coordinates": [
          -117.98304,
          34.04322
        ]
      },
      "properties": {
        "title": "Senior Professional Land Surveyor",
        "company": "Willdan",
        "location": "Bassett, Los Angeles County",
        "country": "US",
        "url": "https://www.adzuna.com/details/5184367844?utm_medium=api&utm_source=600ef87e",
        "created": "2025-05-06T21:17:24Z",
        "salary_min": 130000,
        "salary_max": 160000,
        "matched_keyword": "airborne lidar",
        "source": "Adzuna"
      }
    },
    {
      "type": "Feature",
      "geometry": {
        "type": "Point",
        "coordinates": [
          -121.436415,
          38.424144
        ]
      },
      "properties": {
        "title": "Professional Land Surveyor (City/County Surveyor)",
        "company": "Willdan",
        "location": "Florin, Sacramento County",
        "country": "US",
        "url": "https://www.adzuna.com/details/5474890002?utm_medium=api&utm_source=600ef87e",
        "created": "2025-11-01T08:20:30Z",
        "salary_min": 130000,
        "salary_max": 160000,
        "matched_keyword": "airborne lidar",
        "source": "Adzuna"
      }
    },
    {
      "type": "Feature",
      "geometry": {
        "type": "Point",
        "coordinates": [
          -104.75578,
          38.85431
        ]
      },
      "properties": {
        "title": "Geomatics Engineer",
        "company": "Sanborn Map Company",
        "location": "Colorado Springs, El Paso County",
        "country": "US",
        "url": "https://www.adzuna.com/details/5899714886?utm_medium=api&utm_source=600ef87e",
        "created": "2026-09-26T09:01:49Z",
        "salary_min": 75000,
        "salary_max": 95000,
        "matched_keyword": "airborne lidar",
        "source": "Adzuna"
      }
    },
    {
      "type": "Feature",
      "geometry": {
        "type": "Point",
        "coordinates": [
          -86.725397,
          34.652001
        ]
      },
      "properties": {
        "title": "Account Executive- Aerial Data Acquisition (A",
        "company": "Revolution Geosystems LLC",
        "location": "Triana, Madison County",
        "country": "US",
        "url": "https://www.adzuna.com/land/ad/5916093697?se=NEwM1g7D8RGmDNvs5IYFsw&utm_medium=api&utm_source=600ef87e&v=26FD9014476923B368A5EB7D026F49E7DFDB21FE",
        "created": "2026-10-07T02:32:57Z",
        "salary_min": 71587.36,
        "salary_max": 71587.36,
        "matched_keyword": "airborne lidar",
        "source": "Adzuna"
      }
    },
    {
      "type": "Feature",
      "geometry": {
        "type": "Point",
        "coordinates": [
          -77.3421,
          38.95669
        ]
      },
      "properties": {
        "title": "Senior Laser Systems Engineer",
        "company": "Liberty Personnel Services, Inc",
        "location": "Reston, Fairfax County",
        "country": "US",
        "url": "https://www.adzuna.com/details/5887438618?utm_medium=api&utm_source=600ef87e",
        "created": "2026-09-17T05:33:02Z",
        "salary_min": 150000,
        "salary_max": 210000,
        "matched_keyword": "airborne lidar",
        "source": "Adzuna"
      }
    },
    {
      "type": "Feature",
      "geometry": {
        "type": "Point",
        "coordinates": [
          -77.3644,
          38.82945
        ]
      },
      "properties": {
        "title": "Remote Sensing Engineer with Security Clearance",
        "company": "Riverside Research",
        "location": "Merrifield, Fairfax County",
        "country": "US",
        "url": "https://www.adzuna.com/land/ad/5894776137?se=NEwM1g7D8RGmDNvs5IYFsw&utm_medium=api&utm_source=600ef87e&v=1997A292BA400DABA6BB9B4EB297C689BADAB125",
        "created": "2026-09-23T00:38:26Z",
        "salary_min": 131196.62,
        "salary_max": 131196.62,
        "matched_keyword": "airborne lidar",
        "source": "Adzuna"
      }
    },
    {
      "type": "Feature",
      "geometry": {
        "type": "Point",
        "coordinates": [
          -77.38847,
          38.878773
        ]
      },
      "properties": {
        "title": "Remote Sensing Engineer",
        "company": "Riverside Research Institute",
        "location": "Fair Oaks, Fairfax County",
        "country": "US",
        "url": "https://www.adzuna.com/details/5895250370?utm_medium=api&utm_source=600ef87e",
        "created": "2026-09-23T10:34:47Z",
        "salary_min": 97000,
        "salary_max": 135000,
        "matched_keyword": "airborne lidar",
        "source": "Adzuna"
      }
    },
    {
      "type": "Feature",
      "geometry": {
        "type": "Point",
        "coordinates": [
          -76.875528,
          39.004554
        ]
      },
      "properties": {
        "title": "Support Scientist II",
        "company": "STC",
        "location": "Greenbelt, Prince George's County",
        "country": "US",
        "url": "https://www.adzuna.com/details/5911229091?utm_medium=api&utm_source=600ef87e",
        "created": "2026-10-04T04:04:46Z",
        "salary_min": 90000,
        "salary_max": 105000,
        "matched_keyword": "airborne lidar",
        "source": "Adzuna"
      }
    },
    {
      "type": "Feature",
      "geometry": {
        "type": "Point",
        "coordinates": [
          -86.168491,
          39.928944
        ]
      },
      "properties": {
        "title": "Geomatics Engineer I, II, or III",
        "company": "The MasTec Companies",
        "location": "Williams Creek, Marion County",
        "country": "US",
        "url": "https://www.adzuna.com/details/5877164493?utm_medium=api&utm_source=600ef87e",
        "created": "2026-09-09T10:28:18Z",
        "salary_min": 204354.11,
        "salary_max": 204354.11,
        "matched_keyword": "geomatics engineer",
        "source": "Adzuna"
      }
    },
    {
      "type": "Feature",
      "geometry": {
        "type": "Point",
        "coordinates": [
          -119.80195,
          36.842017
        ]
      },
      "properties": {
        "title": "26-27 AY Teaching Associate (TA) - Civil & Geomatics Engineering",
        "company": "Fresno State",
        "location": "Fresno, Fresno County",
        "country": "US",
        "url": "https://www.adzuna.com/details/5710022691?utm_medium=api&utm_source=600ef87e",
        "created": "2026-04-25T00:17:59Z",
        "salary_min": 57564.26,
        "salary_max": 57564.26,
        "matched_keyword": "geomatics engineer",
        "source": "Adzuna"
      }
    },
    {
      "type": "Feature",
      "geometry": {
        "type": "Point",
        "coordinates": [
          -119.80195,
          36.842017
        ]
      },
      "properties": {
        "title": "26-27 AY Temporary Faculty Pool (Lecturer) - Geomatics Engineering",
        "company": "Fresno State",
        "location": "Fresno, Fresno County",
        "country": "US",
        "url": "https://www.adzuna.com/details/5721357432?utm_medium=api&utm_source=600ef87e",
        "created": "2026-05-07T03:01:16Z",
        "salary_min": 66084,
        "salary_max": 80124,
        "matched_keyword": "geomatics engineer",
        "source": "Adzuna"
      }
    },
    {
      "type": "Feature",
      "geometry": {
        "type": "Point",
        "coordinates": [
          -119.80195,
          36.842017
        ]
      },
      "properties": {
        "title": "26-27 AY Instructional Student Assistant (ISA) - Civil & Geomatics Engineering",
        "company": "Fresno State",
        "location": "Fresno, Fresno County",
        "country": "US",
        "url": "https://www.adzuna.com/details/5709134726?utm_medium=api&utm_source=600ef87e",
        "created": "2026-04-24T02:15:05Z",
        "salary_min": 35380,
        "salary_max": 35380,
        "matched_keyword": "geomatics engineer",
        "source": "Adzuna"
      }
    },
    {
      "type": "Feature",
      "geometry": {
        "type": "Point",
        "coordinates": [
          -121.9221,
          37.3063
        ]
      },
      "properties": {
        "title": "GNSS Software Engineer",
        "company": "Xoriant Corporation",
        "location": "Campbell, Santa Clara County",
        "country": "US",
        "url": "https://www.adzuna.com/land/ad/5878890266?se=9KHc1g7D8RGSdsiqONmNKg&utm_medium=api&utm_source=600ef87e&v=5D61C1403F000917C19A2A7986FC1CDDFC5D1349",
        "created": "2026-09-10T17:46:59Z",
        "salary_min": 145028.77,
        "salary_max": 145028.77,
        "matched_keyword": "geomatics engineer",
        "source": "Adzuna"
      }
    },
    {
      "type": "Feature",
      "geometry": {
        "type": "Point",
        "coordinates": [
          -74.890999,
          39.934002
        ]
      },
      "properties": {
        "title": "Senior Survey Project Manager",
        "company": "Spotlock",
        "location": "Mount Laurel, Burlington County",
        "country": "US",
        "url": "https://www.adzuna.com/land/ad/5915052061?se=9KHc1g7D8RGSdsiqONmNKg&utm_medium=api&utm_source=600ef87e&v=3FD5873A022DA7A3030C879D2C24AE14700BD157",
        "created": "2026-10-06T22:41:25Z",
        "salary_min": 66670.97,
        "salary_max": 66670.97,
        "matched_keyword": "geomatics engineer",
        "source": "Adzuna"
      }
    },
    {
      "type": "Feature",
      "geometry": {
        "type": "Point",
        "coordinates": [
          -88.014525,
          41.873721
        ]
      },
      "properties": {
        "title": "Survey Manager",
        "company": "SWE Solutions",
        "location": "Fox Valley, DuPage County",
        "country": "US",
        "url": "https://www.adzuna.com/land/ad/5916097371?se=9KHc1g7D8RGSdsiqONmNKg&utm_medium=api&utm_source=600ef87e&v=8E011206C7F2517FC6CB948429566F98FC13FA5C",
        "created": "2026-10-07T02:33:11Z",
        "salary_min": 77601.73,
        "salary_max": 77601.73,
        "matched_keyword": "geomatics engineer",
        "source": "Adzuna"
      }
    },
    {
      "type": "Feature",
      "geometry": {
        "type": "Point",
        "coordinates": [
          -121.9221,
          37.3063
        ]
      },
      "properties": {
        "title": "Navigation Software Engineer (Embedded/C/C++, GNSS & Sensor)",
        "company": "Xoriant Corporation",
        "location": "Campbell, Santa Clara County",
        "country": "US",
        "url": "https://www.adzuna.com/land/ad/5692720395?se=9KHc1g7D8RGSdsiqONmNKg&utm_medium=api&utm_source=600ef87e&v=9E53D6BA886399B75DF6847A8E32BAD64FB9AFCD",
        "created": "2026-04-07T22:33:47Z",
        "salary_min": 188500.75,
        "salary_max": 188500.75,
        "matched_keyword": "geomatics engineer",
        "source": "Adzuna"
      }
    },
    {
      "type": "Feature",
      "geometry": {
        "type": "Point",
        "coordinates": [
          -89.649874,
          39.799492
        ]
      },
      "properties": {
        "title": "Licensed Land Surveyor / Survey Project Manager (PLS)",
        "company": "Brighton Solutions, Inc.",
        "location": "Springfield, Sangamon County",
        "country": "US",
        "url": "https://www.adzuna.com/land/ad/5915174152?se=9KHc1g7D8RGSdsiqONmNKg&utm_medium=api&utm_source=600ef87e&v=1F08C88C9F859CF591055CB7A1EAA2E64C595D18",
        "created": "2026-10-06T23:03:33Z",
        "salary_min": 216772.14,
        "salary_max": 216772.14,
        "matched_keyword": "geomatics engineer",
        "source": "Adzuna"
      }
    },
    {
      "type": "Feature",
      "geometry": {
        "type": "Point",
        "coordinates": [
          -117.611993,
          33.426973
        ]
      },
      "properties": {
        "title": "Professional Land Surveyor",
        "company": "Luxus",
        "location": "San Clemente, Orange County",
        "country": "US",
        "url": "https://www.adzuna.com/land/ad/5915265883?se=9KHc1g7D8RGSdsiqONmNKg&utm_medium=api&utm_source=600ef87e&v=1E5BE86B2032497A893668FB71C80E550556A9D7",
        "created": "2026-10-06T23:33:32Z",
        "salary_min": 148898.52,
        "salary_max": 148898.52,
        "matched_keyword": "geomatics engineer",
        "source": "Adzuna"
      }
    },
    {
      "type": "Feature",
      "geometry": {
        "type": "Point",
        "coordinates": [
          -79.935314,
          35.994303
        ]
      },
      "properties": {
        "title": "Instructor, Geomatics (Civil Engineering Technology) - Adjunct",
        "company": "Guilford Technical Community College Portal",
        "location": "Jamestown, Guilford County",
        "country": "US",
        "url": "https://www.adzuna.com/details/5613636044?utm_medium=api&utm_source=600ef87e",
        "created": "2026-02-04T10:39:55Z",
        "salary_min": 69471.84,
        "salary_max": 69471.84,
        "matched_keyword": "geomatics engineer",
        "source": "Adzuna"
      }
    },
    {
      "type": "Feature",
      "geometry": {
        "type": "Point",
        "coordinates": [
          -86.725397,
          34.652001
        ]
      },
      "properties": {
        "title": "Account Executive- Aerial Data Acquisition (A",
        "company": "Revolution Geosystems LLC",
        "location": "Triana, Madison County",
        "country": "US",
        "url": "https://www.adzuna.com/land/ad/5916093697?se=9KHc1g7D8RGSdsiqONmNKg&utm_medium=api&utm_source=600ef87e&v=26FD9014476923B368A5EB7D026F49E7DFDB21FE",
        "created": "2026-10-07T02:32:57Z",
        "salary_min": 71587.36,
        "salary_max": 71587.36,
        "matched_keyword": "geomatics engineer",
        "source": "Adzuna"
      }
    },
    {
      "type": "Feature",
      "geometry": {
        "type": "Point",
        "coordinates": [
          -80.846082,
          35.232678
        ]
      },
      "properties": {
        "title": "Associate Director (Relocation Assistance Available)",
        "company": "Bateman Civil Survey",
        "location": "Charlotte, Mecklenburg County",
        "country": "US",
        "url": "https://www.adzuna.com/land/ad/5915051161?se=9KHc1g7D8RGSdsiqONmNKg&utm_medium=api&utm_source=600ef87e&v=759DFB3976CC68F5165F3AE22CA8F3FAB63D4D92",
        "created": "2026-10-06T22:41:13Z",
        "salary_min": 97331.04,
        "salary_max": 97331.04,
        "matched_keyword": "geomatics engineer",
        "source": "Adzuna"
      }
    },
    {
      "type": "Feature",
      "geometry": {
        "type": "Point",
        "coordinates": [
          -80.053325,
          26.715347
        ]
      },
      "properties": {
        "title": "Registered Professional Land Surveyor",
        "company": "FRS & Associates",
        "location": "West Palm Beach, Palm Beach County",
        "country": "US",
        "url": "https://www.adzuna.com/land/ad/5914055706?se=9KHc1g7D8RGSdsiqONmNKg&utm_medium=api&utm_source=600ef87e&v=FF602E0AFA8F96BC111A1FF1A6E22D9B1F87A9B0",
        "created": "2026-10-06T12:28:44Z",
        "salary_min": 82015.92,
        "salary_max": 82015.92,
        "matched_keyword": "geomatics engineer",
        "source": "Adzuna"
      }
    },
    {
      "type": "Feature",
      "geometry": {
        "type": "Point",
        "coordinates": [
          -95.624767,
          30.20012
        ]
      },
      "properties": {
        "title": "Survey Data Technician",
        "company": "BGE, Inc",
        "location": "The Woodlands, Montgomery County",
        "country": "US",
        "url": "https://www.adzuna.com/land/ad/5917809545?se=9KHc1g7D8RGSdsiqONmNKg&utm_medium=api&utm_source=600ef87e&v=6E996BCFA0F33AF51010C71547D7B94CD4192EB4",
        "created": "2026-10-07T20:47:18Z",
        "salary_min": 52411.31,
        "salary_max": 52411.31,
        "matched_keyword": "geomatics engineer",
        "source": "Adzuna"
      }
    },
    {
      "type": "Feature",
      "geometry": {
        "type": "Point",
        "coordinates": [
          -78.96356,
          35.009394
        ]
      },
      "properties": {
        "title": "Engineer II",
        "company": "State of North Carolina",
        "location": "Cumberland, Cumberland County",
        "country": "US",
        "url": "https://www.adzuna.com/details/5918715840?utm_medium=api&utm_source=600ef87e",
        "created": "2026-10-08T04:59:59Z",
        "salary_min": 63927,
        "salary_max": 111871,
        "matched_keyword": "geomatics engineer",
        "source": "Adzuna"
      }
    },
    {
      "type": "Feature",
      "geometry": {
        "type": "Point",
        "coordinates": [
          -95.933046,
          41.266108
        ]
      },
      "properties": {
        "title": "Field Engineer-Survey",
        "company": "McCarthy Building",
        "location": "Omaha, Douglas County",
        "country": "US",
        "url": "https://www.adzuna.com/details/5886447629?utm_medium=api&utm_source=600ef87e",
        "created": "2026-09-16T12:49:50Z",
        "salary_min": 141116.47,
        "salary_max": 141116.47,
        "matched_keyword": "geomatics engineer",
        "source": "Adzuna"
      }
    },
    {
      "type": "Feature",
      "geometry": {
        "type": "Point",
        "coordinates": [
          -80.2154,
          26.34941
        ]
      },
      "properties": {
        "title": "Assistant Professor of Teaching",
        "company": "Florida Atlantic University",
        "location": "Boca Raton, Palm Beach County",
        "country": "US",
        "url": "https://www.adzuna.com/details/5807985394?utm_medium=api&utm_source=600ef87e",
        "created": "2026-07-20T06:19:31Z",
        "salary_min": 131309.16,
        "salary_max": 131309.16,
        "matched_keyword": "geomatics engineer",
        "source": "Adzuna"
      }
    },
    {
      "type": "Feature",
      "geometry": {
        "type": "Point",
        "coordinates": [
          -121.885434,
          37.390494
        ]
      },
      "properties": {
        "title": "Navigation Software Engineer",
        "company": "West Coast Consulting",
        "location": "San Jose, Santa Clara County",
        "country": "US",
        "url": "https://www.adzuna.com/land/ad/5807140352?se=9KHc1g7D8RGSdsiqONmNKg&utm_medium=api&utm_source=600ef87e&v=8D68C3ED14BEC4F63138E1AF8B17F9C8B8AF4AD0",
        "created": "2026-07-19T07:21:10Z",
        "salary_min": 145600,
        "salary_max": 156000,
        "matched_keyword": "geomatics engineer",
        "source": "Adzuna"
      }
    },
    {
      "type": "Feature",
      "geometry": {
        "type": "Point",
        "coordinates": [
          -88.074788,
          41.801141
        ]
      },
      "properties": {
        "title": "Land Survey Intern - Summer 2027",
        "company": "Cage Engineering",
        "location": "Lisle, DuPage County",
        "country": "US",
        "url": "https://www.adzuna.com/land/ad/5914180926?se=9KHc1g7D8RGSdsiqONmNKg&utm_medium=api&utm_source=600ef87e&v=4F8B72EDEA28967C51D2479AABA65EA18A97EF7A",
        "created": "2026-10-06T13:38:14Z",
        "salary_min": 51056.14,
        "salary_max": 51056.14,
        "matched_keyword": "geomatics engineer",
        "source": "Adzuna"
      }
    },
    {
      "type": "Feature",
      "geometry": {
        "type": "Point",
        "coordinates": [
          -86.166892,
          35.891696
        ]
      },
      "properties": {
        "title": "Lecturer of Surveying and Mapping - 246140",
        "company": "East Tennessee State University",
        "location": "Tennessee, US",
        "country": "US",
        "url": "https://www.adzuna.com/details/5697347343?utm_medium=api&utm_source=600ef87e",
        "created": "2026-04-12T03:41:35Z",
        "salary_min": 58074.81,
        "salary_max": 58074.81,
        "matched_keyword": "geomatics engineer",
        "source": "Adzuna"
      }
    },
    {
      "type": "Feature",
      "geometry": {
        "type": "Point",
        "coordinates": [
          -121.885434,
          37.390494
        ]
      },
      "properties": {
        "title": "GNSS Software Engineer",
        "company": "Saige Partners",
        "location": "San Jose, Santa Clara County",
        "country": "US",
        "url": "https://www.adzuna.com/details/5891702716?utm_medium=api&utm_source=600ef87e",
        "created": "2026-09-20T08:08:53Z",
        "salary_min": 135200,
        "salary_max": 176800,
        "matched_keyword": "geomatics engineer",
        "source": "Adzuna"
      }
    },
    {
      "type": "Feature",
      "geometry": {
        "type": "Point",
        "coordinates": [
          -117.837004,
          33.59743
        ]
      },
      "properties": {
        "title": "Surveying Manager",
        "company": "BKF",
        "location": "Newport Beach, Orange County",
        "country": "US",
        "url": "https://www.adzuna.com/land/ad/5914430726?se=9KHc1g7D8RGSdsiqONmNKg&utm_medium=api&utm_source=600ef87e&v=97DE5236FBEB22E5F4A64FFC3C84AADE7222DB3D",
        "created": "2026-10-06T20:07:25Z",
        "salary_min": 114680.6,
        "salary_max": 114680.6,
        "matched_keyword": "geomatics engineer",
        "source": "Adzuna"
      }
    },
    {
      "type": "Feature",
      "geometry": {
        "type": "Point",
        "coordinates": [
          -84.38763,
          33.795821
        ]
      },
      "properties": {
        "title": "Office Survey Specialist (In-Office 4 Days/Week)",
        "company": "Southern Company",
        "location": "Atlanta, Fulton County",
        "country": "US",
        "url": "https://www.adzuna.com/land/ad/5895124355?se=9KHc1g7D8RGSdsiqONmNKg&utm_medium=api&utm_source=600ef87e&v=A81DDCDB1FF586659531F19ADCE4DE9C0AF017CF",
        "created": "2026-09-23T07:04:50Z",
        "salary_min": 57320.75,
        "salary_max": 57320.75,
        "matched_keyword": "geomatics engineer",
        "source": "Adzuna"
      }
    },
    {
      "type": "Feature",
      "geometry": {
        "type": "Point",
        "coordinates": [
          -96.798344,
          32.786999
        ]
      },
      "properties": {
        "title": "Geomatics Modeler",
        "company": "N/A",
        "location": "Highland Park, Dallas",
        "country": "US",
        "url": "https://www.adzuna.com/details/5799888496?utm_medium=api&utm_source=600ef87e",
        "created": "2026-07-14T06:22:40Z",
        "salary_min": 98000,
        "salary_max": 108000,
        "matched_keyword": "geomatics engineer",
        "source": "Adzuna"
      }
    },
    {
      "type": "Feature",
      "geometry": {
        "type": "Point",
        "coordinates": [
          -105.035286,
          39.83005
        ]
      },
      "properties": {
        "title": "12-Month Geospatial Intern",
        "company": "Trimble",
        "location": "Westminster, Adams County",
        "country": "US",
        "url": "https://www.adzuna.com/details/5878111852?utm_medium=api&utm_source=600ef87e",
        "created": "2026-09-10T03:32:35Z",
        "salary_min": 96203.06,
        "salary_max": 96203.06,
        "matched_keyword": "geomatics engineer",
        "source": "Adzuna"
      }
    },
    {
      "type": "Feature",
      "geometry": {
        "type": "Point",
        "coordinates": [
          -84.377632,
          33.770845
        ]
      },
      "properties": {
        "title": "Office Survey Specialist (In-Office 4 Days/Week)",
        "company": "Southern Company",
        "location": "Atlanta, Fulton County",
        "country": "US",
        "url": "https://www.adzuna.com/details/5894801935?utm_medium=api&utm_source=600ef87e",
        "created": "2026-09-23T01:12:19Z",
        "salary_min": 50091.98,
        "salary_max": 50091.98,
        "matched_keyword": "geomatics engineer",
        "source": "Adzuna"
      }
    },
    {
      "type": "Feature",
      "geometry": {
        "type": "Point",
        "coordinates": [
          -97.288335,
          36.292313
        ]
      },
      "properties": {
        "title": "GIS Solution Engineering Intern - Ditch Witch",
        "company": "The Toro Company",
        "location": "Perry, Noble County",
        "country": "US",
        "url": "https://www.adzuna.com/land/ad/5903836311?se=Rt3G1w7D8RGZrtr1kasdFg&utm_medium=api&utm_source=600ef87e&v=9C73B6E6D51BE8A39B8674FF53C2AF7962D20F1A",
        "created": "2026-09-30T07:00:14Z",
        "salary_min": 63589.13,
        "salary_max": 63589.13,
        "matched_keyword": "geomatics engineer",
        "source": "Adzuna"
      }
    },
    {
      "type": "Feature",
      "geometry": {
        "type": "Point",
        "coordinates": [
          -71.066119,
          42.354856
        ]
      },
      "properties": {
        "title": "Visiting Assistant Professor, Civil Engineering, Surveying/Geomatics",
        "company": "Wentworth Institute of Technology",
        "location": "Boston, Suffolk County",
        "country": "US",
        "url": "https://www.adzuna.com/details/5868764495?utm_medium=api&utm_source=600ef87e",
        "created": "2026-09-03T07:03:10Z",
        "salary_min": 34000,
        "salary_max": 38000,
        "matched_keyword": "geomatics engineer",
        "source": "Adzuna"
      }
    },
    {
      "type": "Feature",
      "geometry": {
        "type": "Point",
        "coordinates": [
          -96.765058,
          32.760168
        ]
      },
      "properties": {
        "title": "SUE Technician I",
        "company": "McAdams",
        "location": "Highland Park, Dallas",
        "country": "US",
        "url": "https://www.adzuna.com/land/ad/5914466581?se=Rt3G1w7D8RGZrtr1kasdFg&utm_medium=api&utm_source=600ef87e&v=0B6968A418180C2493E0BC0DE04C2915A2BD3DC9",
        "created": "2026-10-06T20:14:45Z",
        "salary_min": 65446.75,
        "salary_max": 65446.75,
        "matched_keyword": "geomatics engineer",
        "source": "Adzuna"
      }
    },
    {
      "type": "Feature",
      "geometry": {
        "type": "Point",
        "coordinates": [
          -123.281059,
          44.564685
        ]
      },
      "properties": {
        "title": "Instructor Pool - 2025/2026 and Fall Term 2026: Civil and Construction Engineering",
        "company": "Oregon State University",
        "location": "Corvallis, Benton County",
        "country": "US",
        "url": "https://www.adzuna.com/land/ad/5757885753?se=Rt3G1w7D8RGZrtr1kasdFg&utm_medium=api&utm_source=600ef87e&v=B09D46A16ED66C45187E3A3E08EDAD552546B077",
        "created": "2026-06-09T21:34:42Z",
        "salary_min": 78405.14,
        "salary_max": 78405.14,
        "matched_keyword": "geomatics engineer",
        "source": "Adzuna"
      }
    },
    {
      "type": "Feature",
      "geometry": {
        "type": "Point",
        "coordinates": [
          -84.16602,
          39.65052
        ]
      },
      "properties": {
        "title": "Licensed Surveyor",
        "company": "Volkert",
        "location": "Centerville, Montgomery County",
        "country": "US",
        "url": "https://www.adzuna.com/details/5527951907?utm_medium=api&utm_source=600ef87e",
        "created": "2025-12-04T13:28:54Z",
        "salary_min": 96748.57,
        "salary_max": 96748.57,
        "matched_keyword": "geomatics engineer",
        "source": "Adzuna"
      }
    },
    {
      "type": "Feature",
      "geometry": {
        "type": "Point",
        "coordinates": [
          -82.45632,
          27.955269
        ]
      },
      "properties": {
        "title": "Survey Manager",
        "company": "McAdams",
        "location": "Tampa, Hillsborough County",
        "country": "US",
        "url": "https://www.adzuna.com/land/ad/5915018526?se=Rt3G1w7D8RGZrtr1kasdFg&utm_medium=api&utm_source=600ef87e&v=0DC7871314E9B89B92BE3EFA6D968533B81CC46E",
        "created": "2026-10-06T22:22:34Z",
        "salary_min": 67715.84,
        "salary_max": 67715.84,
        "matched_keyword": "geomatics engineer",
        "source": "Adzuna"
      }
    },
    {
      "type": "Feature",
      "geometry": {
        "type": "Point",
        "coordinates": [
          -83.529483,
          41.657204
        ]
      },
      "properties": {
        "title": "CAD Technician",
        "company": "Civil & Environmental Consultants, Inc.",
        "location": "Toledo, Lucas County",
        "country": "US",
        "url": "https://www.adzuna.com/details/5877181408?utm_medium=api&utm_source=600ef87e",
        "created": "2026-09-09T10:49:52Z",
        "salary_min": 64577.82,
        "salary_max": 64577.82,
        "matched_keyword": "geomatics engineer",
        "source": "Adzuna"
      }
    },
    {
      "type": "Feature",
      "geometry": {
        "type": "Point",
        "coordinates": [
          -81.375686,
          28.541666
        ]
      },
      "properties": {
        "title": "Professional Land Surveyor",
        "company": "ARCXIS",
        "location": "Orlando, Orange County",
        "country": "US",
        "url": "https://www.adzuna.com/land/ad/5918528390?se=Rt3G1w7D8RGZrtr1kasdFg&utm_medium=api&utm_source=600ef87e&v=D20FE0933034FD2D046536CDDAEB4B48A845E3C2",
        "created": "2026-10-08T01:48:25Z",
        "salary_min": 71328.33,
        "salary_max": 71328.33,
        "matched_keyword": "geomatics engineer",
        "source": "Adzuna"
      }
    },
    {
      "type": "Feature",
      "geometry": {
        "type": "Point",
        "coordinates": [
          -105.04113,
          39.647845
        ]
      },
      "properties": {
        "title": "Land Surveying Intern - Summer 2027",
        "company": "CAGE Engineering",
        "location": "Lakewood, Denver",
        "country": "US",
        "url": "https://www.adzuna.com/details/5865757883?utm_medium=api&utm_source=600ef87e",
        "created": "2026-09-01T19:16:07Z",
        "salary_min": 56234.43,
        "salary_max": 56234.43,
        "matched_keyword": "geomatics engineer",
        "source": "Adzuna"
      }
    },
    {
      "type": "Feature",
      "geometry": {
        "type": "Point",
        "coordinates": [
          -82.437359,
          27.093523
        ]
      },
      "properties": {
        "title": "Land Surveying Intern - Summer 2027",
        "company": "CAGE Engineering",
        "location": "Venice, Sarasota County",
        "country": "US",
        "url": "https://www.adzuna.com/details/5875825192?utm_medium=api&utm_source=600ef87e",
        "created": "2026-09-08T13:33:21Z",
        "salary_min": 50275.52,
        "salary_max": 50275.52,
        "matched_keyword": "geomatics engineer",
        "source": "Adzuna"
      }
    },
    {
      "type": "Feature",
      "geometry": {
        "type": "Point",
        "coordinates": [
          -88.074788,
          41.801141
        ]
      },
      "properties": {
        "title": "Land Survey Intern - Summer 2027",
        "company": "CAGE Engineering",
        "location": "Lisle, DuPage County",
        "country": "US",
        "url": "https://www.adzuna.com/details/5887676807?utm_medium=api&utm_source=600ef87e",
        "created": "2026-09-17T08:13:18Z",
        "salary_min": 50197.62,
        "salary_max": 50197.62,
        "matched_keyword": "geomatics engineer",
        "source": "Adzuna"
      }
    },
    {
      "type": "Feature",
      "geometry": {
        "type": "Point",
        "coordinates": [
          -84.007168,
          33.719683
        ]
      },
      "properties": {
        "title": "Land Surveying Department Manager",
        "company": "Raymond",
        "location": "Conyers, Rockdale County",
        "country": "US",
        "url": "https://www.adzuna.com/details/5907973665?utm_medium=api&utm_source=600ef87e",
        "created": "2026-10-02T07:55:08Z",
        "salary_min": 130253.63,
        "salary_max": 130253.63,
        "matched_keyword": "geomatics engineer",
        "source": "Adzuna"
      }
    },
    {
      "type": "Feature",
      "geometry": {
        "type": "Point",
        "coordinates": [
          -92.509891,
          44.078055
        ]
      },
      "properties": {
        "title": "Aggregate Lab Technician",
        "company": "Minnesota Department of Transportation",
        "location": "Rochester, Olmsted County",
        "country": "US",
        "url": "https://www.adzuna.com/land/ad/5914038732?se=Rt3G1w7D8RGZrtr1kasdFg&utm_medium=api&utm_source=600ef87e&v=985285C75D3D5576063F7F2223DDE49DB0A404DF",
        "created": "2026-10-06T12:26:59Z",
        "salary_min": 70594.48,
        "salary_max": 70594.48,
        "matched_keyword": "geomatics engineer",
        "source": "Adzuna"
      }
    },
    {
      "type": "Feature",
      "geometry": {
        "type": "Point",
        "coordinates": [
          -82.45632,
          27.955269
        ]
      },
      "properties": {
        "title": "Survey Project Manager",
        "company": "McAdams",
        "location": "Tampa, Hillsborough County",
        "country": "US",
        "url": "https://www.adzuna.com/land/ad/5915022731?se=Rt3G1w7D8RGZrtr1kasdFg&utm_medium=api&utm_source=600ef87e&v=8BD53581B9320FCBAB49530989534A580FE4D6C3",
        "created": "2026-10-06T22:23:26Z",
        "salary_min": 75575.48,
        "salary_max": 75575.48,
        "matched_keyword": "geomatics engineer",
        "source": "Adzuna"
      }
    },
    {
      "type": "Feature",
      "geometry": {
        "type": "Point",
        "coordinates": [
          -80.846082,
          35.232678
        ]
      },
      "properties": {
        "title": "Instrument Operator - Surveying",
        "company": "McAdams",
        "location": "Charlotte, Mecklenburg County",
        "country": "US",
        "url": "https://www.adzuna.com/land/ad/5917945026?se=Rt3G1w7D8RGZrtr1kasdFg&utm_medium=api&utm_source=600ef87e&v=3545F30C665F7BB055EFCC2256370B0A46A24AF8",
        "created": "2026-10-07T21:28:50Z",
        "salary_min": 59997.26,
        "salary_max": 59997.26,
        "matched_keyword": "geomatics engineer",
        "source": "Adzuna"
      }
    },
    {
      "type": "Feature",
      "geometry": {
        "type": "Point",
        "coordinates": [
          -77.45,
          37.56
        ]
      },
      "properties": {
        "title": "Licensed Land Surveyor (LS)",
        "company": "AMT Engineering",
        "location": "Richmond, Richmond County",
        "country": "US",
        "url": "https://www.adzuna.com/land/ad/5916957669?se=Rt3G1w7D8RGZrtr1kasdFg&utm_medium=api&utm_source=600ef87e&v=E1BB5781E2D7875F26FA8A03F5BD312CAB9F9D50",
        "created": "2026-10-07T07:42:36Z",
        "salary_min": 103987.09,
        "salary_max": 103987.09,
        "matched_keyword": "geomatics engineer",
        "source": "Adzuna"
      }
    },
    {
      "type": "Feature",
      "geometry": {
        "type": "Point",
        "coordinates": [
          -80.01072,
          40.40952
        ]
      },
      "properties": {
        "title": "Professional Land Surveyor - Remote",
        "company": "Gpac",
        "location": "Brookline, Allegheny County",
        "country": "US",
        "url": "https://www.adzuna.com/details/5889137093?utm_medium=api&utm_source=600ef87e",
        "created": "2026-09-18T06:54:56Z",
        "salary_min": 100000,
        "salary_max": 130000,
        "matched_keyword": "geomatics engineer",
        "source": "Adzuna"
      }
    },
    {
      "type": "Feature",
      "geometry": {
        "type": "Point",
        "coordinates": [
          -81.1617,
          32.0403
        ]
      },
      "properties": {
        "title": "Survey Intern",
        "company": "Coleman Company",
        "location": "Garden, Chatham County",
        "country": "US",
        "url": "https://www.adzuna.com/details/5890285417?utm_medium=api&utm_source=600ef87e",
        "created": "2026-09-19T02:43:59Z",
        "salary_min": 44357.24,
        "salary_max": 44357.24,
        "matched_keyword": "geomatics engineer",
        "source": "Adzuna"
      }
    },
    {
      "type": "Feature",
      "geometry": {
        "type": "Point",
        "coordinates": [
          -105.035286,
          39.83005
        ]
      },
      "properties": {
        "title": "Civil/Geo Applications Engineer - Rotational Development Program (July 2027)",
        "company": "Trimble",
        "location": "Westminster, Adams County",
        "country": "US",
        "url": "https://www.adzuna.com/details/5885799098?utm_medium=api&utm_source=600ef87e",
        "created": "2026-09-16T03:49:29Z",
        "salary_min": 67700,
        "salary_max": 93200,
        "matched_keyword": "geomatics engineer",
        "source": "Adzuna"
      }
    },
    {
      "type": "Feature",
      "geometry": {
        "type": "Point",
        "coordinates": [
          -95.203129,
          39.039436
        ]
      },
      "properties": {
        "title": "Survey Crew Chief - US Based",
        "company": "Phasor Engineering Inc",
        "location": "Lawrence, Douglas County",
        "country": "US",
        "url": "https://www.adzuna.com/details/5720935786?utm_medium=api&utm_source=600ef87e",
        "created": "2026-05-06T17:51:54Z",
        "salary_min": 75000,
        "salary_max": 105000,
        "matched_keyword": "geomatics engineer",
        "source": "Adzuna"
      }
    },
    {
      "type": "Feature",
      "geometry": {
        "type": "Point",
        "coordinates": [
          -94.626957,
          39.117388
        ]
      },
      "properties": {
        "title": "Survey Crew Chief - US Based",
        "company": "Phasor Engineering Inc",
        "location": "Kansas City, Wyandotte County",
        "country": "US",
        "url": "https://www.adzuna.com/details/5736056868?utm_medium=api&utm_source=600ef87e",
        "created": "2026-05-21T01:01:02Z",
        "salary_min": 75000,
        "salary_max": 105000,
        "matched_keyword": "geomatics engineer",
        "source": "Adzuna"
      }
    },
    {
      "type": "Feature",
      "geometry": {
        "type": "Point",
        "coordinates": [
          -105.20778,
          40.040651
        ]
      },
      "properties": {
        "title": "Survey Crew Chief - US Based",
        "company": "Phasor Engineering Inc",
        "location": "Boulder, Boulder County",
        "country": "US",
        "url": "https://www.adzuna.com/details/5720935788?utm_medium=api&utm_source=600ef87e",
        "created": "2026-05-06T17:51:54Z",
        "salary_min": 75000,
        "salary_max": 105000,
        "matched_keyword": "geomatics engineer",
        "source": "Adzuna"
      }
    },
    {
      "type": "Feature",
      "geometry": {
        "type": "Point",
        "coordinates": [
          -104.99,
          39.75
        ]
      },
      "properties": {
        "title": "Survey Crew Chief - US Based",
        "company": "Phasor Engineering Inc",
        "location": "Denver, Colorado",
        "country": "US",
        "url": "https://www.adzuna.com/details/5736056866?utm_medium=api&utm_source=600ef87e",
        "created": "2026-05-21T01:01:02Z",
        "salary_min": 75000,
        "salary_max": 105000,
        "matched_keyword": "geomatics engineer",
        "source": "Adzuna"
      }
    },
    {
      "type": "Feature",
      "geometry": {
        "type": "Point",
        "coordinates": [
          -96.767002,
          32.798895
        ]
      },
      "properties": {
        "title": "Survey Crew Chief - US Based",
        "company": "Phasor Engineering Inc",
        "location": "Dallas, Texas",
        "country": "US",
        "url": "https://www.adzuna.com/details/5720935795?utm_medium=api&utm_source=600ef87e",
        "created": "2026-05-06T17:51:54Z",
        "salary_min": 75000,
        "salary_max": 105000,
        "matched_keyword": "geomatics engineer",
        "source": "Adzuna"
      }
    },
    {
      "type": "Feature",
      "geometry": {
        "type": "Point",
        "coordinates": [
          -77.94471,
          34.225726
        ]
      },
      "properties": {
        "title": "Licensed Surveyor",
        "company": "Fusion HCR",
        "location": "Wilmington, New Hanover County",
        "country": "US",
        "url": "https://www.adzuna.com/details/4804569995?utm_medium=api&utm_source=600ef87e",
        "created": "2024-08-01T05:25:46Z",
        "salary_min": 72588.52,
        "salary_max": 72588.52,
        "matched_keyword": "geomatics engineer",
        "source": "Adzuna"
      }
    },
    {
      "type": "Feature",
      "geometry": {
        "type": "Point",
        "coordinates": [
          -87.227123,
          30.410363
        ]
      },
      "properties": {
        "title": "City Surveyor",
        "company": "City of Pensacola",
        "location": "Pensacola, Escambia County",
        "country": "US",
        "url": "https://www.adzuna.com/details/5726399403?utm_medium=api&utm_source=600ef87e",
        "created": "2026-05-11T22:37:41Z",
        "salary_min": 55598,
        "salary_max": 94785,
        "matched_keyword": "geomatics engineer",
        "source": "Adzuna"
      }
    },
    {
      "type": "Feature",
      "geometry": {
        "type": "Point",
        "coordinates": [
          -79.990086,
          40.441694
        ]
      },
      "properties": {
        "title": "Survey Crew Chief",
        "company": "Verdantas",
        "location": "Pittsburgh, Allegheny County",
        "country": "US",
        "url": "https://www.adzuna.com/details/5829049612?utm_medium=api&utm_source=600ef87e",
        "created": "2026-08-05T07:28:34Z",
        "salary_min": 69992,
        "salary_max": 69992,
        "matched_keyword": "geomatics engineer",
        "source": "Adzuna"
      }
    },
    {
      "type": "Feature",
      "geometry": {
        "type": "Point",
        "coordinates": [
          -117.538983,
          33.855103
        ]
      },
      "properties": {
        "title": "Professional Land Surveyor",
        "company": "Luxus",
        "location": "Corona, Riverside County",
        "country": "US",
        "url": "https://www.adzuna.com/details/5645571386?utm_medium=api&utm_source=600ef87e",
        "created": "2026-02-25T19:02:13Z",
        "salary_min": 120000,
        "salary_max": 160000,
        "matched_keyword": "geomatics engineer",
        "source": "Adzuna"
      }
    },
    {
      "type": "Feature",
      "geometry": {
        "type": "Point",
        "coordinates": [
          -66.567142,
          18.362063
        ]
      },
      "properties": {
        "title": "Geospatial Frontend Engineer",
        "company": "Parsons Corporation",
        "location": "Florida",
        "country": "US",
        "url": "https://www.adzuna.com/land/ad/5915371977?se=0nN72A7D8RGmDNvs5IYFsw&utm_medium=api&utm_source=600ef87e&v=0359B8AF76ACB11FA376B18F7DB8B5EC985B5717",
        "created": "2026-10-07T00:13:32Z",
        "salary_min": 139315.55,
        "salary_max": 139315.55,
        "matched_keyword": "geospatial engineer",
        "source": "Adzuna"
      }
    },
    {
      "type": "Feature",
      "geometry": {
        "type": "Point",
        "coordinates": [
          -97.865683,
          30.320233
        ]
      },
      "properties": {
        "title": "GeoSpatial Engineer MAP - GSENGR",
        "company": "Apolis",
        "location": "Bee Cave, Travis County",
        "country": "US",
        "url": "https://www.adzuna.com/land/ad/5904371779?se=0nN72A7D8RGmDNvs5IYFsw&utm_medium=api&utm_source=600ef87e&v=0856E15FE445C20882806E3BA5418FA50DBDF996",
        "created": "2026-09-30T21:09:57Z",
        "salary_min": 66938.3,
        "salary_max": 66938.3,
        "matched_keyword": "geospatial engineer",
        "source": "Adzuna"
      }
    },
    {
      "type": "Feature",
      "geometry": {
        "type": "Point",
        "coordinates": [
          -96.727,
          43.546
        ]
      },
      "properties": {
        "title": "Software Engineer (Geospatial)",
        "company": "Anakim Consulting Inc",
        "location": "Sioux Falls, Minnehaha County",
        "country": "US",
        "url": "https://www.adzuna.com/land/ad/5914883772?se=0nN72A7D8RGmDNvs5IYFsw&utm_medium=api&utm_source=600ef87e&v=E24CDD3857F6A979295DE6F232F4EA8272039F56",
        "created": "2026-10-06T21:44:48Z",
        "salary_min": 123192.83,
        "salary_max": 123192.83,
        "matched_keyword": "geospatial engineer",
        "source": "Adzuna"
      }
    },
    {
      "type": "Feature",
      "geometry": {
        "type": "Point",
        "coordinates": [
          -77.187169,
          38.776903
        ]
      },
      "properties": {
        "title": "Geospatial Engineer",
        "company": "Trinity Global Consulting",
        "location": "West Springfield, Fairfax County",
        "country": "US",
        "url": "https://www.adzuna.com/details/5684548772?utm_medium=api&utm_source=600ef87e",
        "created": "2026-03-31T18:27:56Z",
        "salary_min": 91915.6,
        "salary_max": 91915.6,
        "matched_keyword": "geospatial engineer",
        "source": "Adzuna"
      }
    },
    {
      "type": "Feature",
      "geometry": {
        "type": "Point",
        "coordinates": [
          -80.604133,
          28.389674
        ]
      },
      "properties": {
        "title": "Geospatial Engineer",
        "company": "ASRC Federal Holding Company",
        "location": "Cape Canaveral, Brevard County",
        "country": "US",
        "url": "https://www.adzuna.com/details/5850310402?utm_medium=api&utm_source=600ef87e",
        "created": "2026-08-20T21:11:47Z",
        "salary_min": 67065.07,
        "salary_max": 67065.07,
        "matched_keyword": "geospatial engineer",
        "source": "Adzuna"
      }
    },
    {
      "type": "Feature",
      "geometry": {
        "type": "Point",
        "coordinates": [
          -96.754971,
          43.531243
        ]
      },
      "properties": {
        "title": "Senior Lidar Systems & Geospatial Engineering Lead",
        "company": "KBR",
        "location": "Sioux Falls, Minnehaha County",
        "country": "US",
        "url": "https://www.adzuna.com/land/ad/5853268643?se=0nN72A7D8RGmDNvs5IYFsw&utm_medium=api&utm_source=600ef87e&v=1F230889971B022BDCBFB322774EDA30F3C7771E",
        "created": "2026-08-22T23:28:37Z",
        "salary_min": 180990.75,
        "salary_max": 180990.75,
        "matched_keyword": "geospatial engineer",
        "source": "Adzuna"
      }
    },
    {
      "type": "Feature",
      "geometry": {
        "type": "Point",
        "coordinates": [
          -104.9813,
          39.7427
        ]
      },
      "properties": {
        "title": "Senior Geospatial Data Engineer",
        "company": "CACI International, Inc.",
        "location": "Glendale, Denver",
        "country": "US",
        "url": "https://www.adzuna.com/land/ad/5914493093?se=0nN72A7D8RGmDNvs5IYFsw&utm_medium=api&utm_source=600ef87e&v=F36CEBDB3EEEB709E4C3EFBB05A9170E116268CB",
        "created": "2026-10-06T20:20:40Z",
        "salary_min": 101326.86,
        "salary_max": 101326.86,
        "matched_keyword": "geospatial engineer",
        "source": "Adzuna"
      }
    },
    {
      "type": "Feature",
      "geometry": {
        "type": "Point",
        "coordinates": [
          -77.18748,
          38.7891
        ]
      },
      "properties": {
        "title": "AWS Geospatial Software Engineer",
        "company": "Booz Allen Hamilton",
        "location": "North Springfield, Fairfax County",
        "country": "US",
        "url": "https://www.adzuna.com/land/ad/5786761785?se=0nN72A7D8RGmDNvs5IYFsw&utm_medium=api&utm_source=600ef87e&v=93294CCEAFC4B0E346A80171639103BF5F414219",
        "created": "2026-07-03T07:24:18Z",
        "salary_min": 131129.33,
        "salary_max": 131129.33,
        "matched_keyword": "geospatial engineer",
        "source": "Adzuna"
      }
    },
    {
      "type": "Feature",
      "geometry": {
        "type": "Point",
        "coordinates": [
          -77.844355,
          40.793925
        ]
      },
      "properties": {
        "title": "Geospatial Engineer (12Y)",
        "company": "U.S. Army",
        "location": "State College, Centre County",
        "country": "US",
        "url": "https://www.adzuna.com/land/ad/5873980904?se=0nN72A7D8RGmDNvs5IYFsw&utm_medium=api&utm_source=600ef87e&v=42481DB70E0093FCD731F0AA8960AF183C5C5C0D",
        "created": "2026-09-07T06:37:03Z",
        "salary_min": 23000,
        "salary_max": 97000,
        "matched_keyword": "geospatial engineer",
        "source": "Adzuna"
      }
    },
    {
      "type": "Feature",
      "geometry": {
        "type": "Point",
        "coordinates": [
          -122.466538,
          37.798085
        ]
      },
      "properties": {
        "title": "Senior Geospatial Engineer",
        "company": "Xylo Risk",
        "location": "San Francisco, California",
        "country": "US",
        "url": "https://www.adzuna.com/details/5889277176?utm_medium=api&utm_source=600ef87e",
        "created": "2026-09-18T08:38:18Z",
        "salary_min": 160000,
        "salary_max": 190000,
        "matched_keyword": "geospatial engineer",
        "source": "Adzuna"
      }
    },
    {
      "type": "Feature",
      "geometry": {
        "type": "Point",
        "coordinates": [
          -77.1875,
          38.789167
        ]
      },
      "properties": {
        "title": "Geospatial Systems Engineer with Security Clearance",
        "company": "INCATech",
        "location": "North Springfield, Fairfax County",
        "country": "US",
        "url": "https://www.adzuna.com/land/ad/5878879612?se=0nN72A7D8RGmDNvs5IYFsw&utm_medium=api&utm_source=600ef87e&v=19C7F401DBACD597F6EEC10E3255BDD6D91FFC9C",
        "created": "2026-09-10T17:34:01Z",
        "salary_min": 81932.82,
        "salary_max": 81932.82,
        "matched_keyword": "geospatial engineer",
        "source": "Adzuna"
      }
    },
    {
      "type": "Feature",
      "geometry": {
        "type": "Point",
        "coordinates": [
          -77.332845,
          38.84732
        ]
      },
      "properties": {
        "title": "Geospatial Platform Engineer with Security Clearance",
        "company": "Vantor",
        "location": "Fairfax, Fairfax County",
        "country": "US",
        "url": "https://www.adzuna.com/land/ad/5758692444?se=0nN72A7D8RGmDNvs5IYFsw&utm_medium=api&utm_source=600ef87e&v=7B6517EC4F3D6831539C2D6983F559C9CD8C6BA5",
        "created": "2026-06-10T14:49:57Z",
        "salary_min": 140389.33,
        "salary_max": 140389.33,
        "matched_keyword": "geospatial engineer",
        "source": "Adzuna"
      }
    },
    {
      "type": "Feature",
      "geometry": {
        "type": "Point",
        "coordinates": [
          -87.564769,
          33.195186
        ]
      },
      "properties": {
        "title": "Scientific Computing & Geospatial Engineer",
        "company": "Lynker",
        "location": "Skyland, Tuscaloosa County",
        "country": "US",
        "url": "https://www.adzuna.com/details/5762408669?utm_medium=api&utm_source=600ef87e",
        "created": "2026-06-13T05:45:07Z",
        "salary_min": 85000,
        "salary_max": 120000,
        "matched_keyword": "geospatial engineer",
        "source": "Adzuna"
      }
    },
    {
      "type": "Feature",
      "geometry": {
        "type": "Point",
        "coordinates": [
          -96.9485,
          32.8137
        ]
      },
      "properties": {
        "title": "Principal Geospatial Data Engineer (Algorithms & Datasets)",
        "company": "Beacon Systems, Inc",
        "location": "Irving, Dallas",
        "country": "US",
        "url": "https://www.adzuna.com/land/ad/5917626093?se=0nN72A7D8RGmDNvs5IYFsw&utm_medium=api&utm_source=600ef87e&v=4DFAA7BE63F4A1EE4151FE548EDDD458CB723D66",
        "created": "2026-10-07T17:23:10Z",
        "salary_min": 141937.89,
        "salary_max": 141937.89,
        "matched_keyword": "geospatial engineer",
        "source": "Adzuna"
      }
    },
    {
      "type": "Feature",
      "geometry": {
        "type": "Point",
        "coordinates": [
          -77.187169,
          38.776903
        ]
      },
      "properties": {
        "title": "AWS Geospatial Software Engineer with Security Clearance",
        "company": "Booz Allen Hamilton",
        "location": "West Springfield, Fairfax County",
        "country": "US",
        "url": "https://www.adzuna.com/land/ad/5889701511?se=0nN72A7D8RGmDNvs5IYFsw&utm_medium=api&utm_source=600ef87e&v=791FB27007EB9ADCEAC3C42929A0E3B97552E5D9",
        "created": "2026-09-18T14:20:30Z",
        "salary_min": 141841.55,
        "salary_max": 141841.55,
        "matched_keyword": "geospatial engineer",
        "source": "Adzuna"
      }
    },
    {
      "type": "Feature",
      "geometry": {
        "type": "Point",
        "coordinates": [
          -77.38699,
          38.97821
        ]
      },
      "properties": {
        "title": "Applied Geospatial ML Engineer with Security Clearance",
        "company": "Vantor",
        "location": "Herndon, Fairfax County",
        "country": "US",
        "url": "https://www.adzuna.com/land/ad/5740547027?se=0nN72A7D8RGmDNvs5IYFsw&utm_medium=api&utm_source=600ef87e&v=DFF002237FC600A7E0124CF13C073DBC7A8376DA",
        "created": "2026-05-25T12:48:47Z",
        "salary_min": 162538.56,
        "salary_max": 162538.56,
        "matched_keyword": "geospatial engineer",
        "source": "Adzuna"
      }
    },
    {
      "type": "Feature",
      "geometry": {
        "type": "Point",
        "coordinates": [
          -104.989774,
          39.750625
        ]
      },
      "properties": {
        "title": "Senior Geospatial Data Engineer with Security Clearance",
        "company": "CACI",
        "location": "Federal Heights, Adams County",
        "country": "US",
        "url": "https://www.adzuna.com/land/ad/5740505407?se=0nN72A7D8RGmDNvs5IYFsw&utm_medium=api&utm_source=600ef87e&v=0E26EF3AFC57542C71309589928C0272AE9083F3",
        "created": "2026-05-25T12:32:28Z",
        "salary_min": 100740.27,
        "salary_max": 100740.27,
        "matched_keyword": "geospatial engineer",
        "source": "Adzuna"
      }
    },
    {
      "type": "Feature",
      "geometry": {
        "type": "Point",
        "coordinates": [
          -84.702515,
          34.439837
        ]
      },
      "properties": {
        "title": "Geospatial Data Engineer (Senior) with Security Clearance",
        "company": "Core One",
        "location": "Fairmount, Gordon County",
        "country": "US",
        "url": "https://www.adzuna.com/land/ad/5906933676?se=0nN72A7D8RGmDNvs5IYFsw&utm_medium=api&utm_source=600ef87e&v=FDC783BE669F4A252BA3F941678E3FB288D984A7",
        "created": "2026-10-01T22:47:28Z",
        "salary_min": 93790.62,
        "salary_max": 93790.62,
        "matched_keyword": "geospatial engineer",
        "source": "Adzuna"
      }
    },
    {
      "type": "Feature",
      "geometry": {
        "type": "Point",
        "coordinates": [
          -79.472486,
          35.631186
        ]
      },
      "properties": {
        "title": "AI/ML Engineer (Geospatial)",
        "company": "CACI International, Inc.",
        "location": "North Carolina, US",
        "country": "US",
        "url": "https://www.adzuna.com/land/ad/5917046416?se=0nN72A7D8RGmDNvs5IYFsw&utm_medium=api&utm_source=600ef87e&v=5C7116680E4D331679ECF74FE4C2080846603E0A",
        "created": "2026-10-07T08:33:37Z",
        "salary_min": 152157.22,
        "salary_max": 152157.22,
        "matched_keyword": "geospatial engineer",
        "source": "Adzuna"
      }
    },
    {
      "type": "Feature",
      "geometry": {
        "type": "Point",
        "coordinates": [
          -122.326064,
          47.602485
        ]
      },
      "properties": {
        "title": "Geospatial Data Engineer , WW Sustainability",
        "company": "Amazon",
        "location": "International, King County",
        "country": "US",
        "url": "https://www.adzuna.com/land/ad/5861959553?se=0nN72A7D8RGmDNvs5IYFsw&utm_medium=api&utm_source=600ef87e&v=DA9E628BBD22B03CA193E5D56B86CBF15CB3F80F",
        "created": "2026-08-30T01:54:27Z",
        "salary_min": 198179.98,
        "salary_max": 198179.98,
        "matched_keyword": "geospatial engineer",
        "source": "Adzuna"
      }
    },
    {
      "type": "Feature",
      "geometry": {
        "type": "Point",
        "coordinates": [
          -77.017972,
          38.908569
        ]
      },
      "properties": {
        "title": "Senior Computer Analyst- Software Development & Geospatial Engineer",
        "company": "Objective Area Solutions, LLC",
        "location": "Washington, D.C., US",
        "country": "US",
        "url": "https://www.adzuna.com/details/5865348244?utm_medium=api&utm_source=600ef87e",
        "created": "2026-09-01T18:00:59Z",
        "salary_min": 115000,
        "salary_max": 147000,
        "matched_keyword": "geospatial engineer",
        "source": "Adzuna"
      }
    },
    {
      "type": "Feature",
      "geometry": {
        "type": "Point",
        "coordinates": [
          -77.38699,
          38.97821
        ]
      },
      "properties": {
        "title": "Geospatial Systems Engineer (Mid or Senior Level) with Security Clearance",
        "company": "GRVTY",
        "location": "Herndon, Fairfax County",
        "country": "US",
        "url": "https://www.adzuna.com/land/ad/5885086682?se=0nN72A7D8RGmDNvs5IYFsw&utm_medium=api&utm_source=600ef87e&v=60F23181218CAA6B5F1EDD89160E0DFD671B573F",
        "created": "2026-09-15T16:03:27Z",
        "salary_min": 108565.09,
        "salary_max": 108565.09,
        "matched_keyword": "geospatial engineer",
        "source": "Adzuna"
      }
    },
    {
      "type": "Feature",
      "geometry": {
        "type": "Point",
        "coordinates": [
          -77.017972,
          38.908569
        ]
      },
      "properties": {
        "title": "Senior Computer Analyst- Software Development & Geospatial Engineer",
        "company": "Objective Area Solutions",
        "location": "Washington, D.C., US",
        "country": "US",
        "url": "https://www.adzuna.com/details/5866411926?utm_medium=api&utm_source=600ef87e",
        "created": "2026-09-01T23:50:28Z",
        "salary_min": 115000,
        "salary_max": 147000,
        "matched_keyword": "geospatial engineer",
        "source": "Adzuna"
      }
    },
    {
      "type": "Feature",
      "geometry": {
        "type": "Point",
        "coordinates": [
          -77.2217,
          38.934146
        ]
      },
      "properties": {
        "title": "Geospatial Data Engineer",
        "company": "Network Designs Inc.",
        "location": "Tysons Corner, Fairfax County",
        "country": "US",
        "url": "https://www.adzuna.com/details/5889814561?utm_medium=api&utm_source=600ef87e",
        "created": "2026-09-18T18:32:15Z",
        "salary_min": 120000,
        "salary_max": 145000,
        "matched_keyword": "geospatial engineer",
        "source": "Adzuna"
      }
    },
    {
      "type": "Feature",
      "geometry": {
        "type": "Point",
        "coordinates": [
          -71.210498,
          42.351119
        ]
      },
      "properties": {
        "title": "Geospatial Software Engineer",
        "company": "Zydro Marine Technologies",
        "location": "Newton, Middlesex County",
        "country": "US",
        "url": "https://www.adzuna.com/details/5878218580?utm_medium=api&utm_source=600ef87e",
        "created": "2026-09-10T05:13:47Z",
        "salary_min": 130000,
        "salary_max": 190000,
        "matched_keyword": "geospatial engineer",
        "source": "Adzuna"
      }
    },
    {
      "type": "Feature",
      "geometry": {
        "type": "Point",
        "coordinates": [
          -77.23,
          38.97
        ]
      },
      "properties": {
        "title": "Geospatial Platform Engineer",
        "company": "Vantor",
        "location": "Mc Lean, Fairfax County",
        "country": "US",
        "url": "https://www.adzuna.com/details/5761146673?utm_medium=api&utm_source=600ef87e",
        "created": "2026-06-12T04:28:17Z",
        "salary_min": 161000,
        "salary_max": 215000,
        "matched_keyword": "geospatial engineer",
        "source": "Adzuna"
      }
    },
    {
      "type": "Feature",
      "geometry": {
        "type": "Point",
        "coordinates": [
          -117.614146,
          34.135667
        ]
      },
      "properties": {
        "title": "Staff Engineer - Planning/Analysis",
        "company": "WestLAND Group",
        "location": "Rancho Cucamonga, San Bernardino County",
        "country": "US",
        "url": "https://www.adzuna.com/land/ad/5915758224?se=0nN72A7D8RGmDNvs5IYFsw&utm_medium=api&utm_source=600ef87e&v=EF1616BB4A6C739D18A2857EB5EDBF3FED97FB40",
        "created": "2026-10-07T01:56:18Z",
        "salary_min": 79007.2,
        "salary_max": 79007.2,
        "matched_keyword": "geospatial engineer",
        "source": "Adzuna"
      }
    },
    {
      "type": "Feature",
      "geometry": {
        "type": "Point",
        "coordinates": [
          -82.51296,
          27.84384
        ]
      },
      "properties": {
        "title": "Geospatial Frontend Engineer",
        "company": "Parsons Corporation",
        "location": "MacDill Air Force Base, Hillsborough County",
        "country": "US",
        "url": "https://www.adzuna.com/details/5918847146?utm_medium=api&utm_source=600ef87e",
        "created": "2026-10-08T07:11:47Z",
        "salary_min": 134256.39,
        "salary_max": 134256.39,
        "matched_keyword": "geospatial engineer",
        "source": "Adzuna"
      }
    },
    {
      "type": "Feature",
      "geometry": {
        "type": "Point",
        "coordinates": [
          -77.187169,
          38.776903
        ]
      },
      "properties": {
        "title": "Senior Geospatial Engineer - Active (TS/SCI and CI/Poly Eligible)",
        "company": "Vibrint",
        "location": "West Springfield, Fairfax County",
        "country": "US",
        "url": "https://www.adzuna.com/details/5724455909?utm_medium=api&utm_source=600ef87e",
        "created": "2026-05-09T16:44:56Z",
        "salary_min": 160000,
        "salary_max": 190000,
        "matched_keyword": "geospatial engineer",
        "source": "Adzuna"
      }
    },
    {
      "type": "Feature",
      "geometry": {
        "type": "Point",
        "coordinates": [
          -122.418411,
          37.65319
        ]
      },
      "properties": {
        "title": "Solutions Engineer - Mining Automation & Geospatial Technology",
        "company": "Skycatch",
        "location": "South San Francisco, San Mateo County",
        "country": "US",
        "url": "https://www.adzuna.com/land/ad/5915609091?se=0nN72A7D8RGmDNvs5IYFsw&utm_medium=api&utm_source=600ef87e&v=4F9DC2E5FEE48B7709D10CBA2580627FD99AF225",
        "created": "2026-10-07T01:30:11Z",
        "salary_min": 99152.43,
        "salary_max": 99152.43,
        "matched_keyword": "geospatial engineer",
        "source": "Adzuna"
      }
    },
    {
      "type": "Feature",
      "geometry": {
        "type": "Point",
        "coordinates": [
          -77.38077,
          38.96806
        ]
      },
      "properties": {
        "title": "Geospatial Systems Engineer (Top Secret Clearance Required) with Security Clearance",
        "company": "North Point Technology",
        "location": "Herndon, Fairfax County",
        "country": "US",
        "url": "https://www.adzuna.com/land/ad/5818033633?se=0nN72A7D8RGmDNvs5IYFsw&utm_medium=api&utm_source=600ef87e&v=0698E02EDCBFF5F313ADDA3E636B7578FC8D06BD",
        "created": "2026-07-28T01:24:00Z",
        "salary_min": 115719.57,
        "salary_max": 115719.57,
        "matched_keyword": "geospatial engineer",
        "source": "Adzuna"
      }
    },
    {
      "type": "Feature",
      "geometry": {
        "type": "Point",
        "coordinates": [
          -77.332845,
          38.84732
        ]
      },
      "properties": {
        "title": "Senior Geospatial Data Engineer (sign-on bonus eligible) with Security Clearance",
        "company": "Vantor",
        "location": "Fairfax, Fairfax County",
        "country": "US",
        "url": "https://www.adzuna.com/land/ad/5800196922?se=0nN72A7D8RGmDNvs5IYFsw&utm_medium=api&utm_source=600ef87e&v=1B54B844684379DAA1FD51376E9286DFF95847CB",
        "created": "2026-07-14T15:39:22Z",
        "salary_min": 120092.58,
        "salary_max": 120092.58,
        "matched_keyword": "geospatial engineer",
        "source": "Adzuna"
      }
    },
    {
      "type": "Feature",
      "geometry": {
        "type": "Point",
        "coordinates": [
          -77.177376,
          38.931639
        ]
      },
      "properties": {
        "title": "Senior Geospatial Data Engineer (sign-on bonus eligible)",
        "company": "Vantor",
        "location": "Pimmit, Fairfax County",
        "country": "US",
        "url": "https://www.adzuna.com/land/ad/5906049284?se=0nN72A7D8RGmDNvs5IYFsw&utm_medium=api&utm_source=600ef87e&v=113DC56D720B04478CBBCDF7C9D29DB45D4CBDC3",
        "created": "2026-10-01T13:53:12Z",
        "salary_min": 130596.68,
        "salary_max": 130596.68,
        "matched_keyword": "geospatial engineer",
        "source": "Adzuna"
      }
    },
    {
      "type": "Feature",
      "geometry": {
        "type": "Point",
        "coordinates": [
          -77.332845,
          38.84732
        ]
      },
      "properties": {
        "title": "Geospatial Data Systems Engineer with Security Clearance",
        "company": "GRVTY",
        "location": "Fairfax, Fairfax County",
        "country": "US",
        "url": "https://www.adzuna.com/land/ad/5884290364?se=0nN72A7D8RGmDNvs5IYFsw&utm_medium=api&utm_source=600ef87e&v=11E5928E57E582CCA634EBFA93000193A63BA655",
        "created": "2026-09-14T23:58:27Z",
        "salary_min": 108561.88,
        "salary_max": 108561.88,
        "matched_keyword": "geospatial engineer",
        "source": "Adzuna"
      }
    },
    {
      "type": "Feature",
      "geometry": {
        "type": "Point",
        "coordinates": [
          -78.991916,
          35.14346
        ]
      },
      "properties": {
        "title": "AI/ML Engineer (Geospatial)",
        "company": "CACI International",
        "location": "Fort Bragg, Cumberland County",
        "country": "US",
        "url": "https://www.adzuna.com/land/ad/5880901664?se=0nN72A7D8RGmDNvs5IYFsw&utm_medium=api&utm_source=600ef87e&v=C4ADB3E979C81D2F4C31F68C98149389A2A50715",
        "created": "2026-09-12T06:56:51Z",
        "salary_min": 140827.55,
        "salary_max": 140827.55,
        "matched_keyword": "geospatial engineer",
        "source": "Adzuna"
      }
    },
    {
      "type": "Feature",
      "geometry": {
        "type": "Point",
        "coordinates": [
          -77.332845,
          38.84732
        ]
      },
      "properties": {
        "title": "Principal Engineer, GIS with Security Clearance",
        "company": "NiyamIT Inc",
        "location": "Fairfax, Fairfax County",
        "country": "US",
        "url": "https://www.adzuna.com/land/ad/5903019800?se=0nN72A7D8RGmDNvs5IYFsw&utm_medium=api&utm_source=600ef87e&v=9EDA7AD7DDC61BF8D11B139FD4E1D4808873DA15",
        "created": "2026-09-29T14:47:37Z",
        "salary_min": 131074.44,
        "salary_max": 131074.44,
        "matched_keyword": "geospatial engineer",
        "source": "Adzuna"
      }
    },
    {
      "type": "Feature",
      "geometry": {
        "type": "Point",
        "coordinates": [
          -77.21178,
          38.80266
        ]
      },
      "properties": {
        "title": "Geospatial Systems Software Engineer with Security Clearance",
        "company": "Bcore",
        "location": "North Springfield, Fairfax County",
        "country": "US",
        "url": "https://www.adzuna.com/land/ad/5837725494?se=0nN72A7D8RGmDNvs5IYFsw&utm_medium=api&utm_source=600ef87e&v=C609D483B6DAFD3DD015DA86891245329354BBB1",
        "created": "2026-08-12T00:15:25Z",
        "salary_min": 94974.05,
        "salary_max": 94974.05,
        "matched_keyword": "geospatial engineer",
        "source": "Adzuna"
      }
    },
    {
      "type": "Feature",
      "geometry": {
        "type": "Point",
        "coordinates": [
          -76.092103,
          36.846097
        ]
      },
      "properties": {
        "title": "Geospatial SME with Security Clearance",
        "company": "PlanIT Group LLC",
        "location": "Virginia Beach, Virginia Beach City",
        "country": "US",
        "url": "https://www.adzuna.com/land/ad/5740502760?se=0nN72A7D8RGmDNvs5IYFsw&utm_medium=api&utm_source=600ef87e&v=F18B1E15C871EE1C1C2314596CE88498C25DADD6",
        "created": "2026-05-25T12:30:47Z",
        "salary_min": 72664.09,
        "salary_max": 72664.09,
        "matched_keyword": "geospatial engineer",
        "source": "Adzuna"
      }
    },
    {
      "type": "Feature",
      "geometry": {
        "type": "Point",
        "coordinates": [
          -104.99,
          39.75
        ]
      },
      "properties": {
        "title": "Senior Geospatial Data Engineer",
        "company": "CACI",
        "location": "Denver, Colorado",
        "country": "US",
        "url": "https://www.adzuna.com/land/ad/5732188631?se=0nN72A7D8RGmDNvs5IYFsw&utm_medium=api&utm_source=600ef87e&v=04FEB72DE9D69FE96FEA1CAD7729D5EBD0C1B7D5",
        "created": "2026-05-17T01:34:55Z",
        "salary_min": 90300,
        "salary_max": 189600,
        "matched_keyword": "geospatial engineer",
        "source": "Adzuna"
      }
    },
    {
      "type": "Feature",
      "geometry": {
        "type": "Point",
        "coordinates": [
          -71.073728,
          42.348354
        ]
      },
      "properties": {
        "title": "Geospatial Software Engineer (Backend)",
        "company": "Chloris Geospatial",
        "location": "Boston, Suffolk County",
        "country": "US",
        "url": "https://www.adzuna.com/details/5807135374?utm_medium=api&utm_source=600ef87e",
        "created": "2026-07-19T06:52:18Z",
        "salary_min": 168364.08,
        "salary_max": 168364.08,
        "matched_keyword": "geospatial engineer",
        "source": "Adzuna"
      }
    },
    {
      "type": "Feature",
      "geometry": {
        "type": "Point",
        "coordinates": [
          -84.280548,
          35.985891
        ]
      },
      "properties": {
        "title": "Geospatial Data Engineer II",
        "company": "Oak Ridge National Laboratory",
        "location": "Oak Ridge, Anderson County",
        "country": "US",
        "url": "https://www.adzuna.com/details/5897529716?utm_medium=api&utm_source=600ef87e",
        "created": "2026-09-24T20:36:57Z",
        "salary_min": 90261.84,
        "salary_max": 90261.84,
        "matched_keyword": "geospatial engineer",
        "source": "Adzuna"
      }
    },
    {
      "type": "Feature",
      "geometry": {
        "type": "Point",
        "coordinates": [
          -77.27,
          38.79
        ]
      },
      "properties": {
        "title": "AWS Geospatial Software Engineer",
        "company": "Booz Allen Hamilton",
        "location": "Springfield, Fairfax County",
        "country": "US",
        "url": "https://www.adzuna.com/land/ad/5787939631?se=0nN72A7D8RGmDNvs5IYFsw&utm_medium=api&utm_source=600ef87e&v=BAC0110C7C6AEAEF7A5265E8240F4445961F2CA1",
        "created": "2026-07-04T06:09:02Z",
        "salary_min": 86800,
        "salary_max": 198000,
        "matched_keyword": "geospatial engineer",
        "source": "Adzuna"
      }
    },
    {
      "type": "Feature",
      "geometry": {
        "type": "Point",
        "coordinates": [
          -90.192822,
          38.630539
        ]
      },
      "properties": {
        "title": "Senior Geospatial Data Engineer",
        "company": "Object Computing",
        "location": "Saint Louis, Saint Louis County",
        "country": "US",
        "url": "https://www.adzuna.com/details/5411127142?utm_medium=api&utm_source=600ef87e",
        "created": "2025-09-22T18:54:03Z",
        "salary_min": 90756.52,
        "salary_max": 90756.52,
        "matched_keyword": "geospatial engineer",
        "source": "Adzuna"
      }
    },
    {
      "type": "Feature",
      "geometry": {
        "type": "Point",
        "coordinates": [
          -78.96528,
          35.07402
        ]
      },
      "properties": {
        "title": "AI/ML Engineer (Geospatial) with Security Clearance",
        "company": "CACI",
        "location": "Ponderosa, Cumberland County",
        "country": "US",
        "url": "https://www.adzuna.com/land/ad/5877425545?se=nBYx2Q7D8RGZrtr1kasdFg&utm_medium=api&utm_source=600ef87e&v=E5628B9BA2DBB9634159EC7C44DEEA049575D389",
        "created": "2026-09-09T13:31:45Z",
        "salary_min": 142856.58,
        "salary_max": 142856.58,
        "matched_keyword": "geospatial engineer",
        "source": "Adzuna"
      }
    },
    {
      "type": "Feature",
      "geometry": {
        "type": "Point",
        "coordinates": [
          -104.99,
          39.75
        ]
      },
      "properties": {
        "title": "Senior Geospatial Data Engineer",
        "company": "CACI International",
        "location": "Denver, Colorado",
        "country": "US",
        "url": "https://www.adzuna.com/details/5912329730?utm_medium=api&utm_source=600ef87e",
        "created": "2026-10-05T05:42:28Z",
        "salary_min": 90708.58,
        "salary_max": 90708.58,
        "matched_keyword": "geospatial engineer",
        "source": "Adzuna"
      }
    },
    {
      "type": "Feature",
      "geometry": {
        "type": "Point",
        "coordinates": [
          -117.164709,
          32.726967
        ]
      },
      "properties": {
        "title": "Senior Software Engineer Expeditionary Systems (OpAI) - Secret Clearance Required",
        "company": "PMAT",
        "location": "San Diego, San Diego County",
        "country": "US",
        "url": "https://www.adzuna.com/land/ad/5917135929?se=nBYx2Q7D8RGZrtr1kasdFg&utm_medium=api&utm_source=600ef87e&v=E07DE74831C685DA2F90F8905665083F7C48ECA6",
        "created": "2026-10-07T09:51:18Z",
        "salary_min": 186655.7,
        "salary_max": 186655.7,
        "matched_keyword": "geospatial engineer",
        "source": "Adzuna"
      }
    },
    {
      "type": "Feature",
      "geometry": {
        "type": "Point",
        "coordinates": [
          -76.726777,
          39.11376
        ]
      },
      "properties": {
        "title": "Geospatial Developer / Engineer / Analyst - Pipeline",
        "company": "Orion Consortium",
        "location": "Fort George G Meade, Anne Arundel County",
        "country": "US",
        "url": "https://www.adzuna.com/details/5877394919?utm_medium=api&utm_source=600ef87e",
        "created": "2026-09-09T13:13:58Z",
        "salary_min": 114744.27,
        "salary_max": 114744.27,
        "matched_keyword": "geospatial engineer",
        "source": "Adzuna"
      }
    },
    {
      "type": "Feature",
      "geometry": {
        "type": "Point",
        "coordinates": [
          -77.1875,
          38.789167
        ]
      },
      "properties": {
        "title": "Senior Geospatial Systems Software Engineer with Security Clearance",
        "company": "NorthHill Technology Resources",
        "location": "North Springfield, Fairfax County",
        "country": "US",
        "url": "https://www.adzuna.com/land/ad/5830859794?se=nBYx2Q7D8RGZrtr1kasdFg&utm_medium=api&utm_source=600ef87e&v=BF8F42FD64BF40DE8767964111145FF0B76E5EE2",
        "created": "2026-08-06T15:45:45Z",
        "salary_min": 115074.12,
        "salary_max": 115074.12,
        "matched_keyword": "geospatial engineer",
        "source": "Adzuna"
      }
    },
    {
      "type": "Feature",
      "geometry": {
        "type": "Point",
        "coordinates": [
          -117.16431,
          32.7211
        ]
      },
      "properties": {
        "title": "Geospatial Software Test Engineer (Hybrid) with Security Clearance",
        "company": "BAE Systems",
        "location": "San Diego, San Diego County",
        "country": "US",
        "url": "https://www.adzuna.com/land/ad/5884992943?se=nBYx2Q7D8RGZrtr1kasdFg&utm_medium=api&utm_source=600ef87e&v=2C0B322C6BD9539EA55E4FAABC40C109968D5A59",
        "created": "2026-09-15T13:51:29Z",
        "salary_min": 126488.14,
        "salary_max": 126488.14,
        "matched_keyword": "geospatial engineer",
        "source": "Adzuna"
      }
    },
    {
      "type": "Feature",
      "geometry": {
        "type": "Point",
        "coordinates": [
          -77.187169,
          38.776903
        ]
      },
      "properties": {
        "title": "Geospatial Systems Software Engineer, Mid with Security Clearance",
        "company": "General Dynamics Information Technology",
        "location": "West Springfield, Fairfax County",
        "country": "US",
        "url": "https://www.adzuna.com/land/ad/5905819864?se=nBYx2Q7D8RGZrtr1kasdFg&utm_medium=api&utm_source=600ef87e&v=467F4D465FF615995AFE0AA511A6782A8C314774",
        "created": "2026-10-01T10:52:03Z",
        "salary_min": 71803.41,
        "salary_max": 71803.41,
        "matched_keyword": "geospatial engineer",
        "source": "Adzuna"
      }
    },
    {
      "type": "Feature",
      "geometry": {
        "type": "Point",
        "coordinates": [
          -117.136851,
          32.773978
        ]
      },
      "properties": {
        "title": "Geospatial Software Test Engineer (Hybrid)",
        "company": "BAE Systems",
        "location": "San Diego, San Diego County",
        "country": "US",
        "url": "https://www.adzuna.com/land/ad/5889131197?se=nBYx2Q7D8RGZrtr1kasdFg&utm_medium=api&utm_source=600ef87e&v=D1FCBA4F9344B49728E48169B30FFFFAE94B78D6",
        "created": "2026-09-18T06:53:25Z",
        "salary_min": 113736.94,
        "salary_max": 113736.94,
        "matched_keyword": "geospatial engineer",
        "source": "Adzuna"
      }
    },
    {
      "type": "Feature",
      "geometry": {
        "type": "Point",
        "coordinates": [
          -122.29215,
          47.6656
        ]
      },
      "properties": {
        "title": "Software Engineer, Geospatial Platform (Terra) with Security Clearance",
        "company": "Anduril Industries",
        "location": "Fort Lawton, King County",
        "country": "US",
        "url": "https://www.adzuna.com/land/ad/5872507885?se=nBYx2Q7D8RGZrtr1kasdFg&utm_medium=api&utm_source=600ef87e&v=EF2772D8E46A1B2B9141385CB5CE49320084FE35",
        "created": "2026-09-05T21:20:41Z",
        "salary_min": 134173.19,
        "salary_max": 134173.19,
        "matched_keyword": "geospatial engineer",
        "source": "Adzuna"
      }
    },
    {
      "type": "Feature",
      "geometry": {
        "type": "Point",
        "coordinates": [
          -122.336407,
          47.608492
        ]
      },
      "properties": {
        "title": "Geospatial Data Engineer , WW Sustainability",
        "company": "Amazon",
        "location": "Seattle, King County",
        "country": "US",
        "url": "https://www.adzuna.com/land/ad/5861994651?se=nBYx2Q7D8RGZrtr1kasdFg&utm_medium=api&utm_source=600ef87e&v=CC990A8D8DCBFA207D0DDE58EE00C633293E30AD",
        "created": "2026-08-30T03:39:21Z",
        "salary_min": 132100,
        "salary_max": 178800,
        "matched_keyword": "geospatial engineer",
        "source": "Adzuna"
      }
    },
    {
      "type": "Feature",
      "geometry": {
        "type": "Point",
        "coordinates": [
          -122.086585,
          37.378535
        ]
      },
      "properties": {
        "title": "Software Engineer - Real-Time Geospatial Mapping for Planetary Exploration",
        "company": "KBR",
        "location": "Mountain View, Santa Clara County",
        "country": "US",
        "url": "https://www.adzuna.com/land/ad/5915203212?se=nBYx2Q7D8RGZrtr1kasdFg&utm_medium=api&utm_source=600ef87e&v=41A74F924F55D6315976B9F8666104EDFECE85CB",
        "created": "2026-10-06T23:07:14Z",
        "salary_min": 145157.88,
        "salary_max": 145157.88,
        "matched_keyword": "geospatial engineer",
        "source": "Adzuna"
      }
    },
    {
      "type": "Feature",
      "geometry": {
        "type": "Point",
        "coordinates": [
          -118.405515,
          33.922235
        ]
      },
      "properties": {
        "title": "Sr. Staff Software Engineer (Full Stack Software Discipline Lead with Security Clearance",
        "company": "Northrop Grumman",
        "location": "El Segundo, Los Angeles County",
        "country": "US",
        "url": "https://www.adzuna.com/land/ad/5761546070?se=nBYx2Q7D8RGZrtr1kasdFg&utm_medium=api&utm_source=600ef87e&v=E5C07A774C877900ABEAFD3ABAC002478E41AC02",
        "created": "2026-06-12T15:06:04Z",
        "salary_min": 299710.66,
        "salary_max": 299710.66,
        "matched_keyword": "geospatial engineer",
        "source": "Adzuna"
      }
    },
    {
      "type": "Feature",
      "geometry": {
        "type": "Point",
        "coordinates": [
          -117.16431,
          32.7211
        ]
      },
      "properties": {
        "title": "Sr. Staff Software Engineer (Full Stack Software Discipline Lead with Security Clearance",
        "company": "Northrop Grumman",
        "location": "San Diego, San Diego County",
        "country": "US",
        "url": "https://www.adzuna.com/land/ad/5761543271?se=nBYx2Q7D8RGZrtr1kasdFg&utm_medium=api&utm_source=600ef87e&v=F66699577F80892ED4D87479DB015035F40D067B",
        "created": "2026-06-12T14:57:52Z",
        "salary_min": 315962.78,
        "salary_max": 315962.78,
        "matched_keyword": "geospatial engineer",
        "source": "Adzuna"
      }
    },
    {
      "type": "Feature",
      "geometry": {
        "type": "Point",
        "coordinates": [
          -77.382758,
          38.983721
        ]
      },
      "properties": {
        "title": "Geospatial Systems Engineer (Mid or Senior Level)",
        "company": "GRVTY",
        "location": "Herndon, Fairfax County",
        "country": "US",
        "url": "https://www.adzuna.com/details/5905231036?utm_medium=api&utm_source=600ef87e",
        "created": "2026-10-01T04:51:41Z",
        "salary_min": 105200,
        "salary_max": 177800,
        "matched_keyword": "geospatial engineer",
        "source": "Adzuna"
      }
    },
    {
      "type": "Feature",
      "geometry": {
        "type": "Point",
        "coordinates": [
          -118.378634,
          33.832117
        ]
      },
      "properties": {
        "title": "Sr. Staff Software Engineer (Full Stack Software Discipline Lead with Security Clearance",
        "company": "Northrop Grumman",
        "location": "Redondo Beach, Los Angeles County",
        "country": "US",
        "url": "https://www.adzuna.com/land/ad/5761546072?se=nBYx2Q7D8RGZrtr1kasdFg&utm_medium=api&utm_source=600ef87e&v=D60423420CAED9F880110A01FDF113A4D0E7ED2F",
        "created": "2026-06-12T15:06:04Z",
        "salary_min": 283459.6,
        "salary_max": 283459.6,
        "matched_keyword": "geospatial engineer",
        "source": "Adzuna"
      }
    },
    {
      "type": "Feature",
      "geometry": {
        "type": "Point",
        "coordinates": [
          -118.40173,
          33.889903
        ]
      },
      "properties": {
        "title": "Sr. Staff Software Engineer (Full Stack Software Discipline Lead with Security Clearance",
        "company": "Northrop Grumman",
        "location": "Manhattan Beach, Los Angeles County",
        "country": "US",
        "url": "https://www.adzuna.com/land/ad/5761543252?se=nBYx2Q7D8RGZrtr1kasdFg&utm_medium=api&utm_source=600ef87e&v=C82448DECD15E8BF0362131319F6AC244EC55906",
        "created": "2026-06-12T14:57:51Z",
        "salary_min": 281862.7,
        "salary_max": 281862.7,
        "matched_keyword": "geospatial engineer",
        "source": "Adzuna"
      }
    },
    {
      "type": "Feature",
      "geometry": {
        "type": "Point",
        "coordinates": [
          -97.5625,
          35.49155
        ]
      },
      "properties": {
        "title": "Sr. Staff Software Engineer (Full Stack Software Discipline Lead with Security Clearance",
        "company": "Northrop Grumman",
        "location": "Warr Acres, Oklahoma County",
        "country": "US",
        "url": "https://www.adzuna.com/land/ad/5761543269?se=nBYx2Q7D8RGZrtr1kasdFg&utm_medium=api&utm_source=600ef87e&v=D3F49A0A7B45F862CC27ACBB61CB47F0B66343EC",
        "created": "2026-06-12T14:57:52Z",
        "salary_min": 449298.53,
        "salary_max": 449298.53,
        "matched_keyword": "geospatial engineer",
        "source": "Adzuna"
      }
    },
    {
      "type": "Feature",
      "geometry": {
        "type": "Point",
        "coordinates": [
          -80.621445,
          28.065277
        ]
      },
      "properties": {
        "title": "Sr. Staff Software Engineer (Full Stack Software Discipline Lead with Security Clearance",
        "company": "Northrop Grumman",
        "location": "Melbourne, Brevard County",
        "country": "US",
        "url": "https://www.adzuna.com/land/ad/5761543275?se=nBYx2Q7D8RGZrtr1kasdFg&utm_medium=api&utm_source=600ef87e&v=BB2CB2751CD83264653E0B01DE5683D3F42C6A90",
        "created": "2026-06-12T14:57:52Z",
        "salary_min": 314097.06,
        "salary_max": 314097.06,
        "matched_keyword": "geospatial engineer",
        "source": "Adzuna"
      }
    },
    {
      "type": "Feature",
      "geometry": {
        "type": "Point",
        "coordinates": [
          -118.242,
          34.58982
        ]
      },
      "properties": {
        "title": "Sr. Staff Software Engineer (Full Stack Software Discipline Lead with Security Clearance",
        "company": "Northrop Grumman",
        "location": "City Ranch, Los Angeles County",
        "country": "US",
        "url": "https://www.adzuna.com/land/ad/5761543286?se=nBYx2Q7D8RGZrtr1kasdFg&utm_medium=api&utm_source=600ef87e&v=8AF6B4E3A86910942494548E37BA616C4546AB8A",
        "created": "2026-06-12T14:57:52Z",
        "salary_min": 321228.44,
        "salary_max": 321228.44,
        "matched_keyword": "geospatial engineer",
        "source": "Adzuna"
      }
    },
    {
      "type": "Feature",
      "geometry": {
        "type": "Point",
        "coordinates": [
          -90.294636,
          38.585617
        ]
      },
      "properties": {
        "title": "4375 Software Developer with Security Clearance",
        "company": "Procession Systems",
        "location": "Shrewsbury, Saint Louis County",
        "country": "US",
        "url": "https://www.adzuna.com/land/ad/5740539572?se=nBYx2Q7D8RGZrtr1kasdFg&utm_medium=api&utm_source=600ef87e&v=78B39FDB8004EAA971A1E62BE7A9A57BEDB18C4F",
        "created": "2026-05-25T12:45:30Z",
        "salary_min": 92156.36,
        "salary_max": 92156.36,
        "matched_keyword": "geospatial engineer",
        "source": "Adzuna"
      }
    },
    {
      "type": "Feature",
      "geometry": {
        "type": "Point",
        "coordinates": [
          -77.187169,
          38.776903
        ]
      },
      "properties": {
        "title": "Geospatial Systems Software Engineer",
        "company": "bcore",
        "location": "West Springfield, Fairfax County",
        "country": "US",
        "url": "https://www.adzuna.com/details/5838349369?utm_medium=api&utm_source=600ef87e",
        "created": "2026-08-12T10:21:59Z",
        "salary_min": 99588.92,
        "salary_max": 99588.92,
        "matched_keyword": "geospatial engineer",
        "source": "Adzuna"
      }
    },
    {
      "type": "Feature",
      "geometry": {
        "type": "Point",
        "coordinates": [
          -77.23,
          38.97
        ]
      },
      "properties": {
        "title": "Geospatial Data Systems Engineer",
        "company": "Grvty",
        "location": "Mc Lean, Fairfax County",
        "country": "US",
        "url": "https://www.adzuna.com/details/5905295122?utm_medium=api&utm_source=600ef87e",
        "created": "2026-10-01T05:56:09Z",
        "salary_min": 150000,
        "salary_max": 250000,
        "matched_keyword": "geospatial engineer",
        "source": "Adzuna"
      }
    },
    {
      "type": "Feature",
      "geometry": {
        "type": "Point",
        "coordinates": [
          -73.980703,
          40.680459
        ]
      },
      "properties": {
        "title": "Software Engineer, Geospatial Systems",
        "company": "Paces",
        "location": "Brooklyn, New York City",
        "country": "US",
        "url": "https://www.adzuna.com/details/5889321324?utm_medium=api&utm_source=600ef87e",
        "created": "2026-09-18T10:01:55Z",
        "salary_min": 150000,
        "salary_max": 220000,
        "matched_keyword": "geospatial engineer",
        "source": "Adzuna"
      }
    },
    {
      "type": "Feature",
      "geometry": {
        "type": "Point",
        "coordinates": [
          -77.23,
          38.97
        ]
      },
      "properties": {
        "title": "Senior Geospatial Data Engineer - TS/SCI with Poly",
        "company": "Orchard",
        "location": "Mc Lean, Fairfax County",
        "country": "US",
        "url": "https://www.adzuna.com/land/ad/5900354227?se=nBYx2Q7D8RGZrtr1kasdFg&utm_medium=api&utm_source=600ef87e&v=8828FD712F73838EEC25E6B6E411DE40165D7369",
        "created": "2026-09-27T01:42:28Z",
        "salary_min": 140000,
        "salary_max": 187000,
        "matched_keyword": "geospatial engineer",
        "source": "Adzuna"
      }
    },
    {
      "type": "Feature",
      "geometry": {
        "type": "Point",
        "coordinates": [
          -77.23,
          38.97
        ]
      },
      "properties": {
        "title": "Senior Geospatial Data Engineer (sign-on bonus eligible)",
        "company": "Vantor",
        "location": "Mc Lean, Fairfax County",
        "country": "US",
        "url": "https://www.adzuna.com/details/5778726735?utm_medium=api&utm_source=600ef87e",
        "created": "2026-06-27T01:41:56Z",
        "salary_min": 140000,
        "salary_max": 187000,
        "matched_keyword": "geospatial engineer",
        "source": "Adzuna"
      }
    },
    {
      "type": "Feature",
      "geometry": {
        "type": "Point",
        "coordinates": [
          -77.382758,
          38.983721
        ]
      },
      "properties": {
        "title": "Geospatial Systems Engineer (Top Secret Clearance Required)",
        "company": "North Point Technology",
        "location": "Herndon, Fairfax County",
        "country": "US",
        "url": "https://www.adzuna.com/details/5856809025?utm_medium=api&utm_source=600ef87e",
        "created": "2026-08-26T08:31:18Z",
        "salary_min": 117549.62,
        "salary_max": 117549.62,
        "matched_keyword": "geospatial engineer",
        "source": "Adzuna"
      }
    },
    {
      "type": "Feature",
      "geometry": {
        "type": "Point",
        "coordinates": [
          -84.485507,
          38.013412
        ]
      },
      "properties": {
        "title": "Architecture Senior Project Manager",
        "company": "GRW Engineers, Inc.",
        "location": "Lexington, Fayette County",
        "country": "US",
        "url": "https://www.adzuna.com/land/ad/5914963245?se=nBYx2Q7D8RGZrtr1kasdFg&utm_medium=api&utm_source=600ef87e&v=CF377D12A296FF379D1A0396D1A5F19698B525DC",
        "created": "2026-10-06T22:05:50Z",
        "salary_min": 96051.89,
        "salary_max": 96051.89,
        "matched_keyword": "geospatial engineer",
        "source": "Adzuna"
      }
    },
    {
      "type": "Feature",
      "geometry": {
        "type": "Point",
        "coordinates": [
          -117.16431,
          32.7211
        ]
      },
      "properties": {
        "title": "Senior Software Engineer Expeditionary Systems (OpAI) with Security Clearance",
        "company": "SAIC",
        "location": "San Diego, San Diego County",
        "country": "US",
        "url": "https://www.adzuna.com/land/ad/5840656207?se=nBYx2Q7D8RGZrtr1kasdFg&utm_medium=api&utm_source=600ef87e&v=6102F390D44BA6234C5555F601D427AA48DB79CE",
        "created": "2026-08-13T16:17:31Z",
        "salary_min": 184903.48,
        "salary_max": 184903.48,
        "matched_keyword": "geospatial engineer",
        "source": "Adzuna"
      }
    },
    {
      "type": "Feature",
      "geometry": {
        "type": "Point",
        "coordinates": [
          -117.164709,
          32.726967
        ]
      },
      "properties": {
        "title": "System Administrator Expeditionary Systems (OpAI)",
        "company": "SAIC",
        "location": "San Diego, San Diego County",
        "country": "US",
        "url": "https://www.adzuna.com/land/ad/5842809280?se=nBYx2Q7D8RGZrtr1kasdFg&utm_medium=api&utm_source=600ef87e&v=17E4F991F3ED8CE17D5006CC86F54BABF6F55F91",
        "created": "2026-08-15T02:29:08Z",
        "salary_min": 206354.62,
        "salary_max": 206354.62,
        "matched_keyword": "geospatial engineer",
        "source": "Adzuna"
      }
    },
    {
      "type": "Feature",
      "geometry": {
        "type": "Point",
        "coordinates": [
          -76.883626,
          39.206658
        ]
      },
      "properties": {
        "title": "Senior Geospatial Software Engineer (TS/SCI with Polygraph required)",
        "company": "Red Alpha",
        "location": "Columbia, Howard County",
        "country": "US",
        "url": "https://www.adzuna.com/details/5444392326?utm_medium=api&utm_source=600ef87e",
        "created": "2025-10-12T11:33:52Z",
        "salary_min": 165000,
        "salary_max": 235000,
        "matched_keyword": "geospatial engineer",
        "source": "Adzuna"
      }
    },
    {
      "type": "Feature",
      "geometry": {
        "type": "Point",
        "coordinates": [
          -76.883626,
          39.206658
        ]
      },
      "properties": {
        "title": "Principal Geospatial Software Engineer (TS/SCI with Polygraph required)",
        "company": "Red Alpha",
        "location": "Columbia, Howard County",
        "country": "US",
        "url": "https://www.adzuna.com/details/5444131709?utm_medium=api&utm_source=600ef87e",
        "created": "2025-10-12T08:21:54Z",
        "salary_min": 190000,
        "salary_max": 235000,
        "matched_keyword": "geospatial engineer",
        "source": "Adzuna"
      }
    },
    {
      "type": "Feature",
      "geometry": {
        "type": "Point",
        "coordinates": [
          -90.32574,
          38.64546
        ]
      },
      "properties": {
        "title": "GIS / Travelways Engineer with Security Clearance",
        "company": "CEdge Software Consultants",
        "location": "Clayton, Saint Louis County",
        "country": "US",
        "url": "https://www.adzuna.com/land/ad/5775150960?se=nBYx2Q7D8RGZrtr1kasdFg&utm_medium=api&utm_source=600ef87e&v=97CF35A3C30C8060E86CA3AAC67ABB5604BB994E",
        "created": "2026-06-24T16:17:58Z",
        "salary_min": 68854.67,
        "salary_max": 68854.67,
        "matched_keyword": "geospatial engineer",
        "source": "Adzuna"
      }
    },
    {
      "type": "Feature",
      "geometry": {
        "type": "Point",
        "coordinates": [
          -105.13193,
          39.977763
        ]
      },
      "properties": {
        "title": "Account Executive Telecom",
        "company": "Magnasoft",
        "location": "Louisville, Boulder County",
        "country": "US",
        "url": "https://www.adzuna.com/land/ad/5914099298?se=nBYx2Q7D8RGZrtr1kasdFg&utm_medium=api&utm_source=600ef87e&v=8F58A99D953D35671E72F89FCAF451C6FF61F796",
        "created": "2026-10-06T12:32:24Z",
        "salary_min": 91889.84,
        "salary_max": 91889.84,
        "matched_keyword": "geospatial engineer",
        "source": "Adzuna"
      }
    },
    {
      "type": "Feature",
      "geometry": {
        "type": "Point",
        "coordinates": [
          -89.649874,
          39.799492
        ]
      },
      "properties": {
        "title": "Senior Geospatial Systems Software Engineer",
        "company": "ATR, LLC",
        "location": "Springfield, Sangamon County",
        "country": "US",
        "url": "https://www.adzuna.com/details/5831900956?utm_medium=api&utm_source=600ef87e",
        "created": "2026-08-07T06:45:34Z",
        "salary_min": 119418.76,
        "salary_max": 119418.76,
        "matched_keyword": "geospatial engineer",
        "source": "Adzuna"
      }
    },
    {
      "type": "Feature",
      "geometry": {
        "type": "Point",
        "coordinates": [
          -117.75493,
          33.751486
        ]
      },
      "properties": {
        "title": "Staff Geospatial Data Science Engineer",
        "company": "Rivian and Volkswagen Group Technologies",
        "location": "Irvine, Orange County",
        "country": "US",
        "url": "https://www.adzuna.com/details/5816412274?utm_medium=api&utm_source=600ef87e",
        "created": "2026-07-26T06:01:38Z",
        "salary_min": 171100,
        "salary_max": 235300,
        "matched_keyword": "geospatial engineer",
        "source": "Adzuna"
      }
    },
    {
      "type": "Feature",
      "geometry": {
        "type": "Point",
        "coordinates": [
          -93.328184,
          37.22078
        ]
      },
      "properties": {
        "title": "Geospatial Systems Software Engineer, Mid",
        "company": "GD Information Technology",
        "location": "Springfield, Greene County",
        "country": "US",
        "url": "https://www.adzuna.com/land/ad/5846214019?se=nBYx2Q7D8RGZrtr1kasdFg&utm_medium=api&utm_source=600ef87e&v=379FEA4D6890761AE12C06A67A107B6B8C8F8560",
        "created": "2026-08-18T03:06:46Z",
        "salary_min": 148750,
        "salary_max": 201250,
        "matched_keyword": "geospatial engineer",
        "source": "Adzuna"
      }
    },
    {
      "type": "Feature",
      "geometry": {
        "type": "Point",
        "coordinates": [
          -77.38699,
          38.97821
        ]
      },
      "properties": {
        "title": "GIS Engineer (TS/SCI) with Security Clearance",
        "company": "Vantor",
        "location": "Herndon, Fairfax County",
        "country": "US",
        "url": "https://www.adzuna.com/land/ad/5865231647?se=xOnf2Q7D8RGZrtr1kasdFg&utm_medium=api&utm_source=600ef87e&v=E523F5358033F247E80738B1928811590D934E2E",
        "created": "2026-09-01T16:21:41Z",
        "salary_min": 203392.47,
        "salary_max": 203392.47,
        "matched_keyword": "GIS engineer",
        "source": "Adzuna"
      }
    },
    {
      "type": "Feature",
      "geometry": {
        "type": "Point",
        "coordinates": [
          -77.220397,
          38.893471
        ]
      },
      "properties": {
        "title": "GIS Database Engineer",
        "company": "SAIC",
        "location": "Vienna, Fairfax County",
        "country": "US",
        "url": "https://www.adzuna.com/land/ad/5828780590?se=xOnf2Q7D8RGZrtr1kasdFg&utm_medium=api&utm_source=600ef87e&v=F29254014BB937047C235156617C0F0EED6D7C94",
        "created": "2026-08-05T01:38:45Z",
        "salary_min": 141281.83,
        "salary_max": 141281.83,
        "matched_keyword": "GIS engineer",
        "source": "Adzuna"
      }
    },
    {
      "type": "Feature",
      "geometry": {
        "type": "Point",
        "coordinates": [
          -90.060664,
          35.154363
        ]
      },
      "properties": {
        "title": "GIS Engineer",
        "company": "Autozone",
        "location": "Memphis, Shelby County",
        "country": "US",
        "url": "https://www.adzuna.com/details/5909576782?utm_medium=api&utm_source=600ef87e",
        "created": "2026-10-03T02:17:08Z",
        "salary_min": 94486.57,
        "salary_max": 94486.57,
        "matched_keyword": "GIS engineer",
        "source": "Adzuna"
      }
    },
    {
      "type": "Feature",
      "geometry": {
        "type": "Point",
        "coordinates": [
          -89.95656,
          35.07032
        ]
      },
      "properties": {
        "title": "Gis Engineer",
        "company": "AutoZone",
        "location": "Cloverdale, Shelby County",
        "country": "US",
        "url": "https://www.adzuna.com/details/5910723833?utm_medium=api&utm_source=600ef87e",
        "created": "2026-10-03T20:54:11Z",
        "salary_min": 95298.5,
        "salary_max": 95298.5,
        "matched_keyword": "GIS engineer",
        "source": "Adzuna"
      }
    },
    {
      "type": "Feature",
      "geometry": {
        "type": "Point",
        "coordinates": [
          -82.387506,
          27.995289
        ]
      },
      "properties": {
        "title": "GIS & Engineering Intern",
        "company": "TransCore",
        "location": "East Lake-Orient Park, Hillsborough County",
        "country": "US",
        "url": "https://www.adzuna.com/details/5684736700?utm_medium=api&utm_source=600ef87e",
        "created": "2026-03-31T22:19:15Z",
        "salary_min": 36980.09,
        "salary_max": 36980.09,
        "matched_keyword": "GIS engineer",
        "source": "Adzuna"
      }
    },
    {
      "type": "Feature",
      "geometry": {
        "type": "Point",
        "coordinates": [
          -97.744386,
          30.272921
        ]
      },
      "properties": {
        "title": "Lead GIS Engineer",
        "company": "Electric Power Engineers",
        "location": "Austin, Travis County",
        "country": "US",
        "url": "https://www.adzuna.com/details/5878560689?utm_medium=api&utm_source=600ef87e",
        "created": "2026-09-10T10:52:21Z",
        "salary_min": 184372.4,
        "salary_max": 184372.4,
        "matched_keyword": "GIS engineer",
        "source": "Adzuna"
      }
    },
    {
      "type": "Feature",
      "geometry": {
        "type": "Point",
        "coordinates": [
          -90.060664,
          35.154363
        ]
      },
      "properties": {
        "title": "SC - GIS Engineer",
        "company": "APCO International",
        "location": "Memphis, Shelby County",
        "country": "US",
        "url": "https://www.adzuna.com/details/5726562897?utm_medium=api&utm_source=600ef87e",
        "created": "2026-05-12T02:58:15Z",
        "salary_min": 60781.36,
        "salary_max": 60781.36,
        "matched_keyword": "GIS engineer",
        "source": "Adzuna"
      }
    },
    {
      "type": "Feature",
      "geometry": {
        "type": "Point",
        "coordinates": [
          -78.506714,
          38.03589
        ]
      },
      "properties": {
        "title": "GIS Engineering Technician Or Senior GIS Engineering Technician",
        "company": "City of Lee's Summit",
        "location": "Newcomb Hall, Charlottesville",
        "country": "US",
        "url": "https://www.adzuna.com/details/5846093526?utm_medium=api&utm_source=600ef87e",
        "created": "2026-08-18T00:57:49Z",
        "salary_min": 51188,
        "salary_max": 65561,
        "matched_keyword": "GIS engineer",
        "source": "Adzuna"
      }
    },
    {
      "type": "Feature",
      "geometry": {
        "type": "Point",
        "coordinates": [
          -90.32574,
          38.64546
        ]
      },
      "properties": {
        "title": "GIS / Travelways Engineer with Security Clearance",
        "company": "CEdge Software Consultants",
        "location": "Clayton, Saint Louis County",
        "country": "US",
        "url": "https://www.adzuna.com/land/ad/5775150960?se=xOnf2Q7D8RGZrtr1kasdFg&utm_medium=api&utm_source=600ef87e&v=97CF35A3C30C8060E86CA3AAC67ABB5604BB994E",
        "created": "2026-06-24T16:17:58Z",
        "salary_min": 68854.67,
        "salary_max": 68854.67,
        "matched_keyword": "GIS engineer",
        "source": "Adzuna"
      }
    },
    {
      "type": "Feature",
      "geometry": {
        "type": "Point",
        "coordinates": [
          -79.472486,
          35.631186
        ]
      },
      "properties": {
        "title": "GIS Software Engineer (AI/ML)",
        "company": "CACI International, Inc.",
        "location": "North Carolina, US",
        "country": "US",
        "url": "https://www.adzuna.com/land/ad/5917005156?se=xOnf2Q7D8RGZrtr1kasdFg&utm_medium=api&utm_source=600ef87e&v=C12CEFE8DCE4355A80958DCBE86C5788F8A635F5",
        "created": "2026-10-07T08:18:44Z",
        "salary_min": 171616.17,
        "salary_max": 171616.17,
        "matched_keyword": "GIS engineer",
        "source": "Adzuna"
      }
    },
    {
      "type": "Feature",
      "geometry": {
        "type": "Point",
        "coordinates": [
          -77.2551,
          38.8967
        ]
      },
      "properties": {
        "title": "GIS Database Engineer with Security Clearance",
        "company": "SAIC",
        "location": "Tysons, Fairfax County",
        "country": "US",
        "url": "https://www.adzuna.com/land/ad/5907754599?se=xOnf2Q7D8RGZrtr1kasdFg&utm_medium=api&utm_source=600ef87e&v=AE5F3916C459374D5982D378CB3C9F6FD9C513CD",
        "created": "2026-10-02T05:48:13Z",
        "salary_min": 119983.14,
        "salary_max": 119983.14,
        "matched_keyword": "GIS engineer",
        "source": "Adzuna"
      }
    },
    {
      "type": "Feature",
      "geometry": {
        "type": "Point",
        "coordinates": [
          -77.382758,
          38.983721
        ]
      },
      "properties": {
        "title": "GIS Engineer (TS/SCI)",
        "company": "Maxar Technologies",
        "location": "Herndon, Fairfax County",
        "country": "US",
        "url": "https://www.adzuna.com/details/5903663367?utm_medium=api&utm_source=600ef87e",
        "created": "2026-09-30T05:10:04Z",
        "salary_min": 212208.11,
        "salary_max": 212208.11,
        "matched_keyword": "GIS engineer",
        "source": "Adzuna"
      }
    },
    {
      "type": "Feature",
      "geometry": {
        "type": "Point",
        "coordinates": [
          -77.2217,
          38.934146
        ]
      },
      "properties": {
        "title": "Sr GIS Web Engineer with Security Clearance",
        "company": "Integral Federal",
        "location": "Tysons Corner, Fairfax County",
        "country": "US",
        "url": "https://www.adzuna.com/land/ad/5848691857?se=xOnf2Q7D8RGZrtr1kasdFg&utm_medium=api&utm_source=600ef87e&v=2A2301E531AE2A7C9746793AC1FA9838B824AE34",
        "created": "2026-08-19T15:29:55Z",
        "salary_min": 122771.3,
        "salary_max": 122771.3,
        "matched_keyword": "GIS engineer",
        "source": "Adzuna"
      }
    },
    {
      "type": "Feature",
      "geometry": {
        "type": "Point",
        "coordinates": [
          -79.472486,
          35.631186
        ]
      },
      "properties": {
        "title": "Software Engineer (GIS Enterprise)",
        "company": "CACI International, Inc.",
        "location": "North Carolina, US",
        "country": "US",
        "url": "https://www.adzuna.com/land/ad/5917030618?se=xOnf2Q7D8RGZrtr1kasdFg&utm_medium=api&utm_source=600ef87e&v=26166CC82FA3B778E9717341F788708B956612AD",
        "created": "2026-10-07T08:26:00Z",
        "salary_min": 185894.14,
        "salary_max": 185894.14,
        "matched_keyword": "GIS engineer",
        "source": "Adzuna"
      }
    },
    {
      "type": "Feature",
      "geometry": {
        "type": "Point",
        "coordinates": [
          -78.96528,
          35.07402
        ]
      },
      "properties": {
        "title": "GIS Software Engineer (AI/ML) with Security Clearance",
        "company": "CACI",
        "location": "Ponderosa, Cumberland County",
        "country": "US",
        "url": "https://www.adzuna.com/land/ad/5897223335?se=xOnf2Q7D8RGZrtr1kasdFg&utm_medium=api&utm_source=600ef87e&v=FE09592E390E8F26E78D85785EFFBC461C077743",
        "created": "2026-09-24T14:03:48Z",
        "salary_min": 157147.94,
        "salary_max": 157147.94,
        "matched_keyword": "GIS engineer",
        "source": "Adzuna"
      }
    },
    {
      "type": "Feature",
      "geometry": {
        "type": "Point",
        "coordinates": [
          -74.17421,
          40.73111
        ]
      },
      "properties": {
        "title": "GIS Configuration Engineer - Rail and Transit",
        "company": "Parsons Corporation",
        "location": "Newark, Essex County",
        "country": "US",
        "url": "https://www.adzuna.com/land/ad/5797566689?se=xOnf2Q7D8RGZrtr1kasdFg&utm_medium=api&utm_source=600ef87e&v=A70B5CBC147AF6897966CD4D79D45DBFE42CCD67",
        "created": "2026-07-11T22:52:38Z",
        "salary_min": 137922.06,
        "salary_max": 137922.06,
        "matched_keyword": "GIS engineer",
        "source": "Adzuna"
      }
    },
    {
      "type": "Feature",
      "geometry": {
        "type": "Point",
        "coordinates": [
          -78.991916,
          35.14346
        ]
      },
      "properties": {
        "title": "GIS Software Engineer (AI/ML)",
        "company": "CACI International",
        "location": "Fort Bragg, Cumberland County",
        "country": "US",
        "url": "https://www.adzuna.com/land/ad/5899599589?se=xOnf2Q7D8RGZrtr1kasdFg&utm_medium=api&utm_source=600ef87e&v=5934E0496BB5B8ABEE66CAE5866B5C7424DBDDD4",
        "created": "2026-09-26T07:00:32Z",
        "salary_min": 158837.58,
        "salary_max": 158837.58,
        "matched_keyword": "GIS engineer",
        "source": "Adzuna"
      }
    },
    {
      "type": "Feature",
      "geometry": {
        "type": "Point",
        "coordinates": [
          -73.978504,
          40.755381
        ]
      },
      "properties": {
        "title": "GIS Configuration Engineer - Rail and Transit",
        "company": "Parsons Corporation",
        "location": "Grand Central, Manhattan",
        "country": "US",
        "url": "https://www.adzuna.com/land/ad/5797555679?se=xOnf2Q7D8RGZrtr1kasdFg&utm_medium=api&utm_source=600ef87e&v=6B2014BD7620DB990410D787EA669F37FA3F18E8",
        "created": "2026-07-11T22:44:15Z",
        "salary_min": 178981.11,
        "salary_max": 178981.11,
        "matched_keyword": "GIS engineer",
        "source": "Adzuna"
      }
    },
    {
      "type": "Feature",
      "geometry": {
        "type": "Point",
        "coordinates": [
          -94.16095,
          36.06095
        ]
      },
      "properties": {
        "title": "GIS DevSecOps Engineer, Senior Associate",
        "company": "PwC",
        "location": "Greenland, Washington County",
        "country": "US",
        "url": "https://www.adzuna.com/land/ad/5887553605?se=xOnf2Q7D8RGZrtr1kasdFg&utm_medium=api&utm_source=600ef87e&v=14ABFC791ABC215C872AA7C2F962C4F289772E3B",
        "created": "2026-09-17T06:49:10Z",
        "salary_min": 141977.97,
        "salary_max": 141977.97,
        "matched_keyword": "GIS engineer",
        "source": "Adzuna"
      }
    },
    {
      "type": "Feature",
      "geometry": {
        "type": "Point",
        "coordinates": [
          -93.63911,
          41.58345
        ]
      },
      "properties": {
        "title": "GIS DevSecOps Engineer, Senior Associate",
        "company": "PwC",
        "location": "Des Moines, Polk County",
        "country": "US",
        "url": "https://www.adzuna.com/land/ad/5887567465?se=xOnf2Q7D8RGZrtr1kasdFg&utm_medium=api&utm_source=600ef87e&v=F9FCD75BC43776DF12341882ADC75263C9AA352B",
        "created": "2026-09-17T06:52:23Z",
        "salary_min": 111547.7,
        "salary_max": 111547.7,
        "matched_keyword": "GIS engineer",
        "source": "Adzuna"
      }
    },
    {
      "type": "Feature",
      "geometry": {
        "type": "Point",
        "coordinates": [
          -104.984167,
          39.739167
        ]
      },
      "properties": {
        "title": "GIS DevSecOps Engineer, Senior Associate",
        "company": "PwC",
        "location": "Glendale, Denver",
        "country": "US",
        "url": "https://www.adzuna.com/land/ad/5887550221?se=xOnf2Q7D8RGZrtr1kasdFg&utm_medium=api&utm_source=600ef87e&v=AA3D411110FBAE48EE17B548113E6B5C20BBA30E",
        "created": "2026-09-17T06:48:42Z",
        "salary_min": 135345.25,
        "salary_max": 135345.25,
        "matched_keyword": "GIS engineer",
        "source": "Adzuna"
      }
    },
    {
      "type": "Feature",
      "geometry": {
        "type": "Point",
        "coordinates": [
          -86.79971,
          33.50209
        ]
      },
      "properties": {
        "title": "GIS DevSecOps Engineer, Senior Associate",
        "company": "PwC",
        "location": "Birmingham, Jefferson County",
        "country": "US",
        "url": "https://www.adzuna.com/land/ad/5887572177?se=xOnf2Q7D8RGZrtr1kasdFg&utm_medium=api&utm_source=600ef87e&v=E38C6489CD9E6B5A7C64A6ADA8DFEF46E02F5638",
        "created": "2026-09-17T06:53:41Z",
        "salary_min": 111951.19,
        "salary_max": 111951.19,
        "matched_keyword": "GIS engineer",
        "source": "Adzuna"
      }
    },
    {
      "type": "Feature",
      "geometry": {
        "type": "Point",
        "coordinates": [
          -122.657075,
          45.500616
        ]
      },
      "properties": {
        "title": "GIS DevSecOps Engineer, Senior Associate",
        "company": "PwC",
        "location": "Portland, Multnomah County",
        "country": "US",
        "url": "https://www.adzuna.com/land/ad/5887571446?se=xOnf2Q7D8RGZrtr1kasdFg&utm_medium=api&utm_source=600ef87e&v=16AAF248BF9C33B6C495244506A63883C630DE03",
        "created": "2026-09-17T06:53:28Z",
        "salary_min": 113745.4,
        "salary_max": 113745.4,
        "matched_keyword": "GIS engineer",
        "source": "Adzuna"
      }
    },
    {
      "type": "Feature",
      "geometry": {
        "type": "Point",
        "coordinates": [
          -81.0075,
          34.02978
        ]
      },
      "properties": {
        "title": "GIS DevSecOps Engineer, Senior Associate",
        "company": "PwC",
        "location": "Edgewood, Richland County",
        "country": "US",
        "url": "https://www.adzuna.com/land/ad/5887580750?se=xOnf2Q7D8RGZrtr1kasdFg&utm_medium=api&utm_source=600ef87e&v=15125B0E10E19D2CDF2BFA1DB095284BC148C218",
        "created": "2026-09-17T06:57:27Z",
        "salary_min": 114349.26,
        "salary_max": 114349.26,
        "matched_keyword": "GIS engineer",
        "source": "Adzuna"
      }
    },
    {
      "type": "Feature",
      "geometry": {
        "type": "Point",
        "coordinates": [
          -85.68453,
          38.22485
        ]
      },
      "properties": {
        "title": "GIS DevSecOps Engineer, Senior Associate",
        "company": "PwC",
        "location": "Strathmoor Manor, Jefferson County",
        "country": "US",
        "url": "https://www.adzuna.com/land/ad/5887571377?se=xOnf2Q7D8RGZrtr1kasdFg&utm_medium=api&utm_source=600ef87e&v=9CE2CB52B1D90A50C554FEFF35DBE2275B9ABAF2",
        "created": "2026-09-17T06:53:27Z",
        "salary_min": 113887.16,
        "salary_max": 113887.16,
        "matched_keyword": "GIS engineer",
        "source": "Adzuna"
      }
    },
    {
      "type": "Feature",
      "geometry": {
        "type": "Point",
        "coordinates": [
          -93.3059,
          44.9745
        ]
      },
      "properties": {
        "title": "GIS DevSecOps Engineer, Senior Associate",
        "company": "PwC",
        "location": "Minneapolis, Hennepin County",
        "country": "US",
        "url": "https://www.adzuna.com/land/ad/5887576128?se=xOnf2Q7D8RGZrtr1kasdFg&utm_medium=api&utm_source=600ef87e&v=8B113CB42053B5A33557F901B502A0219584B077",
        "created": "2026-09-17T06:55:31Z",
        "salary_min": 125621.75,
        "salary_max": 125621.75,
        "matched_keyword": "GIS engineer",
        "source": "Adzuna"
      }
    },
    {
      "type": "Feature",
      "geometry": {
        "type": "Point",
        "coordinates": [
          -97.524283,
          35.432646
        ]
      },
      "properties": {
        "title": "GIS DevSecOps Engineer, Senior Associate",
        "company": "PwC",
        "location": "Oklahoma City, Oklahoma County",
        "country": "US",
        "url": "https://www.adzuna.com/land/ad/5887572723?se=xOnf2Q7D8RGZrtr1kasdFg&utm_medium=api&utm_source=600ef87e&v=0B29DD9A51FACE37E090AC76478F47773ADC9744",
        "created": "2026-09-17T06:53:56Z",
        "salary_min": 113123.7,
        "salary_max": 113123.7,
        "matched_keyword": "GIS engineer",
        "source": "Adzuna"
      }
    },
    {
      "type": "Feature",
      "geometry": {
        "type": "Point",
        "coordinates": [
          -73.77562,
          42.67264
        ]
      },
      "properties": {
        "title": "GIS DevSecOps Engineer, Senior Associate",
        "company": "PwC",
        "location": "Ny State Campus, Albany County",
        "country": "US",
        "url": "https://www.adzuna.com/land/ad/5887538174?se=xOnf2Q7D8RGZrtr1kasdFg&utm_medium=api&utm_source=600ef87e&v=8852788B87DAE7E74510BA5993AC6B1F303619AC",
        "created": "2026-09-17T06:46:27Z",
        "salary_min": 128991.38,
        "salary_max": 128991.38,
        "matched_keyword": "GIS engineer",
        "source": "Adzuna"
      }
    },
    {
      "type": "Feature",
      "geometry": {
        "type": "Point",
        "coordinates": [
          -77.62153,
          43.16098
        ]
      },
      "properties": {
        "title": "GIS DevSecOps Engineer, Senior Associate",
        "company": "PwC",
        "location": "Rochester, Monroe County",
        "country": "US",
        "url": "https://www.adzuna.com/land/ad/5887538207?se=xOnf2Q7D8RGZrtr1kasdFg&utm_medium=api&utm_source=600ef87e&v=9DFFAFBAA8B9CE1B5D8A6085085B903AA335B742",
        "created": "2026-09-17T06:46:27Z",
        "salary_min": 120011.52,
        "salary_max": 120011.52,
        "matched_keyword": "GIS engineer",
        "source": "Adzuna"
      }
    },
    {
      "type": "Feature",
      "geometry": {
        "type": "Point",
        "coordinates": [
          -81.904607,
          34.959873
        ]
      },
      "properties": {
        "title": "GIS DevSecOps Engineer, Senior Associate",
        "company": "PwC",
        "location": "Roebuck, Spartanburg County",
        "country": "US",
        "url": "https://www.adzuna.com/land/ad/5887580754?se=xOnf2Q7D8RGZrtr1kasdFg&utm_medium=api&utm_source=600ef87e&v=DF02233E730E5F772168CE893AD86AE573B3288F",
        "created": "2026-09-17T06:57:27Z",
        "salary_min": 158432.73,
        "salary_max": 158432.73,
        "matched_keyword": "GIS engineer",
        "source": "Adzuna"
      }
    },
    {
      "type": "Feature",
      "geometry": {
        "type": "Point",
        "coordinates": [
          -78.81942,
          42.90774
        ]
      },
      "properties": {
        "title": "GIS DevSecOps Engineer, Senior Associate",
        "company": "PwC",
        "location": "Cheektowaga, Erie County",
        "country": "US",
        "url": "https://www.adzuna.com/land/ad/5887538217?se=xOnf2Q7D8RGZrtr1kasdFg&utm_medium=api&utm_source=600ef87e&v=A470D70D6B4C716FADF6C38A7719FEC066BF861E",
        "created": "2026-09-17T06:46:27Z",
        "salary_min": 145201.48,
        "salary_max": 145201.48,
        "matched_keyword": "GIS engineer",
        "source": "Adzuna"
      }
    },
    {
      "type": "Feature",
      "geometry": {
        "type": "Point",
        "coordinates": [
          -122.326064,
          47.602485
        ]
      },
      "properties": {
        "title": "GIS DevSecOps Engineer, Senior Associate",
        "company": "PwC",
        "location": "International, King County",
        "country": "US",
        "url": "https://www.adzuna.com/land/ad/5887589621?se=xOnf2Q7D8RGZrtr1kasdFg&utm_medium=api&utm_source=600ef87e&v=43B0198FEE3088A0619CF5C8577BA02620A8AFB8",
        "created": "2026-09-17T07:02:31Z",
        "salary_min": 124632.39,
        "salary_max": 124632.39,
        "matched_keyword": "GIS engineer",
        "source": "Adzuna"
      }
    },
    {
      "type": "Feature",
      "geometry": {
        "type": "Point",
        "coordinates": [
          -84.38763,
          33.795821
        ]
      },
      "properties": {
        "title": "GIS DevSecOps Engineer, Senior Associate",
        "company": "PwC",
        "location": "Atlanta, Fulton County",
        "country": "US",
        "url": "https://www.adzuna.com/land/ad/5887596780?se=xOnf2Q7D8RGZrtr1kasdFg&utm_medium=api&utm_source=600ef87e&v=CF003E6756FDFD206211C2E8622D0245E5B8F7F6",
        "created": "2026-09-17T07:04:50Z",
        "salary_min": 161688.86,
        "salary_max": 161688.86,
        "matched_keyword": "GIS engineer",
        "source": "Adzuna"
      }
    },
    {
      "type": "Feature",
      "geometry": {
        "type": "Point",
        "coordinates": [
          -80.82779,
          35.21514
        ]
      },
      "properties": {
        "title": "GIS DevSecOps Engineer, Senior Associate",
        "company": "PwC",
        "location": "Charlotte, Mecklenburg County",
        "country": "US",
        "url": "https://www.adzuna.com/land/ad/5887598829?se=xOnf2Q7D8RGZrtr1kasdFg&utm_medium=api&utm_source=600ef87e&v=A8D43FA3D6550D9AFB90FF2EF5599DB9A243915B",
        "created": "2026-09-17T07:05:45Z",
        "salary_min": 112707.71,
        "salary_max": 112707.71,
        "matched_keyword": "GIS engineer",
        "source": "Adzuna"
      }
    },
    {
      "type": "Feature",
      "geometry": {
        "type": "Point",
        "coordinates": [
          -79.81054,
          36.07098
        ]
      },
      "properties": {
        "title": "GIS DevSecOps Engineer, Senior Associate",
        "company": "PwC",
        "location": "Greensboro Ndc, Guilford County",
        "country": "US",
        "url": "https://www.adzuna.com/land/ad/5887598835?se=xOnf2Q7D8RGZrtr1kasdFg&utm_medium=api&utm_source=600ef87e&v=1428110A2E181428FBBBE374939ABE934DA5BD0D",
        "created": "2026-09-17T07:05:45Z",
        "salary_min": 116721.98,
        "salary_max": 116721.98,
        "matched_keyword": "GIS engineer",
        "source": "Adzuna"
      }
    },
    {
      "type": "Feature",
      "geometry": {
        "type": "Point",
        "coordinates": [
          -78.646597,
          35.807915
        ]
      },
      "properties": {
        "title": "GIS DevSecOps Engineer, Senior Associate",
        "company": "PwC",
        "location": "Five Points, Wake County",
        "country": "US",
        "url": "https://www.adzuna.com/land/ad/5887598806?se=xOnf2Q7D8RGZrtr1kasdFg&utm_medium=api&utm_source=600ef87e&v=14B166DAB53384BC71962929CE65DC7D08609688",
        "created": "2026-09-17T07:05:44Z",
        "salary_min": 128496.09,
        "salary_max": 128496.09,
        "matched_keyword": "GIS engineer",
        "source": "Adzuna"
      }
    },
    {
      "type": "Feature",
      "geometry": {
        "type": "Point",
        "coordinates": [
          -83.553563,
          41.665197
        ]
      },
      "properties": {
        "title": "GIS DevSecOps Engineer, Senior Associate",
        "company": "PwC",
        "location": "Toledo, Lucas County",
        "country": "US",
        "url": "https://www.adzuna.com/land/ad/5887599426?se=xOnf2Q7D8RGZrtr1kasdFg&utm_medium=api&utm_source=600ef87e&v=AC62D329158F78D068DCBADF1A7BA7091F292FA1",
        "created": "2026-09-17T07:06:03Z",
        "salary_min": 114674.15,
        "salary_max": 114674.15,
        "matched_keyword": "GIS engineer",
        "source": "Adzuna"
      }
    },
    {
      "type": "Feature",
      "geometry": {
        "type": "Point",
        "coordinates": [
          -84.49548,
          39.1665
        ]
      },
      "properties": {
        "title": "GIS DevSecOps Engineer, Senior Associate",
        "company": "PwC",
        "location": "Saint Bernard, Hamilton County",
        "country": "US",
        "url": "https://www.adzuna.com/land/ad/5887599436?se=xOnf2Q7D8RGZrtr1kasdFg&utm_medium=api&utm_source=600ef87e&v=A94099009A122B7923463A522553538696C569FF",
        "created": "2026-09-17T07:06:03Z",
        "salary_min": 137785.2,
        "salary_max": 137785.2,
        "matched_keyword": "GIS engineer",
        "source": "Adzuna"
      }
    },
    {
      "type": "Feature",
      "geometry": {
        "type": "Point",
        "coordinates": [
          -83.000202,
          39.991073
        ]
      },
      "properties": {
        "title": "GIS DevSecOps Engineer, Senior Associate",
        "company": "PwC",
        "location": "Grandview Heights, Franklin County",
        "country": "US",
        "url": "https://www.adzuna.com/land/ad/5887599440?se=xOnf2Q7D8RGZrtr1kasdFg&utm_medium=api&utm_source=600ef87e&v=183A1EAA7093BFD26016162777CAF060F5A1AAD0",
        "created": "2026-09-17T07:06:03Z",
        "salary_min": 142095.14,
        "salary_max": 142095.14,
        "matched_keyword": "GIS engineer",
        "source": "Adzuna"
      }
    },
    {
      "type": "Feature",
      "geometry": {
        "type": "Point",
        "coordinates": [
          -111.88763,
          40.72693
        ]
      },
      "properties": {
        "title": "GIS DevSecOps Engineer, Senior Associate",
        "company": "PwC",
        "location": "Bonnie, Utah County",
        "country": "US",
        "url": "https://www.adzuna.com/land/ad/5887564170?se=xOnf2Q7D8RGZrtr1kasdFg&utm_medium=api&utm_source=600ef87e&v=6184DD2A4B2386485221A574B19F65798B370599",
        "created": "2026-09-17T06:50:52Z",
        "salary_min": 118272.45,
        "salary_max": 118272.45,
        "matched_keyword": "GIS engineer",
        "source": "Adzuna"
      }
    },
    {
      "type": "Feature",
      "geometry": {
        "type": "Point",
        "coordinates": [
          -94.572672,
          39.103829
        ]
      },
      "properties": {
        "title": "GIS DevSecOps Engineer, Senior Associate",
        "company": "PwC",
        "location": "Kansas City, Jackson County",
        "country": "US",
        "url": "https://www.adzuna.com/land/ad/5887588108?se=xOnf2Q7D8RGZrtr1kasdFg&utm_medium=api&utm_source=600ef87e&v=4870EB6892E4A620C81E62F6F05778123E76F25D",
        "created": "2026-09-17T07:01:52Z",
        "salary_min": 172071.77,
        "salary_max": 172071.77,
        "matched_keyword": "GIS engineer",
        "source": "Adzuna"
      }
    },
    {
      "type": "Feature",
      "geometry": {
        "type": "Point",
        "coordinates": [
          -90.0654,
          29.96388
        ]
      },
      "properties": {
        "title": "GIS DevSecOps Engineer, Senior Associate",
        "company": "PwC",
        "location": "Custom House, Orleans Parish",
        "country": "US",
        "url": "https://www.adzuna.com/land/ad/5887573281?se=xOnf2Q7D8RGZrtr1kasdFg&utm_medium=api&utm_source=600ef87e&v=320205DBEFBCC5DE4EF38AFF7CE4A76A8E97C4BC",
        "created": "2026-09-17T06:54:17Z",
        "salary_min": 115293.49,
        "salary_max": 115293.49,
        "matched_keyword": "GIS engineer",
        "source": "Adzuna"
      }
    },
    {
      "type": "Feature",
      "geometry": {
        "type": "Point",
        "coordinates": [
          -90.282481,
          38.662802
        ]
      },
      "properties": {
        "title": "GIS DevSecOps Engineer, Senior Associate",
        "company": "PwC",
        "location": "Wellston, Saint Louis County",
        "country": "US",
        "url": "https://www.adzuna.com/land/ad/5887588116?se=xOnf2Q7D8RGZrtr1kasdFg&utm_medium=api&utm_source=600ef87e&v=1595CAD79666285718C17292826A13FDC0822E65",
        "created": "2026-09-17T07:01:52Z",
        "salary_min": 118693.23,
        "salary_max": 118693.23,
        "matched_keyword": "GIS engineer",
        "source": "Adzuna"
      }
    },
    {
      "type": "Feature",
      "geometry": {
        "type": "Point",
        "coordinates": [
          -86.1587,
          39.7878
        ]
      },
      "properties": {
        "title": "GIS DevSecOps Engineer, Senior Associate",
        "company": "PwC",
        "location": "Uptown, Marion County",
        "country": "US",
        "url": "https://www.adzuna.com/land/ad/5887587594?se=xOnf2Q7D8RGZrtr1kasdFg&utm_medium=api&utm_source=600ef87e&v=4230D2111284D75468063836BBF8577EDAB22BC7",
        "created": "2026-09-17T07:01:37Z",
        "salary_min": 141015.3,
        "salary_max": 141015.3,
        "matched_keyword": "GIS engineer",
        "source": "Adzuna"
      }
    },
    {
      "type": "Feature",
      "geometry": {
        "type": "Point",
        "coordinates": [
          -86.78903,
          36.14946
        ]
      },
      "properties": {
        "title": "GIS DevSecOps Engineer, Senior Associate",
        "company": "PwC",
        "location": "Nashville, Davidson County",
        "country": "US",
        "url": "https://www.adzuna.com/land/ad/5887591890?se=xOnf2Q7D8RGZrtr1kasdFg&utm_medium=api&utm_source=600ef87e&v=B74BBADD410726731011B7A0C23FA2556CD4783D",
        "created": "2026-09-17T07:03:14Z",
        "salary_min": 119026.95,
        "salary_max": 119026.95,
        "matched_keyword": "GIS engineer",
        "source": "Adzuna"
      }
    },
    {
      "type": "Feature",
      "geometry": {
        "type": "Point",
        "coordinates": [
          -81.66832,
          41.49307
        ]
      },
      "properties": {
        "title": "GIS DevSecOps Engineer, Senior Associate",
        "company": "PwC",
        "location": "Newburgh Heights, Cuyahoga County",
        "country": "US",
        "url": "https://www.adzuna.com/land/ad/5887599478?se=xOnf2Q7D8RGZrtr1kasdFg&utm_medium=api&utm_source=600ef87e&v=0ABCAC27B7ED6EEAF148315D0534CDD7EFCA99EB",
        "created": "2026-09-17T07:06:04Z",
        "salary_min": 150606.72,
        "salary_max": 150606.72,
        "matched_keyword": "GIS engineer",
        "source": "Adzuna"
      }
    },
    {
      "type": "Feature",
      "geometry": {
        "type": "Point",
        "coordinates": [
          -74.391393,
          40.776607
        ]
      },
      "properties": {
        "title": "GIS DevSecOps Engineer, Senior Associate",
        "company": "PwC",
        "location": "Florham Park, Morris County",
        "country": "US",
        "url": "https://www.adzuna.com/land/ad/5887590717?se=xOnf2Q7D8RGZrtr1kasdFg&utm_medium=api&utm_source=600ef87e&v=ECB5CE9C9AA992E78C051B83F02B209C4D443D76",
        "created": "2026-09-17T07:02:54Z",
        "salary_min": 128109.07,
        "salary_max": 128109.07,
        "matched_keyword": "GIS engineer",
        "source": "Adzuna"
      }
    },
    {
      "type": "Feature",
      "geometry": {
        "type": "Point",
        "coordinates": [
          -73.978504,
          40.755381
        ]
      },
      "properties": {
        "title": "GIS DevSecOps Engineer, Senior Associate",
        "company": "PwC",
        "location": "Grand Central, Manhattan",
        "country": "US",
        "url": "https://www.adzuna.com/land/ad/5887538154?se=xOnf2Q7D8RGZrtr1kasdFg&utm_medium=api&utm_source=600ef87e&v=E626A5F1E17F13D361E0D2FC27922107A724715C",
        "created": "2026-09-17T06:46:27Z",
        "salary_min": 162552.05,
        "salary_max": 162552.05,
        "matched_keyword": "GIS engineer",
        "source": "Adzuna"
      }
    },
    {
      "type": "Feature",
      "geometry": {
        "type": "Point",
        "coordinates": [
          -73.40652,
          40.79418
        ]
      },
      "properties": {
        "title": "GIS DevSecOps Engineer, Senior Associate",
        "company": "PwC",
        "location": "Melville, Suffolk County",
        "country": "US",
        "url": "https://www.adzuna.com/land/ad/5887538270?se=yMeO2g7D8RG-4tqDU3nihA&utm_medium=api&utm_source=600ef87e&v=E59232032911E3BA20B71C6F991CD1A688EC36D9",
        "created": "2026-09-17T06:46:27Z",
        "salary_min": 130536.41,
        "salary_max": 130536.41,
        "matched_keyword": "GIS engineer",
        "source": "Adzuna"
      }
    },
    {
      "type": "Feature",
      "geometry": {
        "type": "Point",
        "coordinates": [
          -121.89093,
          37.304
        ]
      },
      "properties": {
        "title": "GIS DevSecOps Engineer, Senior Associate",
        "company": "PwC",
        "location": "Campbell, Santa Clara County",
        "country": "US",
        "url": "https://www.adzuna.com/land/ad/5887568432?se=yMeO2g7D8RG-4tqDU3nihA&utm_medium=api&utm_source=600ef87e&v=07859C4643E171F55ADF31D8D9C1AA105A177983",
        "created": "2026-09-17T06:52:40Z",
        "salary_min": 129614.23,
        "salary_max": 129614.23,
        "matched_keyword": "GIS engineer",
        "source": "Adzuna"
      }
    },
    {
      "type": "Feature",
      "geometry": {
        "type": "Point",
        "coordinates": [
          -72.58082,
          44.26173
        ]
      },
      "properties": {
        "title": "GIS DevSecOps Engineer, Senior Associate",
        "company": "PwC",
        "location": "Montpelier, Washington County",
        "country": "US",
        "url": "https://www.adzuna.com/land/ad/5887185340?se=yMeO2g7D8RG-4tqDU3nihA&utm_medium=api&utm_source=600ef87e&v=169C85827C1ED819F782CF5843CF05373A31EEB2",
        "created": "2026-09-17T01:11:52Z",
        "salary_min": 112568.92,
        "salary_max": 112568.92,
        "matched_keyword": "GIS engineer",
        "source": "Adzuna"
      }
    },
    {
      "type": "Feature",
      "geometry": {
        "type": "Point",
        "coordinates": [
          -66.0617,
          18.417087
        ]
      },
      "properties": {
        "title": "GIS DevSecOps Engineer, Senior Associate",
        "company": "PwC",
        "location": "Urbanización El Vedado, San Juan",
        "country": "US",
        "url": "https://www.adzuna.com/land/ad/5887113469?se=yMeO2g7D8RG-4tqDU3nihA&utm_medium=api&utm_source=600ef87e&v=36BE2266412D7EA86EAA15D6EB285DC87C170CA9",
        "created": "2026-09-16T23:59:15Z",
        "salary_min": 111556.86,
        "salary_max": 111556.86,
        "matched_keyword": "GIS engineer",
        "source": "Adzuna"
      }
    },
    {
      "type": "Feature",
      "geometry": {
        "type": "Point",
        "coordinates": [
          -122.410448,
          37.773969
        ]
      },
      "properties": {
        "title": "GIS DevSecOps Engineer, Senior Associate",
        "company": "PwC",
        "location": "SoMa, San Francisco",
        "country": "US",
        "url": "https://www.adzuna.com/land/ad/5887568371?se=yMeO2g7D8RG-4tqDU3nihA&utm_medium=api&utm_source=600ef87e&v=7C0F1F136C5CB2AC0764668443F540B38B3C9970",
        "created": "2026-09-17T06:52:39Z",
        "salary_min": 141366.06,
        "salary_max": 141366.06,
        "matched_keyword": "GIS engineer",
        "source": "Adzuna"
      }
    },
    {
      "type": "Feature",
      "geometry": {
        "type": "Point",
        "coordinates": [
          -118.29082,
          34.047977
        ]
      },
      "properties": {
        "title": "GIS DevSecOps Engineer, Senior Associate",
        "company": "PwC",
        "location": "Pico Heights, Los Angeles County",
        "country": "US",
        "url": "https://www.adzuna.com/land/ad/5887568381?se=yMeO2g7D8RG-4tqDU3nihA&utm_medium=api&utm_source=600ef87e&v=B6F1211EFED8FA3E1913948A8595A4A43BBBC99A",
        "created": "2026-09-17T06:52:39Z",
        "salary_min": 138527.66,
        "salary_max": 138527.66,
        "matched_keyword": "GIS engineer",
        "source": "Adzuna"
      }
    },
    {
      "type": "Feature",
      "geometry": {
        "type": "Point",
        "coordinates": [
          -92.344809,
          34.752418
        ]
      },
      "properties": {
        "title": "GIS DevSecOps Engineer, Senior Associate",
        "company": "PwC",
        "location": "Cammack Village, Pulaski County",
        "country": "US",
        "url": "https://www.adzuna.com/land/ad/5887553415?se=yMeO2g7D8RG-4tqDU3nihA&utm_medium=api&utm_source=600ef87e&v=DBC4D2E755403ABBF63A3407EC2D27E0EE0B9EFC",
        "created": "2026-09-17T06:49:09Z",
        "salary_min": 172658.11,
        "salary_max": 172658.11,
        "matched_keyword": "GIS engineer",
        "source": "Adzuna"
      }
    },
    {
      "type": "Feature",
      "geometry": {
        "type": "Point",
        "coordinates": [
          -121.46649,
          38.57562
        ]
      },
      "properties": {
        "title": "GIS DevSecOps Engineer, Senior Associate",
        "company": "PwC",
        "location": "Sacramento, Sacramento County",
        "country": "US",
        "url": "https://www.adzuna.com/land/ad/5887568431?se=yMeO2g7D8RG-4tqDU3nihA&utm_medium=api&utm_source=600ef87e&v=0741886B5EFAFDCE464BD409FF9D09643D735E0F",
        "created": "2026-09-17T06:52:40Z",
        "salary_min": 122336.06,
        "salary_max": 122336.06,
        "matched_keyword": "GIS engineer",
        "source": "Adzuna"
      }
    },
    {
      "type": "Feature",
      "geometry": {
        "type": "Point",
        "coordinates": [
          -117.136851,
          32.773978
        ]
      },
      "properties": {
        "title": "GIS DevSecOps Engineer, Senior Associate",
        "company": "PwC",
        "location": "San Diego, San Diego County",
        "country": "US",
        "url": "https://www.adzuna.com/land/ad/5887568438?se=yMeO2g7D8RG-4tqDU3nihA&utm_medium=api&utm_source=600ef87e&v=409643B8C4DED60B772168B0D95F4E28EB9D8F1B",
        "created": "2026-09-17T06:52:40Z",
        "salary_min": 135608.81,
        "salary_max": 135608.81,
        "matched_keyword": "GIS engineer",
        "source": "Adzuna"
      }
    },
    {
      "type": "Feature",
      "geometry": {
        "type": "Point",
        "coordinates": [
          -73.53886,
          41.05371
        ]
      },
      "properties": {
        "title": "GIS DevSecOps Engineer, Senior Associate",
        "company": "PwC",
        "location": "Stamford, Fairfield County",
        "country": "US",
        "url": "https://www.adzuna.com/land/ad/5887560237?se=yMeO2g7D8RG-4tqDU3nihA&utm_medium=api&utm_source=600ef87e&v=F616701D8E7D08E9A22A3313826D8F99CBA61352",
        "created": "2026-09-17T06:49:54Z",
        "salary_min": 147053.95,
        "salary_max": 147053.95,
        "matched_keyword": "GIS engineer",
        "source": "Adzuna"
      }
    },
    {
      "type": "Feature",
      "geometry": {
        "type": "Point",
        "coordinates": [
          -115.1892,
          36.1472
        ]
      },
      "properties": {
        "title": "GIS DevSecOps Engineer, Senior Associate",
        "company": "PwC",
        "location": "Paradise, Clark County",
        "country": "US",
        "url": "https://www.adzuna.com/land/ad/5887565419?se=yMeO2g7D8RG-4tqDU3nihA&utm_medium=api&utm_source=600ef87e&v=45E27389E712DD5B3C16A8F1FCEDCF032915200F",
        "created": "2026-09-17T06:51:27Z",
        "salary_min": 141862.78,
        "salary_max": 141862.78,
        "matched_keyword": "GIS engineer",
        "source": "Adzuna"
      }
    },
    {
      "type": "Feature",
      "geometry": {
        "type": "Point",
        "coordinates": [
          -77.02717,
          38.89969
        ]
      },
      "properties": {
        "title": "GIS DevSecOps Engineer, Senior Associate",
        "company": "PwC",
        "location": "Washington, D.C., US",
        "country": "US",
        "url": "https://www.adzuna.com/land/ad/5887559048?se=yMeO2g7D8RG-4tqDU3nihA&utm_medium=api&utm_source=600ef87e&v=35A67515D3165A5F33962929D066474CF90A479B",
        "created": "2026-09-17T06:49:47Z",
        "salary_min": 117098.04,
        "salary_max": 117098.04,
        "matched_keyword": "GIS engineer",
        "source": "Adzuna"
      }
    },
    {
      "type": "Feature",
      "geometry": {
        "type": "Point",
        "coordinates": [
          -72.683866,
          41.7657
        ]
      },
      "properties": {
        "title": "GIS DevSecOps Engineer, Senior Associate",
        "company": "PwC",
        "location": "Talcott Village, Hartford County",
        "country": "US",
        "url": "https://www.adzuna.com/land/ad/5887560373?se=yMeO2g7D8RG-4tqDU3nihA&utm_medium=api&utm_source=600ef87e&v=C7CFB5ACCF5994880A8F77CC34D451C181382701",
        "created": "2026-09-17T06:49:55Z",
        "salary_min": 124220.51,
        "salary_max": 124220.51,
        "matched_keyword": "GIS engineer",
        "source": "Adzuna"
      }
    },
    {
      "type": "Feature",
      "geometry": {
        "type": "Point",
        "coordinates": [
          -112.08293,
          33.50977
        ]
      },
      "properties": {
        "title": "GIS DevSecOps Engineer, Senior Associate",
        "company": "PwC",
        "location": "Phoenix, Maricopa County",
        "country": "US",
        "url": "https://www.adzuna.com/land/ad/5887579863?se=yMeO2g7D8RG-4tqDU3nihA&utm_medium=api&utm_source=600ef87e&v=525ACC0643FDA4BEEA392C7422BF75AA4AA122D5",
        "created": "2026-09-17T06:57:03Z",
        "salary_min": 109354.09,
        "salary_max": 109354.09,
        "matched_keyword": "GIS engineer",
        "source": "Adzuna"
      }
    },
    {
      "type": "Feature",
      "geometry": {
        "type": "Point",
        "coordinates": [
          -87.966681,
          43.046901
        ]
      },
      "properties": {
        "title": "GIS DevSecOps Engineer, Senior Associate",
        "company": "PwC",
        "location": "West Milwaukee, Milwaukee County",
        "country": "US",
        "url": "https://www.adzuna.com/land/ad/5887587032?se=yMeO2g7D8RG-4tqDU3nihA&utm_medium=api&utm_source=600ef87e&v=AC0EAFD40E47E7759BB0B4D30BC657AA045E30E3",
        "created": "2026-09-17T07:01:15Z",
        "salary_min": 141624.73,
        "salary_max": 141624.73,
        "matched_keyword": "GIS engineer",
        "source": "Adzuna"
      }
    },
    {
      "type": "Feature",
      "geometry": {
        "type": "Point",
        "coordinates": [
          -76.63776,
          39.3075
        ]
      },
      "properties": {
        "title": "GIS DevSecOps Engineer, Senior Associate",
        "company": "PwC",
        "location": "Druid, Baltimore",
        "country": "US",
        "url": "https://www.adzuna.com/land/ad/5887581501?se=yMeO2g7D8RG-4tqDU3nihA&utm_medium=api&utm_source=600ef87e&v=4442BA55191579D461CA40EFCCDACCFFA9985E9B",
        "created": "2026-09-17T06:57:42Z",
        "salary_min": 123964.41,
        "salary_max": 123964.41,
        "matched_keyword": "GIS engineer",
        "source": "Adzuna"
      }
    },
    {
      "type": "Feature",
      "geometry": {
        "type": "Point",
        "coordinates": [
          -71.065917,
          42.356644
        ]
      },
      "properties": {
        "title": "GIS DevSecOps Engineer, Senior Associate",
        "company": "PwC",
        "location": "Boston, Suffolk County",
        "country": "US",
        "url": "https://www.adzuna.com/land/ad/5887588593?se=yMeO2g7D8RG-4tqDU3nihA&utm_medium=api&utm_source=600ef87e&v=FED7C5A1E98BC2D651D6A9FB283B19113DA79242",
        "created": "2026-09-17T07:02:04Z",
        "salary_min": 108373.62,
        "salary_max": 108373.62,
        "matched_keyword": "GIS engineer",
        "source": "Adzuna"
      }
    },
    {
      "type": "Feature",
      "geometry": {
        "type": "Point",
        "coordinates": [
          -83.090226,
          42.34973
        ]
      },
      "properties": {
        "title": "GIS DevSecOps Engineer, Senior Associate",
        "company": "PwC",
        "location": "Detroit, Wayne County",
        "country": "US",
        "url": "https://www.adzuna.com/land/ad/5887589105?se=yMeO2g7D8RG-4tqDU3nihA&utm_medium=api&utm_source=600ef87e&v=C6197086F6C09BE41189D476431496B0CE5350A8",
        "created": "2026-09-17T07:02:19Z",
        "salary_min": 129078.88,
        "salary_max": 129078.88,
        "matched_keyword": "GIS engineer",
        "source": "Adzuna"
      }
    },
    {
      "type": "Feature",
      "geometry": {
        "type": "Point",
        "coordinates": [
          -85.65452,
          42.931727
        ]
      },
      "properties": {
        "title": "GIS DevSecOps Engineer, Senior Associate",
        "company": "PwC",
        "location": "Grand Rapids, Kent County",
        "country": "US",
        "url": "https://www.adzuna.com/land/ad/5887589109?se=yMeO2g7D8RG-4tqDU3nihA&utm_medium=api&utm_source=600ef87e&v=09CEBF3A5FFE53972A3A3BD7E3CE70A9887888A2",
        "created": "2026-09-17T07:02:19Z",
        "salary_min": 145764.64,
        "salary_max": 145764.64,
        "matched_keyword": "GIS engineer",
        "source": "Adzuna"
      }
    },
    {
      "type": "Feature",
      "geometry": {
        "type": "Point",
        "coordinates": [
          -97.744386,
          30.272921
        ]
      },
      "properties": {
        "title": "GIS Automation Engineer",
        "company": "Electric Power Engineers",
        "location": "Austin, Travis County",
        "country": "US",
        "url": "https://www.adzuna.com/details/5878560679?utm_medium=api&utm_source=600ef87e",
        "created": "2026-09-10T10:52:21Z",
        "salary_min": 100393.95,
        "salary_max": 100393.95,
        "matched_keyword": "GIS engineer",
        "source": "Adzuna"
      }
    },
    {
      "type": "Feature",
      "geometry": {
        "type": "Point",
        "coordinates": [
          -77.332845,
          38.84732
        ]
      },
      "properties": {
        "title": "Principal Engineer, GIS with Security Clearance",
        "company": "NiyamIT Inc",
        "location": "Fairfax, Fairfax County",
        "country": "US",
        "url": "https://www.adzuna.com/land/ad/5903019800?se=yMeO2g7D8RG-4tqDU3nihA&utm_medium=api&utm_source=600ef87e&v=9EDA7AD7DDC61BF8D11B139FD4E1D4808873DA15",
        "created": "2026-09-29T14:47:37Z",
        "salary_min": 131074.44,
        "salary_max": 131074.44,
        "matched_keyword": "GIS engineer",
        "source": "Adzuna"
      }
    },
    {
      "type": "Feature",
      "geometry": {
        "type": "Point",
        "coordinates": [
          -91.188708,
          30.448378
        ]
      },
      "properties": {
        "title": "GIS Configuration Engineer",
        "company": "Beyond SOF",
        "location": "Baton Rouge, East Baton Rouge Parish",
        "country": "US",
        "url": "https://www.adzuna.com/land/ad/5159203436?se=yMeO2g7D8RG-4tqDU3nihA&utm_medium=api&utm_source=600ef87e&v=5BF88482A4500DAB4EDBF1FA95E498AB2B786E47",
        "created": "2025-04-23T19:47:54Z",
        "salary_min": 108259.47,
        "salary_max": 108259.47,
        "matched_keyword": "GIS engineer",
        "source": "Adzuna"
      }
    },
    {
      "type": "Feature",
      "geometry": {
        "type": "Point",
        "coordinates": [
          -77.2551,
          38.8967
        ]
      },
      "properties": {
        "title": "GIS Database Engineer",
        "company": "SAIC",
        "location": "Tysons, Fairfax County",
        "country": "US",
        "url": "https://www.adzuna.com/details/5830143876?utm_medium=api&utm_source=600ef87e",
        "created": "2026-08-06T02:44:35Z",
        "salary_min": 103353.45,
        "salary_max": 103353.45,
        "matched_keyword": "GIS engineer",
        "source": "Adzuna"
      }
    },
    {
      "type": "Feature",
      "geometry": {
        "type": "Point",
        "coordinates": [
          -79.990086,
          40.441694
        ]
      },
      "properties": {
        "title": "GIS Installation Engineer",
        "company": "Insight Talent",
        "location": "Pittsburgh, Allegheny County",
        "country": "US",
        "url": "https://www.adzuna.com/details/5899749951?utm_medium=api&utm_source=600ef87e",
        "created": "2026-09-26T09:44:10Z",
        "salary_min": 61180.37,
        "salary_max": 61180.37,
        "matched_keyword": "GIS engineer",
        "source": "Adzuna"
      }
    },
    {
      "type": "Feature",
      "geometry": {
        "type": "Point",
        "coordinates": [
          -77.260159,
          38.9004
        ]
      },
      "properties": {
        "title": "GIS Database Engineer",
        "company": "SAIC",
        "location": "Tysons, Fairfax County",
        "country": "US",
        "url": "https://www.adzuna.com/details/5831361676?utm_medium=api&utm_source=600ef87e",
        "created": "2026-08-06T21:20:52Z",
        "salary_min": 128776.41,
        "salary_max": 128776.41,
        "matched_keyword": "GIS engineer",
        "source": "Adzuna"
      }
    },
    {
      "type": "Feature",
      "geometry": {
        "type": "Point",
        "coordinates": [
          -97.288335,
          36.292313
        ]
      },
      "properties": {
        "title": "GIS Solution Engineering Intern - Ditch Witch",
        "company": "The Toro Company",
        "location": "Perry, Noble County",
        "country": "US",
        "url": "https://www.adzuna.com/land/ad/5903836311?se=yMeO2g7D8RG-4tqDU3nihA&utm_medium=api&utm_source=600ef87e&v=9C73B6E6D51BE8A39B8674FF53C2AF7962D20F1A",
        "created": "2026-09-30T07:00:14Z",
        "salary_min": 63589.13,
        "salary_max": 63589.13,
        "matched_keyword": "GIS engineer",
        "source": "Adzuna"
      }
    },
    {
      "type": "Feature",
      "geometry": {
        "type": "Point",
        "coordinates": [
          -86.708059,
          32.874295
        ]
      },
      "properties": {
        "title": "Technical Writer",
        "company": "Brooksource",
        "location": "Alabama, US",
        "country": "US",
        "url": "https://www.adzuna.com/land/ad/5893995872?se=yMeO2g7D8RG-4tqDU3nihA&utm_medium=api&utm_source=600ef87e&v=628E8D16C187D3C0FE7E42B67BD7C67C3A7A4445",
        "created": "2026-09-22T10:39:51Z",
        "salary_min": 71548.86,
        "salary_max": 71548.86,
        "matched_keyword": "GIS engineer",
        "source": "Adzuna"
      }
    },
    {
      "type": "Feature",
      "geometry": {
        "type": "Point",
        "coordinates": [
          -78.991916,
          35.14346
        ]
      },
      "properties": {
        "title": "Software Engineer (GIS Enterprise)",
        "company": "CACI International",
        "location": "Fort Bragg, Cumberland County",
        "country": "US",
        "url": "https://www.adzuna.com/land/ad/5909902429?se=yMeO2g7D8RG-4tqDU3nihA&utm_medium=api&utm_source=600ef87e&v=8CA0ADAC923AAEBC440027EF6CFA42923AB4A2ED",
        "created": "2026-10-03T07:09:09Z",
        "salary_min": 172052.23,
        "salary_max": 172052.23,
        "matched_keyword": "GIS engineer",
        "source": "Adzuna"
      }
    },
    {
      "type": "Feature",
      "geometry": {
        "type": "Point",
        "coordinates": [
          -78.991916,
          35.14346
        ]
      },
      "properties": {
        "title": "Software Engineer (GIS Enterprise)",
        "company": "CACI International",
        "location": "Fort Bragg, Cumberland County",
        "country": "US",
        "url": "https://www.adzuna.com/land/ad/5798429595?se=yMeO2g7D8RG-4tqDU3nihA&utm_medium=api&utm_source=600ef87e&v=59401E80393FBA80D104AE6DED070BB2D4573975",
        "created": "2026-07-12T22:34:59Z",
        "salary_min": 164104.52,
        "salary_max": 164104.52,
        "matched_keyword": "GIS engineer",
        "source": "Adzuna"
      }
    },
    {
      "type": "Feature",
      "geometry": {
        "type": "Point",
        "coordinates": [
          -77.231472,
          38.918592
        ]
      },
      "properties": {
        "title": "Sr GIS Web Engineer",
        "company": "Integral Federal",
        "location": "Tysons, Fairfax County",
        "country": "US",
        "url": "https://www.adzuna.com/details/5849628743?utm_medium=api&utm_source=600ef87e",
        "created": "2026-08-20T10:20:58Z",
        "salary_min": 108256.16,
        "salary_max": 108256.16,
        "matched_keyword": "GIS engineer",
        "source": "Adzuna"
      }
    },
    {
      "type": "Feature",
      "geometry": {
        "type": "Point",
        "coordinates": [
          -104.99,
          39.75
        ]
      },
      "properties": {
        "title": "GIS Solution Engineer - Defense",
        "company": "Esri",
        "location": "Denver, Colorado",
        "country": "US",
        "url": "https://www.adzuna.com/details/5885780275?utm_medium=api&utm_source=600ef87e",
        "created": "2026-09-16T03:26:15Z",
        "salary_min": 79248,
        "salary_max": 130728,
        "matched_keyword": "GIS engineer",
        "source": "Adzuna"
      }
    },
    {
      "type": "Feature",
      "geometry": {
        "type": "Point",
        "coordinates": [
          -77.220397,
          38.893471
        ]
      },
      "properties": {
        "title": "GIS Solution Engineer - Defense",
        "company": "Esri",
        "location": "Vienna, Fairfax County",
        "country": "US",
        "url": "https://www.adzuna.com/details/5904872609?utm_medium=api&utm_source=600ef87e",
        "created": "2026-10-01T01:20:22Z",
        "salary_min": 79248,
        "salary_max": 130728,
        "matched_keyword": "GIS engineer",
        "source": "Adzuna"
      }
    },
    {
      "type": "Feature",
      "geometry": {
        "type": "Point",
        "coordinates": [
          -122.328029,
          47.602077
        ]
      },
      "properties": {
        "title": "Senior GIS Applications Engineer",
        "company": "King County",
        "location": "Pioneer Square, King County",
        "country": "US",
        "url": "https://www.adzuna.com/details/5905069415?utm_medium=api&utm_source=600ef87e",
        "created": "2026-10-01T03:13:07Z",
        "salary_min": 123947,
        "salary_max": 157110,
        "matched_keyword": "GIS engineer",
        "source": "Adzuna"
      }
    },
    {
      "type": "Feature",
      "geometry": {
        "type": "Point",
        "coordinates": [
          -78.96528,
          35.07402
        ]
      },
      "properties": {
        "title": "Software Engineer (GIS Enterprise) with Security Clearance",
        "company": "CACI",
        "location": "Ponderosa, Cumberland County",
        "country": "US",
        "url": "https://www.adzuna.com/land/ad/5906311719?se=yMeO2g7D8RG-4tqDU3nihA&utm_medium=api&utm_source=600ef87e&v=699C17A7B4C1B0AF2894E5A1CE4A5F9931FE4B5A",
        "created": "2026-10-01T17:00:17Z",
        "salary_min": 168396.19,
        "salary_max": 168396.19,
        "matched_keyword": "GIS engineer",
        "source": "Adzuna"
      }
    },
    {
      "type": "Feature",
      "geometry": {
        "type": "Point",
        "coordinates": [
          -78.96528,
          35.07402
        ]
      },
      "properties": {
        "title": "Software Engineer (GIS Enterprise) with Security Clearance",
        "company": "CACI",
        "location": "Ponderosa, Cumberland County",
        "country": "US",
        "url": "https://www.adzuna.com/land/ad/5796588506?se=yMeO2g7D8RG-4tqDU3nihA&utm_medium=api&utm_source=600ef87e&v=FD8F18510E667CF12DA97FD0844712C89463CE61",
        "created": "2026-07-11T01:23:43Z",
        "salary_min": 160617.2,
        "salary_max": 160617.2,
        "matched_keyword": "GIS engineer",
        "source": "Adzuna"
      }
    },
    {
      "type": "Feature",
      "geometry": {
        "type": "Point",
        "coordinates": [
          -117.182538,
          34.055569
        ]
      },
      "properties": {
        "title": "GIS Solution Engineer – AEC",
        "company": "Esri",
        "location": "Redlands, San Bernardino County",
        "country": "US",
        "url": "https://www.adzuna.com/details/5696455114?utm_medium=api&utm_source=600ef87e",
        "created": "2026-04-11T02:30:52Z",
        "salary_min": 109239.85,
        "salary_max": 109239.85,
        "matched_keyword": "GIS engineer",
        "source": "Adzuna"
      }
    },
    {
      "type": "Feature",
      "geometry": {
        "type": "Point",
        "coordinates": [
          -76.924167,
          38.848611
        ]
      },
      "properties": {
        "title": "GIS Systems Engineer II",
        "company": "Oceaneering",
        "location": "Suitland, Prince George's County",
        "country": "US",
        "url": "https://www.adzuna.com/details/5804813482?utm_medium=api&utm_source=600ef87e",
        "created": "2026-07-17T06:45:18Z",
        "salary_min": 80600,
        "salary_max": 120121,
        "matched_keyword": "GIS engineer",
        "source": "Adzuna"
      }
    },
    {
      "type": "Feature",
      "geometry": {
        "type": "Point",
        "coordinates": [
          -104.99,
          39.75
        ]
      },
      "properties": {
        "title": "GIS Solution Engineer – AEC",
        "company": "ESRI",
        "location": "Denver, Colorado",
        "country": "US",
        "url": "https://www.adzuna.com/details/5887359788?utm_medium=api&utm_source=600ef87e",
        "created": "2026-09-17T04:40:58Z",
        "salary_min": 103828.53,
        "salary_max": 103828.53,
        "matched_keyword": "GIS engineer",
        "source": "Adzuna"
      }
    },
    {
      "type": "Feature",
      "geometry": {
        "type": "Point",
        "coordinates": [
          -117.182538,
          34.055569
        ]
      },
      "properties": {
        "title": "GIS Solution Engineer – AEC",
        "company": "ESRI",
        "location": "Redlands, San Bernardino County",
        "country": "US",
        "url": "https://www.adzuna.com/details/5886469345?utm_medium=api&utm_source=600ef87e",
        "created": "2026-09-16T12:54:47Z",
        "salary_min": 108685.98,
        "salary_max": 108685.98,
        "matched_keyword": "GIS engineer",
        "source": "Adzuna"
      }
    },
    {
      "type": "Feature",
      "geometry": {
        "type": "Point",
        "coordinates": [
          -105.13193,
          39.977763
        ]
      },
      "properties": {
        "title": "GIS Solution Engineer – AEC",
        "company": "ESRI",
        "location": "Louisville, Boulder County",
        "country": "US",
        "url": "https://www.adzuna.com/details/5886454201?utm_medium=api&utm_source=600ef87e",
        "created": "2026-09-16T12:51:11Z",
        "salary_min": 101413.68,
        "salary_max": 101413.68,
        "matched_keyword": "GIS engineer",
        "source": "Adzuna"
      }
    },
    {
      "type": "Feature",
      "geometry": {
        "type": "Point",
        "coordinates": [
          -75.164753,
          39.955624
        ]
      },
      "properties": {
        "title": "GIS Solution Engineer - Airports",
        "company": "ESRI",
        "location": "Philadelphia, Philadelphia County",
        "country": "US",
        "url": "https://www.adzuna.com/details/5886459707?utm_medium=api&utm_source=600ef87e",
        "created": "2026-09-16T12:52:05Z",
        "salary_min": 110248.98,
        "salary_max": 110248.98,
        "matched_keyword": "GIS engineer",
        "source": "Adzuna"
      }
    },
    {
      "type": "Feature",
      "geometry": {
        "type": "Point",
        "coordinates": [
          -75.164753,
          39.955624
        ]
      },
      "properties": {
        "title": "GIS Solution Engineer - Transportation",
        "company": "Esri",
        "location": "Philadelphia, Philadelphia County",
        "country": "US",
        "url": "https://www.adzuna.com/details/5870008695?utm_medium=api&utm_source=600ef87e",
        "created": "2026-09-04T00:25:10Z",
        "salary_min": 79248,
        "salary_max": 130728,
        "matched_keyword": "GIS engineer",
        "source": "Adzuna"
      }
    },
    {
      "type": "Feature",
      "geometry": {
        "type": "Point",
        "coordinates": [
          -77.220397,
          38.893471
        ]
      },
      "properties": {
        "title": "GIS Solution Engineer – AEC",
        "company": "Esri",
        "location": "Vienna, Fairfax County",
        "country": "US",
        "url": "https://www.adzuna.com/details/5696378790?utm_medium=api&utm_source=600ef87e",
        "created": "2026-04-11T00:42:29Z",
        "salary_min": 79248,
        "salary_max": 130728,
        "matched_keyword": "GIS engineer",
        "source": "Adzuna"
      }
    },
    {
      "type": "Feature",
      "geometry": {
        "type": "Point",
        "coordinates": [
          -98.522671,
          29.46357
        ]
      },
      "properties": {
        "title": "GIS Solution Engineer – AEC",
        "company": "Esri",
        "location": "San Antonio, Bexar County",
        "country": "US",
        "url": "https://www.adzuna.com/details/5696382129?utm_medium=api&utm_source=600ef87e",
        "created": "2026-04-11T00:59:29Z",
        "salary_min": 79248,
        "salary_max": 130728,
        "matched_keyword": "GIS engineer",
        "source": "Adzuna"
      }
    },
    {
      "type": "Feature",
      "geometry": {
        "type": "Point",
        "coordinates": [
          -75.164753,
          39.955624
        ]
      },
      "properties": {
        "title": "GIS Solution Engineer - Airports",
        "company": "Esri",
        "location": "Philadelphia, Philadelphia County",
        "country": "US",
        "url": "https://www.adzuna.com/details/5819709265?utm_medium=api&utm_source=600ef87e",
        "created": "2026-07-29T06:51:31Z",
        "salary_min": 79248,
        "salary_max": 130728,
        "matched_keyword": "GIS engineer",
        "source": "Adzuna"
      }
    },
    {
      "type": "Feature",
      "geometry": {
        "type": "Point",
        "coordinates": [
          -104.99,
          39.75
        ]
      },
      "properties": {
        "title": "GIS Solution Engineer – AEC",
        "company": "Esri",
        "location": "Denver, Colorado",
        "country": "US",
        "url": "https://www.adzuna.com/details/5696268405?utm_medium=api&utm_source=600ef87e",
        "created": "2026-04-10T22:19:43Z",
        "salary_min": 79248,
        "salary_max": 130728,
        "matched_keyword": "GIS engineer",
        "source": "Adzuna"
      }
    },
    {
      "type": "Feature",
      "geometry": {
        "type": "Point",
        "coordinates": [
          -75.164753,
          39.955624
        ]
      },
      "properties": {
        "title": "GIS Solution Engineer - Transportation",
        "company": "Esri",
        "location": "Philadelphia, Philadelphia County",
        "country": "US",
        "url": "https://www.adzuna.com/details/5909746245?utm_medium=api&utm_source=600ef87e",
        "created": "2026-10-03T05:41:26Z",
        "salary_min": 119505.23,
        "salary_max": 119505.23,
        "matched_keyword": "GIS engineer",
        "source": "Adzuna"
      }
    },
    {
      "type": "Feature",
      "geometry": {
        "type": "Point",
        "coordinates": [
          -84.530819,
          37.999522
        ]
      },
      "properties": {
        "title": "Stereo Photogrammetry Compiler",
        "company": "GRW Engineers, Inc.",
        "location": "Lexington, Fayette County",
        "country": "US",
        "url": "https://www.adzuna.com/details/5677221862?utm_medium=api&utm_source=600ef87e",
        "created": "2026-03-24T16:04:19Z",
        "salary_min": 121390.4,
        "salary_max": 121390.4,
        "matched_keyword": "photogrammetrie",
        "source": "Adzuna"
      }
    },
    {
      "type": "Feature",
      "geometry": {
        "type": "Point",
        "coordinates": [
          -75.283786,
          40.241495
        ]
      },
      "properties": {
        "title": "CAD Engineering",
        "company": "i4 Search Group Healthcare",
        "location": "Lansdale, Montgomery County",
        "country": "US",
        "url": "https://www.adzuna.com/land/ad/5914819823?se=uAB-2w7D8RGSdsiqONmNKg&utm_medium=api&utm_source=600ef87e&v=1755A1E1A33D4001764CD8C6258E5B38D568C43A",
        "created": "2026-10-06T21:38:22Z",
        "salary_min": 48055.84,
        "salary_max": 48055.84,
        "matched_keyword": "photogrammetrie",
        "source": "Adzuna"
      }
    },
    {
      "type": "Feature",
      "geometry": {
        "type": "Point",
        "coordinates": [
          -104.98388,
          39.64447
        ]
      },
      "properties": {
        "title": "Customer Success Specialist - Americas (Civil Infrastructure & Utilities)",
        "company": "Pix4D",
        "location": "Cherry Hills, Arapahoe County",
        "country": "US",
        "url": "https://www.adzuna.com/land/ad/5915418192?se=uAB-2w7D8RGSdsiqONmNKg&utm_medium=api&utm_source=600ef87e&v=0CF012503207C6B0D0394DD508DEEB9C43E5C167",
        "created": "2026-10-07T00:20:36Z",
        "salary_min": 95546.84,
        "salary_max": 95546.84,
        "matched_keyword": "photogrammetrie",
        "source": "Adzuna"
      }
    },
    {
      "type": "Feature",
      "geometry": {
        "type": "Point",
        "coordinates": [
          -104.98776,
          39.647765
        ]
      },
      "properties": {
        "title": "Customer Success Specialist - Americas (Civil Infrastructure & Utilities)",
        "company": "Pix4D",
        "location": "Englewood, Arapahoe County",
        "country": "US",
        "url": "https://www.adzuna.com/land/ad/5915375711?se=uAB-2w7D8RGSdsiqONmNKg&utm_medium=api&utm_source=600ef87e&v=A44449E4268C26DE7F458E1834BC3EB8C2E6BEAF",
        "created": "2026-10-07T00:14:08Z",
        "salary_min": 82996.62,
        "salary_max": 82996.62,
        "matched_keyword": "photogrammetrie",
        "source": "Adzuna"
      }
    },
    {
      "type": "Feature",
      "geometry": {
        "type": "Point",
        "coordinates": [
          -122.030131,
          37.253619
        ]
      },
      "properties": {
        "title": "Deployable Structures Test Engineer",
        "company": "E-Space",
        "location": "Saratoga, Santa Clara County",
        "country": "US",
        "url": "https://www.adzuna.com/land/ad/5915074490?se=uAB-2w7D8RGSdsiqONmNKg&utm_medium=api&utm_source=600ef87e&v=27566839ECCB5B727295D027522F62B366D934F6",
        "created": "2026-10-06T22:45:48Z",
        "salary_min": 128002.21,
        "salary_max": 128002.21,
        "matched_keyword": "photogrammetrie",
        "source": "Adzuna"
      }
    },
    {
      "type": "Feature",
      "geometry": {
        "type": "Point",
        "coordinates": [
          -122.418411,
          37.65319
        ]
      },
      "properties": {
        "title": "Solutions Engineer - Mining Automation & Geospatial Technology",
        "company": "Skycatch",
        "location": "South San Francisco, San Mateo County",
        "country": "US",
        "url": "https://www.adzuna.com/land/ad/5915609091?se=uAB-2w7D8RGSdsiqONmNKg&utm_medium=api&utm_source=600ef87e&v=4F9DC2E5FEE48B7709D10CBA2580627FD99AF225",
        "created": "2026-10-07T01:30:11Z",
        "salary_min": 99152.43,
        "salary_max": 99152.43,
        "matched_keyword": "photogrammetrie",
        "source": "Adzuna"
      }
    },
    {
      "type": "Feature",
      "geometry": {
        "type": "Point",
        "coordinates": [
          -76.32089,
          40.073159
        ]
      },
      "properties": {
        "title": "Mechanical Engineer - Laboratory & Field Investigator",
        "company": "Robson Forensic",
        "location": "Lancaster, Lancaster County",
        "country": "US",
        "url": "https://www.adzuna.com/land/ad/5915372088?se=uAB-2w7D8RGSdsiqONmNKg&utm_medium=api&utm_source=600ef87e&v=724E150F27D43D695D83CBAAD3DA65B667822274",
        "created": "2026-10-07T00:13:33Z",
        "salary_min": 56907.12,
        "salary_max": 56907.12,
        "matched_keyword": "photogrammetrie",
        "source": "Adzuna"
      }
    },
    {
      "type": "Feature",
      "geometry": {
        "type": "Point",
        "coordinates": [
          -82.090645,
          26.976171
        ]
      },
      "properties": {
        "title": "Assistant Crew Chief",
        "company": "Atwell, LLC",
        "location": "Port Charlotte, Charlotte County",
        "country": "US",
        "url": "https://www.adzuna.com/land/ad/5917136378?se=uAB-2w7D8RGSdsiqONmNKg&utm_medium=api&utm_source=600ef87e&v=6D1C3B639E574D116D9F7330E1F96D56CB42E0F3",
        "created": "2026-10-07T09:51:25Z",
        "salary_min": 103524.89,
        "salary_max": 103524.89,
        "matched_keyword": "photogrammetrie",
        "source": "Adzuna"
      }
    },
    {
      "type": "Feature",
      "geometry": {
        "type": "Point",
        "coordinates": [
          -68.508911,
          47.188884
        ]
      },
      "properties": {
        "title": "CAD Technician",
        "company": "Surerus Murphy Joint Venture",
        "location": "New Canada, Aroostook County",
        "country": "US",
        "url": "https://www.adzuna.com/land/ad/5915831895?se=uAB-2w7D8RGSdsiqONmNKg&utm_medium=api&utm_source=600ef87e&v=E2BD446C78CF1B87C5231A72B9E8BAEE9D47692C",
        "created": "2026-10-07T02:02:41Z",
        "salary_min": 87149.1,
        "salary_max": 87149.1,
        "matched_keyword": "photogrammetrie",
        "source": "Adzuna"
      }
    },
    {
      "type": "Feature",
      "geometry": {
        "type": "Point",
        "coordinates": [
          -77.27,
          38.79
        ]
      },
      "properties": {
        "title": "Platform Engineering, Information Technology",
        "company": "VivSoft Technologies",
        "location": "Springfield, Fairfax County",
        "country": "US",
        "url": "https://www.adzuna.com/land/ad/5916718117?se=uAB-2w7D8RGSdsiqONmNKg&utm_medium=api&utm_source=600ef87e&v=7AF4E56E3486A8E1B7F4BD0ED71F006DE7B2DB62",
        "created": "2026-10-07T05:51:47Z",
        "salary_min": 98201.96,
        "salary_max": 98201.96,
        "matched_keyword": "photogrammetrie",
        "source": "Adzuna"
      }
    },
    {
      "type": "Feature",
      "geometry": {
        "type": "Point",
        "coordinates": [
          -77.27,
          38.79
        ]
      },
      "properties": {
        "title": "Platform Engineering (Remote)",
        "company": "VivSoft Technologies",
        "location": "Springfield, Fairfax County",
        "country": "US",
        "url": "https://www.adzuna.com/land/ad/5916926531?se=uAB-2w7D8RGSdsiqONmNKg&utm_medium=api&utm_source=600ef87e&v=853D953E7B77A03DC9FE8FA6649F941CE78D2413",
        "created": "2026-10-07T07:23:07Z",
        "salary_min": 99799.8,
        "salary_max": 99799.8,
        "matched_keyword": "photogrammetrie",
        "source": "Adzuna"
      }
    },
    {
      "type": "Feature",
      "geometry": {
        "type": "Point",
        "coordinates": [
          -77.187169,
          38.776903
        ]
      },
      "properties": {
        "title": "Photogrammetric Engineer with Security Clearance",
        "company": "Trinzic",
        "location": "West Springfield, Fairfax County",
        "country": "US",
        "url": "https://www.adzuna.com/land/ad/5747278795?se=uAB-2w7D8RGSdsiqONmNKg&utm_medium=api&utm_source=600ef87e&v=843FA37509EF712E585B7D73736092E48DA2C540",
        "created": "2026-06-01T03:44:30Z",
        "salary_min": 135270.4,
        "salary_max": 135270.4,
        "matched_keyword": "photogrammetrie",
        "source": "Adzuna"
      }
    },
    {
      "type": "Feature",
      "geometry": {
        "type": "Point",
        "coordinates": [
          -75.665902,
          41.410849
        ]
      },
      "properties": {
        "title": "BIM/VDC Manager",
        "company": "Suffolk Construction",
        "location": "Scranton, Lackawanna County",
        "country": "US",
        "url": "https://www.adzuna.com/land/ad/5914082782?se=uAB-2w7D8RGSdsiqONmNKg&utm_medium=api&utm_source=600ef87e&v=4EFE904C66B28E30C47408D54031E9486C33D555",
        "created": "2026-10-06T12:31:18Z",
        "salary_min": 222189.94,
        "salary_max": 222189.94,
        "matched_keyword": "photogrammetrie",
        "source": "Adzuna"
      }
    },
    {
      "type": "Feature",
      "geometry": {
        "type": "Point",
        "coordinates": [
          -117.75493,
          33.751486
        ]
      },
      "properties": {
        "title": "Senior Reality Capture Engineer, Robotics Hardware",
        "company": "FieldAI",
        "location": "Irvine, Orange County",
        "country": "US",
        "url": "https://www.adzuna.com/land/ad/5915183457?se=uAB-2w7D8RGSdsiqONmNKg&utm_medium=api&utm_source=600ef87e&v=EB00448584EBEDD8358323F0CFC8D8DEE6A885F2",
        "created": "2026-10-06T23:04:33Z",
        "salary_min": 137177.89,
        "salary_max": 137177.89,
        "matched_keyword": "photogrammetrie",
        "source": "Adzuna"
      }
    },
    {
      "type": "Feature",
      "geometry": {
        "type": "Point",
        "coordinates": [
          -80.110056,
          40.356181
        ]
      },
      "properties": {
        "title": "Professional Land Surveyor",
        "company": "T3 Global Strategies, Inc.",
        "location": "Bridgeville, Allegheny County",
        "country": "US",
        "url": "https://www.adzuna.com/land/ad/5914083161?se=uAB-2w7D8RGSdsiqONmNKg&utm_medium=api&utm_source=600ef87e&v=B226C7237746C43B02A2869345E39B7ADFC292CE",
        "created": "2026-10-06T12:31:20Z",
        "salary_min": 93878.67,
        "salary_max": 93878.67,
        "matched_keyword": "photogrammetrie",
        "source": "Adzuna"
      }
    },
    {
      "type": "Feature",
      "geometry": {
        "type": "Point",
        "coordinates": [
          -117.7646,
          33.6698
        ]
      },
      "properties": {
        "title": "Senior Software Engineer, 3D Computer Vision",
        "company": "FieldAI",
        "location": "East Irvine, Orange County",
        "country": "US",
        "url": "https://www.adzuna.com/land/ad/5915577876?se=uAB-2w7D8RGSdsiqONmNKg&utm_medium=api&utm_source=600ef87e&v=1E2A079CA488C31E9D2E02DAA4C58AECF57ADE82",
        "created": "2026-10-07T01:16:06Z",
        "salary_min": 233916.95,
        "salary_max": 233916.95,
        "matched_keyword": "photogrammetrie",
        "source": "Adzuna"
      }
    },
    {
      "type": "Feature",
      "geometry": {
        "type": "Point",
        "coordinates": [
          -117.75493,
          33.751486
        ]
      },
      "properties": {
        "title": "Senior Software Engineer, 3D Computer Vision",
        "company": "FieldAI",
        "location": "Irvine, Orange County",
        "country": "US",
        "url": "https://www.adzuna.com/land/ad/5915609040?se=uAB-2w7D8RGSdsiqONmNKg&utm_medium=api&utm_source=600ef87e&v=E80734B2D914D99F84A1AED5E311F682D6B1A689",
        "created": "2026-10-07T01:30:10Z",
        "salary_min": 170383.64,
        "salary_max": 170383.64,
        "matched_keyword": "photogrammetrie",
        "source": "Adzuna"
      }
    },
    {
      "type": "Feature",
      "geometry": {
        "type": "Point",
        "coordinates": [
          -77.27,
          38.79
        ]
      },
      "properties": {
        "title": "Platform Engineer (TS/SCI)",
        "company": "VivSoft Technologies",
        "location": "Springfield, Fairfax County",
        "country": "US",
        "url": "https://www.adzuna.com/land/ad/5916657928?se=uAB-2w7D8RGSdsiqONmNKg&utm_medium=api&utm_source=600ef87e&v=245FCD7595B0DD98454D104A84F3A8970CC706A8",
        "created": "2026-10-07T04:57:17Z",
        "salary_min": 131945.6,
        "salary_max": 131945.6,
        "matched_keyword": "photogrammetrie",
        "source": "Adzuna"
      }
    },
    {
      "type": "Feature",
      "geometry": {
        "type": "Point",
        "coordinates": [
          -77.27,
          38.79
        ]
      },
      "properties": {
        "title": "Systems Engineer - Mid",
        "company": "Assured Consulting Solutions",
        "location": "Springfield, Fairfax County",
        "country": "US",
        "url": "https://www.adzuna.com/land/ad/5908791527?se=uAB-2w7D8RGSdsiqONmNKg&utm_medium=api&utm_source=600ef87e&v=CD7B51E6AA13B61FB5237E469BAD08DCC8F13BC7",
        "created": "2026-10-02T16:24:38Z",
        "salary_min": 69080.27,
        "salary_max": 69080.27,
        "matched_keyword": "photogrammetrie",
        "source": "Adzuna"
      }
    },
    {
      "type": "Feature",
      "geometry": {
        "type": "Point",
        "coordinates": [
          -71.066119,
          42.354856
        ]
      },
      "properties": {
        "title": "Senior Solutions Engineer, Google Cloud & Maps Platform",
        "company": "Sanborn Map Company",
        "location": "Boston, Suffolk County",
        "country": "US",
        "url": "https://www.adzuna.com/land/ad/5915458316?se=uAB-2w7D8RGSdsiqONmNKg&utm_medium=api&utm_source=600ef87e&v=C729B663DAB1F96A331BB06B0FD97F5CC71B6054",
        "created": "2026-10-07T00:42:03Z",
        "salary_min": 105654.77,
        "salary_max": 105654.77,
        "matched_keyword": "photogrammetrie",
        "source": "Adzuna"
      }
    },
    {
      "type": "Feature",
      "geometry": {
        "type": "Point",
        "coordinates": [
          -106.64425,
          35.19955
        ]
      },
      "properties": {
        "title": "Senior Mechanical Engineer - 3D Facility Characterization with Security Clearance",
        "company": "Red Gate Group",
        "location": "Alameda, Bernalillo County",
        "country": "US",
        "url": "https://www.adzuna.com/land/ad/5782888121?se=uAB-2w7D8RGSdsiqONmNKg&utm_medium=api&utm_source=600ef87e&v=9E5AAD092181879A902E5709B2CB54E197F6487E",
        "created": "2026-07-01T01:07:12Z",
        "salary_min": 116925.63,
        "salary_max": 116925.63,
        "matched_keyword": "photogrammetrie",
        "source": "Adzuna"
      }
    },
    {
      "type": "Feature",
      "geometry": {
        "type": "Point",
        "coordinates": [
          -90.294636,
          38.585617
        ]
      },
      "properties": {
        "title": "4375 Software Developer with Security Clearance",
        "company": "Procession Systems",
        "location": "Shrewsbury, Saint Louis County",
        "country": "US",
        "url": "https://www.adzuna.com/land/ad/5740539572?se=uAB-2w7D8RGSdsiqONmNKg&utm_medium=api&utm_source=600ef87e&v=78B39FDB8004EAA971A1E62BE7A9A57BEDB18C4F",
        "created": "2026-05-25T12:45:30Z",
        "salary_min": 92156.36,
        "salary_max": 92156.36,
        "matched_keyword": "photogrammetrie",
        "source": "Adzuna"
      }
    },
    {
      "type": "Feature",
      "geometry": {
        "type": "Point",
        "coordinates": [
          -97.478485,
          35.213006
        ]
      },
      "properties": {
        "title": "Field Systems Engineer - Severe Weather Research with Security Clearance",
        "company": "FWI ",
        "location": "Goldsby, McClain County",
        "country": "US",
        "url": "https://www.adzuna.com/land/ad/5869568502?se=So023A7D8RG-4tqDU3nihA&utm_medium=api&utm_source=600ef87e&v=4C1C343585E46963B48C5C74E62C49813FD01C4A",
        "created": "2026-09-03T17:19:26Z",
        "salary_min": 89940.21,
        "salary_max": 89940.21,
        "matched_keyword": "photogrammetrie",
        "source": "Adzuna"
      }
    },
    {
      "type": "Feature",
      "geometry": {
        "type": "Point",
        "coordinates": [
          -77.727771,
          39.790371
        ]
      },
      "properties": {
        "title": "Technical Services Engineer / Rep (Greencastle PA)",
        "company": "Orica",
        "location": "Greencastle, Franklin County",
        "country": "US",
        "url": "https://www.adzuna.com/land/ad/5910085329?se=So023A7D8RG-4tqDU3nihA&utm_medium=api&utm_source=600ef87e&v=488C307C48EB7DBECEAB09F27FEF5321F13F6EAB",
        "created": "2026-10-03T09:43:21Z",
        "salary_min": 62704.19,
        "salary_max": 62704.19,
        "matched_keyword": "photogrammetrie",
        "source": "Adzuna"
      }
    },
    {
      "type": "Feature",
      "geometry": {
        "type": "Point",
        "coordinates": [
          -80.110056,
          40.356181
        ]
      },
      "properties": {
        "title": "Professional Land Surveyor",
        "company": "T3 Global Strategies, Inc.",
        "location": "Bridgeville, Allegheny County",
        "country": "US",
        "url": "https://www.adzuna.com/land/ad/5914083161?se=JmML3Q7D8RGZrtr1kasdFg&utm_medium=api&utm_source=600ef87e&v=B226C7237746C43B02A2869345E39B7ADFC292CE",
        "created": "2026-10-06T12:31:20Z",
        "salary_min": 93878.67,
        "salary_max": 93878.67,
        "matched_keyword": "photogrammetry engineer",
        "source": "Adzuna"
      }
    },
    {
      "type": "Feature",
      "geometry": {
        "type": "Point",
        "coordinates": [
          -77.220397,
          38.893471
        ]
      },
      "properties": {
        "title": "Sr. Product Engineer - National Imagery",
        "company": "Esri",
        "location": "Vienna, Fairfax County",
        "country": "US",
        "url": "https://www.adzuna.com/details/5871663905?utm_medium=api&utm_source=600ef87e",
        "created": "2026-09-05T03:37:02Z",
        "salary_min": 93600,
        "salary_max": 159328,
        "matched_keyword": "photogrammetry engineer",
        "source": "Adzuna"
      }
    },
    {
      "type": "Feature",
      "geometry": {
        "type": "Point",
        "coordinates": [
          -77.431099,
          38.894279
        ]
      },
      "properties": {
        "title": "Sr. Software Development Engineer Imagery - TOP Security Clearance",
        "company": "Henpen Corporation",
        "location": "Chantilly, Fairfax County",
        "country": "US",
        "url": "https://www.adzuna.com/details/5808818258?utm_medium=api&utm_source=600ef87e",
        "created": "2026-07-20T23:24:02Z",
        "salary_min": 100369.34,
        "salary_max": 100369.34,
        "matched_keyword": "photogrammetry engineer",
        "source": "Adzuna"
      }
    },
    {
      "type": "Feature",
      "geometry": {
        "type": "Point",
        "coordinates": [
          -87.219718,
          30.420699
        ]
      },
      "properties": {
        "title": "Director of Operations - Engineering",
        "company": "Noor Staffing Group",
        "location": "Pensacola, Escambia County",
        "country": "US",
        "url": "https://www.adzuna.com/details/5746359369?utm_medium=api&utm_source=600ef87e",
        "created": "2026-05-31T05:04:53Z",
        "salary_min": 140000,
        "salary_max": 140000,
        "matched_keyword": "photogrammetry engineer",
        "source": "Adzuna"
      }
    },
    {
      "type": "Feature",
      "geometry": {
        "type": "Point",
        "coordinates": [
          -77.220397,
          38.893471
        ]
      },
      "properties": {
        "title": "Sr. Software Development Engineer – National Imagery",
        "company": "Esri",
        "location": "Vienna, Fairfax County",
        "country": "US",
        "url": "https://www.adzuna.com/details/5871445541?utm_medium=api&utm_source=600ef87e",
        "created": "2026-09-05T00:29:39Z",
        "salary_min": 123136,
        "salary_max": 202488,
        "matched_keyword": "photogrammetry engineer",
        "source": "Adzuna"
      }
    },
    {
      "type": "Feature",
      "geometry": {
        "type": "Point",
        "coordinates": [
          -95.880962,
          41.250968
        ]
      },
      "properties": {
        "title": "Assistant Survey Party Chief - Council Bluffs",
        "company": "State of Iowa",
        "location": "Council Bluffs, Pottawattamie County",
        "country": "US",
        "url": "https://www.adzuna.com/details/5899689313?utm_medium=api&utm_source=600ef87e",
        "created": "2026-09-26T08:48:42Z",
        "salary_min": 47715,
        "salary_max": 70720,
        "matched_keyword": "photogrammetry engineer",
        "source": "Adzuna"
      }
    },
    {
      "type": "Feature",
      "geometry": {
        "type": "Point",
        "coordinates": [
          -104.82218,
          41.1398
        ]
      },
      "properties": {
        "title": "Surveys Engineer 2026-02302",
        "company": "State of Wyoming",
        "location": "Cheyenne, Laramie County",
        "country": "US",
        "url": "https://www.adzuna.com/details/5896500349?utm_medium=api&utm_source=600ef87e",
        "created": "2026-09-24T04:26:02Z",
        "salary_min": 93662,
        "salary_max": 104062,
        "matched_keyword": "photogrammetry engineer",
        "source": "Adzuna"
      }
    },
    {
      "type": "Feature",
      "geometry": {
        "type": "Point",
        "coordinates": [
          -77.27,
          38.79
        ]
      },
      "properties": {
        "title": "Functional Specialist Advisor",
        "company": "Peraton Corporation",
        "location": "Springfield, Fairfax County",
        "country": "US",
        "url": "https://www.adzuna.com/details/5886468925?utm_medium=api&utm_source=600ef87e",
        "created": "2026-09-16T12:54:42Z",
        "salary_min": 117119.27,
        "salary_max": 117119.27,
        "matched_keyword": "photogrammetry engineer",
        "source": "Adzuna"
      }
    },
    {
      "type": "Feature",
      "geometry": {
        "type": "Point",
        "coordinates": [
          -105.035286,
          39.83005
        ]
      },
      "properties": {
        "title": "Product Marketing Intern",
        "company": "Trimble",
        "location": "Westminster, Adams County",
        "country": "US",
        "url": "https://www.adzuna.com/details/5860808959?utm_medium=api&utm_source=600ef87e",
        "created": "2026-08-29T02:02:31Z",
        "salary_min": 47195,
        "salary_max": 58905,
        "matched_keyword": "photogrammetry engineer",
        "source": "Adzuna"
      }
    },
    {
      "type": "Feature",
      "geometry": {
        "type": "Point",
        "coordinates": [
          -90.1615,
          30.0078
        ]
      },
      "properties": {
        "title": "Structural Engineer (PE)",
        "company": "Basin Engineering & Surveying",
        "location": "Metairie Terrace, Metairie",
        "country": "US",
        "url": "https://www.adzuna.com/details/5898989697?utm_medium=api&utm_source=600ef87e",
        "created": "2026-09-25T21:06:09Z",
        "salary_min": 90000,
        "salary_max": 130000,
        "matched_keyword": "drone survey engineer",
        "source": "Adzuna"
      }
    },
    {
      "type": "Feature",
      "geometry": {
        "type": "Point",
        "coordinates": [
          -90.08682,
          29.975021
        ]
      },
      "properties": {
        "title": "Civil Engineer",
        "company": "Discovered Search",
        "location": "New Orleans, Orleans Parish",
        "country": "US",
        "url": "https://www.adzuna.com/details/5748973347?utm_medium=api&utm_source=600ef87e",
        "created": "2026-06-02T05:16:02Z",
        "salary_min": 80000,
        "salary_max": 150000,
        "matched_keyword": "drone survey engineer",
        "source": "Adzuna"
      }
    },
    {
      "type": "Feature",
      "geometry": {
        "type": "Point",
        "coordinates": [
          -86.807562,
          33.519379
        ]
      },
      "properties": {
        "title": "Civil Engineer",
        "company": "Discovered Search",
        "location": "Birmingham, Jefferson County",
        "country": "US",
        "url": "https://www.adzuna.com/details/5748835934?utm_medium=api&utm_source=600ef87e",
        "created": "2026-06-02T01:27:35Z",
        "salary_min": 80000,
        "salary_max": 150000,
        "matched_keyword": "drone survey engineer",
        "source": "Adzuna"
      }
    },
    {
      "type": "Feature",
      "geometry": {
        "type": "Point",
        "coordinates": [
          -80.128901,
          26.124272
        ]
      },
      "properties": {
        "title": "Surveyor / Drone Pilot",
        "company": "LPL Solar",
        "location": "Fort Lauderdale, Broward County",
        "country": "US",
        "url": "https://www.adzuna.com/details/5863119260?utm_medium=api&utm_source=600ef87e",
        "created": "2026-08-31T15:48:23Z",
        "salary_min": 128138.88,
        "salary_max": 128138.88,
        "matched_keyword": "drone survey engineer",
        "source": "Adzuna"
      }
    },
    {
      "type": "Feature",
      "geometry": {
        "type": "Point",
        "coordinates": [
          -72.822869,
          41.536072
        ]
      },
      "properties": {
        "title": "Survey Crew Chief",
        "company": "Beta Group",
        "location": "Yalesville, New Haven County",
        "country": "US",
        "url": "https://www.adzuna.com/details/5899364271?utm_medium=api&utm_source=600ef87e",
        "created": "2026-09-26T02:19:56Z",
        "salary_min": 74000,
        "salary_max": 98000,
        "matched_keyword": "drone survey engineer",
        "source": "Adzuna"
      }
    },
    {
      "type": "Feature",
      "geometry": {
        "type": "Point",
        "coordinates": [
          -76.98858,
          38.8077
        ]
      },
      "properties": {
        "title": "Field Operations Manager",
        "company": "PrimECS",
        "location": "Oxon Hill, Prince George's County",
        "country": "US",
        "url": "https://www.adzuna.com/details/5886139216?utm_medium=api&utm_source=600ef87e",
        "created": "2026-09-16T08:20:20Z",
        "salary_min": 107443.42,
        "salary_max": 107443.42,
        "matched_keyword": "drone survey engineer",
        "source": "Adzuna"
      }
    },
    {
      "type": "Feature",
      "geometry": {
        "type": "Point",
        "coordinates": [
          -80.125128,
          26.103077
        ]
      },
      "properties": {
        "title": "Land Surveyor - Drone Pilot",
        "company": "LPL Solar",
        "location": "Bacon County, Georgia",
        "country": "US",
        "url": "https://www.adzuna.com/details/5868292176?utm_medium=api&utm_source=600ef87e",
        "created": "2026-09-03T00:53:15Z",
        "salary_min": 127452.97,
        "salary_max": 127452.97,
        "matched_keyword": "drone survey engineer",
        "source": "Adzuna"
      }
    },
    {
      "type": "Feature",
      "geometry": {
        "type": "Point",
        "coordinates": [
          -80.125128,
          26.103077
        ]
      },
      "properties": {
        "title": "Surveyor / Drone Pilot",
        "company": "LPL Solar",
        "location": "Port Everglades, Broward County",
        "country": "US",
        "url": "https://www.adzuna.com/details/5866513215?utm_medium=api&utm_source=600ef87e",
        "created": "2026-09-02T00:27:04Z",
        "salary_min": 126662.57,
        "salary_max": 126662.57,
        "matched_keyword": "drone survey engineer",
        "source": "Adzuna"
      }
    },
    {
      "type": "Feature",
      "geometry": {
        "type": "Point",
        "coordinates": [
          -123.108651,
          49.252255
        ]
      },
      "properties": {
        "title": "Civil Technologist",
        "company": "Associated Engineering",
        "location": "Vancouver, Greater Vancouver",
        "country": "CA",
        "url": "https://www.adzuna.ca/details/5901551093?utm_medium=api&utm_source=600ef87e",
        "created": "2026-09-28T08:11:21Z",
        "salary_min": null,
        "salary_max": null,
        "matched_keyword": "topographe",
        "source": "Adzuna"
      }
    },
    {
      "type": "Feature",
      "geometry": {
        "type": "Point",
        "coordinates": [
          -125.243979,
          49.999901
        ]
      },
      "properties": {
        "title": "Resource Engineer",
        "company": "Onsite Engineering Ltd.",
        "location": "Campbell River, Comox-Strathcona",
        "country": "CA",
        "url": "https://www.adzuna.ca/details/5912441036?utm_medium=api&utm_source=600ef87e",
        "created": "2026-10-05T07:18:26Z",
        "salary_min": 85000,
        "salary_max": 120000,
        "matched_keyword": "topographe",
        "source": "Adzuna"
      }
    },
    {
      "type": "Feature",
      "geometry": {
        "type": "Point",
        "coordinates": [
          -122.87054,
          49.15214
        ]
      },
      "properties": {
        "title": "Survey/Geomatics Technologist",
        "company": "Aplin Martin",
        "location": "Surrey, Greater Vancouver",
        "country": "CA",
        "url": "https://www.adzuna.ca/details/5906799633?utm_medium=api&utm_source=600ef87e",
        "created": "2026-10-01T22:06:25Z",
        "salary_min": null,
        "salary_max": null,
        "matched_keyword": "topographe",
        "source": "Adzuna"
      }
    },
    {
      "type": "Feature",
      "geometry": {
        "type": "Point",
        "coordinates": [
          -120.284786,
          50.669962
        ]
      },
      "properties": {
        "title": "Senior Surveyor",
        "company": "Allnorth",
        "location": "Kamloops, Thompson-Nicola",
        "country": "CA",
        "url": "https://www.adzuna.ca/details/5833579291?utm_medium=api&utm_source=600ef87e",
        "created": "2026-08-08T11:09:05Z",
        "salary_min": null,
        "salary_max": null,
        "matched_keyword": "topographe",
        "source": "Adzuna"
      }
    },
    {
      "type": "Feature",
      "geometry": {
        "type": "Point",
        "coordinates": [
          -128.602401,
          54.510797
        ]
      },
      "properties": {
        "title": "Senior Surveyor",
        "company": "Allnorth Consultants Limited",
        "location": "Terrace, Kitimat-Stikine",
        "country": "CA",
        "url": "https://www.adzuna.ca/details/5913794069?utm_medium=api&utm_source=600ef87e",
        "created": "2026-10-06T08:21:14Z",
        "salary_min": null,
        "salary_max": null,
        "matched_keyword": "topographe",
        "source": "Adzuna"
      }
    },
    {
      "type": "Feature",
      "geometry": {
        "type": "Point",
        "coordinates": [
          -119.441908,
          49.883362
        ]
      },
      "properties": {
        "title": "Senior Surveyor",
        "company": "Allnorth Consultants Limited",
        "location": "Kelowna, Central Okanagan",
        "country": "CA",
        "url": "https://www.adzuna.ca/details/5913802091?utm_medium=api&utm_source=600ef87e",
        "created": "2026-10-06T08:23:45Z",
        "salary_min": null,
        "salary_max": null,
        "matched_keyword": "topographe",
        "source": "Adzuna"
      }
    },
    {
      "type": "Feature",
      "geometry": {
        "type": "Point",
        "coordinates": [
          -120.284786,
          50.669962
        ]
      },
      "properties": {
        "title": "Senior Surveyor",
        "company": "Allnorth Consultants Limited",
        "location": "Kamloops, Thompson-Nicola",
        "country": "CA",
        "url": "https://www.adzuna.ca/details/5913766031?utm_medium=api&utm_source=600ef87e",
        "created": "2026-10-06T07:44:21Z",
        "salary_min": null,
        "salary_max": null,
        "matched_keyword": "topographe",
        "source": "Adzuna"
      }
    },
    {
      "type": "Feature",
      "geometry": {
        "type": "Point",
        "coordinates": [
          -122.262353,
          56.813113
        ]
      },
      "properties": {
        "title": "Senior Surveyor",
        "company": "Allnorth Consultants Limited",
        "location": "Pink Mountain, Peace River region",
        "country": "CA",
        "url": "https://www.adzuna.ca/details/5913805310?utm_medium=api&utm_source=600ef87e",
        "created": "2026-10-06T08:27:00Z",
        "salary_min": null,
        "salary_max": null,
        "matched_keyword": "topographe",
        "source": "Adzuna"
      }
    },
    {
      "type": "Feature",
      "geometry": {
        "type": "Point",
        "coordinates": [
          -120.284786,
          50.669962
        ]
      },
      "properties": {
        "title": "Junior Surveyor",
        "company": "Allnorth",
        "location": "Kamloops, Thompson-Nicola",
        "country": "CA",
        "url": "https://www.adzuna.ca/details/5833589851?utm_medium=api&utm_source=600ef87e",
        "created": "2026-08-08T11:19:13Z",
        "salary_min": null,
        "salary_max": null,
        "matched_keyword": "topographe",
        "source": "Adzuna"
      }
    },
    {
      "type": "Feature",
      "geometry": {
        "type": "Point",
        "coordinates": [
          -119.441908,
          49.883362
        ]
      },
      "properties": {
        "title": "Junior Surveyor",
        "company": "Allnorth Consultants Limited",
        "location": "Kelowna, Central Okanagan",
        "country": "CA",
        "url": "https://www.adzuna.ca/details/5913765864?utm_medium=api&utm_source=600ef87e",
        "created": "2026-10-06T07:44:01Z",
        "salary_min": null,
        "salary_max": null,
        "matched_keyword": "topographe",
        "source": "Adzuna"
      }
    },
    {
      "type": "Feature",
      "geometry": {
        "type": "Point",
        "coordinates": [
          -120.284786,
          50.669962
        ]
      },
      "properties": {
        "title": "Junior Surveyor",
        "company": "Allnorth Consultants Limited",
        "location": "Kamloops, Thompson-Nicola",
        "country": "CA",
        "url": "https://www.adzuna.ca/details/5913806394?utm_medium=api&utm_source=600ef87e",
        "created": "2026-10-06T08:27:49Z",
        "salary_min": null,
        "salary_max": null,
        "matched_keyword": "topographe",
        "source": "Adzuna"
      }
    },
    {
      "type": "Feature",
      "geometry": {
        "type": "Point",
        "coordinates": [
          -122.262353,
          56.813113
        ]
      },
      "properties": {
        "title": "Junior Surveyor",
        "company": "Allnorth Consultants Limited",
        "location": "Pink Mountain, Peace River region",
        "country": "CA",
        "url": "https://www.adzuna.ca/details/5913805130?utm_medium=api&utm_source=600ef87e",
        "created": "2026-10-06T08:26:50Z",
        "salary_min": null,
        "salary_max": null,
        "matched_keyword": "topographe",
        "source": "Adzuna"
      }
    },
    {
      "type": "Feature",
      "geometry": {
        "type": "Point",
        "coordinates": [
          -128.602401,
          54.510797
        ]
      },
      "properties": {
        "title": "Junior Surveyor",
        "company": "Allnorth Consultants Limited",
        "location": "Terrace, Kitimat-Stikine",
        "country": "CA",
        "url": "https://www.adzuna.ca/details/5913780575?utm_medium=api&utm_source=600ef87e",
        "created": "2026-10-06T08:15:19Z",
        "salary_min": null,
        "salary_max": null,
        "matched_keyword": "topographe",
        "source": "Adzuna"
      }
    },
    {
      "type": "Feature",
      "geometry": {
        "type": "Point",
        "coordinates": [
          -52.809226,
          47.516619
        ]
      },
      "properties": {
        "title": "Junior Surveyor",
        "company": "Allnorth Consultants Limited",
        "location": "Mount Pearl, Conception Bay - St. Johns",
        "country": "CA",
        "url": "https://www.adzuna.ca/details/5918869510?utm_medium=api&utm_source=600ef87e",
        "created": "2026-10-08T07:18:33Z",
        "salary_min": null,
        "salary_max": null,
        "matched_keyword": "topographe",
        "source": "Adzuna"
      }
    },
    {
      "type": "Feature",
      "geometry": {
        "type": "Point",
        "coordinates": [
          -106.651489,
          52.129941
        ]
      },
      "properties": {
        "title": "Junior Surveyor",
        "company": "Allnorth Consultants Limited",
        "location": "Saskatoon, Saskatchewan",
        "country": "CA",
        "url": "https://www.adzuna.ca/details/5918891500?utm_medium=api&utm_source=600ef87e",
        "created": "2026-10-08T07:42:45Z",
        "salary_min": null,
        "salary_max": null,
        "matched_keyword": "topographe",
        "source": "Adzuna"
      }
    },
    {
      "type": "Feature",
      "geometry": {
        "type": "Point",
        "coordinates": [
          -123.108651,
          49.252255
        ]
      },
      "properties": {
        "title": "Civil Technologist",
        "company": "Associated Engineering",
        "location": "Vancouver, Greater Vancouver",
        "country": "CA",
        "url": "https://www.adzuna.ca/details/5892739633?utm_medium=api&utm_source=600ef87e",
        "created": "2026-09-21T07:06:08Z",
        "salary_min": null,
        "salary_max": null,
        "matched_keyword": "topographe",
        "source": "Adzuna"
      }
    },
    {
      "type": "Feature",
      "geometry": {
        "type": "Point",
        "coordinates": [
          -122.820892,
          49.137655
        ]
      },
      "properties": {
        "title": "Survey/Geomatics Technologist",
        "company": "Aplin Martin",
        "location": "Surrey, Greater Vancouver",
        "country": "CA",
        "url": "https://www.adzuna.ca/details/5910026070?utm_medium=api&utm_source=600ef87e",
        "created": "2026-10-03T08:24:34Z",
        "salary_min": null,
        "salary_max": null,
        "matched_keyword": "topographe",
        "source": "Adzuna"
      }
    },
    {
      "type": "Feature",
      "geometry": {
        "type": "Point",
        "coordinates": [
          -122.87054,
          49.15214
        ]
      },
      "properties": {
        "title": "Civil Design Engineer",
        "company": "Aplin Martin",
        "location": "Surrey, Greater Vancouver",
        "country": "CA",
        "url": "https://www.adzuna.ca/details/5918100075?utm_medium=api&utm_source=600ef87e",
        "created": "2026-10-07T21:59:40Z",
        "salary_min": null,
        "salary_max": null,
        "matched_keyword": "topographe",
        "source": "Adzuna"
      }
    },
    {
      "type": "Feature",
      "geometry": {
        "type": "Point",
        "coordinates": [
          -122.898456,
          49.256582
        ]
      },
      "properties": {
        "title": "Survey Technologist",
        "company": "McElhanney",
        "location": "Greater Vancouver, British Columbia",
        "country": "CA",
        "url": "https://www.adzuna.ca/details/5905205279?utm_medium=api&utm_source=600ef87e",
        "created": "2026-10-01T04:29:38Z",
        "salary_min": 75000,
        "salary_max": 100000,
        "matched_keyword": "topographe",
        "source": "Adzuna"
      }
    },
    {
      "type": "Feature",
      "geometry": {
        "type": "Point",
        "coordinates": [
          -79.257493,
          43.979985
        ]
      },
      "properties": {
        "title": "Civil Engineer - Microtunnelling (Site-Based | Herrenknecht Systems)",
        "company": "Erritt Construction Ltd.",
        "location": "Stouffville, York region",
        "country": "CA",
        "url": "https://www.adzuna.ca/details/5918850536?utm_medium=api&utm_source=600ef87e",
        "created": "2026-10-08T07:13:28Z",
        "salary_min": 106662,
        "salary_max": 106662,
        "matched_keyword": "topographe",
        "source": "Adzuna"
      }
    },
    {
      "type": "Feature",
      "geometry": {
        "type": "Point",
        "coordinates": [
          -122.976173,
          49.246112
        ]
      },
      "properties": {
        "title": "Survey Technician / Technologist",
        "company": "Stantec",
        "location": "Burnaby, Greater Vancouver",
        "country": "CA",
        "url": "https://www.adzuna.ca/details/5769818400?utm_medium=api&utm_source=600ef87e",
        "created": "2026-06-19T17:54:45Z",
        "salary_min": null,
        "salary_max": null,
        "matched_keyword": "topographe",
        "source": "Adzuna"
      }
    },
    {
      "type": "Feature",
      "geometry": {
        "type": "Point",
        "coordinates": [
          -78.740012,
          44.356127
        ]
      },
      "properties": {
        "title": "Field Technician (Geotechnical)",
        "company": "PRI Engineering",
        "location": "Lindsay, Kawartha Lakes",
        "country": "CA",
        "url": "https://www.adzuna.ca/details/5176305338?utm_medium=api&utm_source=600ef87e",
        "created": "2025-05-02T10:11:02Z",
        "salary_min": null,
        "salary_max": null,
        "matched_keyword": "topographe",
        "source": "Adzuna"
      }
    },
    {
      "type": "Feature",
      "geometry": {
        "type": "Point",
        "coordinates": [
          -128.641572,
          55.262489
        ]
      },
      "properties": {
        "title": "Survey Project Manager",
        "company": "McElhanney",
        "location": "Terrace, Kitimat-Stikine",
        "country": "CA",
        "url": "https://www.adzuna.ca/details/5894967052?utm_medium=api&utm_source=600ef87e",
        "created": "2026-09-23T04:55:46Z",
        "salary_min": 78000,
        "salary_max": 110000,
        "matched_keyword": "topographe",
        "source": "Adzuna"
      }
    },
    {
      "type": "Feature",
      "geometry": {
        "type": "Point",
        "coordinates": [
          -120.284786,
          50.669962
        ]
      },
      "properties": {
        "title": "Surveyor",
        "company": "Allnorth",
        "location": "Kamloops, Thompson-Nicola",
        "country": "CA",
        "url": "https://www.adzuna.ca/details/5623048664?utm_medium=api&utm_source=600ef87e",
        "created": "2026-02-10T15:00:08Z",
        "salary_min": null,
        "salary_max": null,
        "matched_keyword": "topographe",
        "source": "Adzuna"
      }
    },
    {
      "type": "Feature",
      "geometry": {
        "type": "Point",
        "coordinates": [
          -122.820892,
          49.137655
        ]
      },
      "properties": {
        "title": "Civil Design Engineer",
        "company": "Aplin Martin",
        "location": "Surrey, Greater Vancouver",
        "country": "CA",
        "url": "https://www.adzuna.ca/details/5910022286?utm_medium=api&utm_source=600ef87e",
        "created": "2026-10-03T08:21:45Z",
        "salary_min": null,
        "salary_max": null,
        "matched_keyword": "topographe",
        "source": "Adzuna"
      }
    },
    {
      "type": "Feature",
      "geometry": {
        "type": "Point",
        "coordinates": [
          -113.271393,
          53.524217
        ]
      },
      "properties": {
        "title": "Surveyor",
        "company": "Allnorth Consultants Limited",
        "location": "Sherwood Park, Edmonton region",
        "country": "CA",
        "url": "https://www.adzuna.ca/details/5896883434?utm_medium=api&utm_source=600ef87e",
        "created": "2026-09-24T09:03:10Z",
        "salary_min": null,
        "salary_max": null,
        "matched_keyword": "topographe",
        "source": "Adzuna"
      }
    },
    {
      "type": "Feature",
      "geometry": {
        "type": "Point",
        "coordinates": [
          -118.792994,
          55.167851
        ]
      },
      "properties": {
        "title": "Surveyor",
        "company": "Allnorth Consultants Limited",
        "location": "Grande Prairie, Grande Prairie region",
        "country": "CA",
        "url": "https://www.adzuna.ca/details/5910022051?utm_medium=api&utm_source=600ef87e",
        "created": "2026-10-03T08:21:33Z",
        "salary_min": null,
        "salary_max": null,
        "matched_keyword": "topographe",
        "source": "Adzuna"
      }
    },
    {
      "type": "Feature",
      "geometry": {
        "type": "Point",
        "coordinates": [
          -123.363361,
          48.439589
        ]
      },
      "properties": {
        "title": "Surveyor",
        "company": "Allnorth Consultants Limited",
        "location": "Victoria, Capital",
        "country": "CA",
        "url": "https://www.adzuna.ca/details/5910008550?utm_medium=api&utm_source=600ef87e",
        "created": "2026-10-03T08:18:11Z",
        "salary_min": null,
        "salary_max": null,
        "matched_keyword": "topographe",
        "source": "Adzuna"
      }
    },
    {
      "type": "Feature",
      "geometry": {
        "type": "Point",
        "coordinates": [
          -54.612302,
          48.960762
        ]
      },
      "properties": {
        "title": "Surveyor",
        "company": "Allnorth Consultants Limited",
        "location": "Gander, Grand-Sault",
        "country": "CA",
        "url": "https://www.adzuna.ca/details/5910027299?utm_medium=api&utm_source=600ef87e",
        "created": "2026-10-03T08:25:36Z",
        "salary_min": null,
        "salary_max": null,
        "matched_keyword": "topographe",
        "source": "Adzuna"
      }
    },
    {
      "type": "Feature",
      "geometry": {
        "type": "Point",
        "coordinates": [
          -123.971459,
          49.184507
        ]
      },
      "properties": {
        "title": "Surveyor",
        "company": "Allnorth Consultants Limited",
        "location": "Nanaimo, Nanaimo region",
        "country": "CA",
        "url": "https://www.adzuna.ca/details/5910023557?utm_medium=api&utm_source=600ef87e",
        "created": "2026-10-03T08:22:38Z",
        "salary_min": null,
        "salary_max": null,
        "matched_keyword": "topographe",
        "source": "Adzuna"
      }
    },
    {
      "type": "Feature",
      "geometry": {
        "type": "Point",
        "coordinates": [
          -122.262353,
          56.813113
        ]
      },
      "properties": {
        "title": "Surveyor",
        "company": "Allnorth Consultants Limited",
        "location": "Pink Mountain, Peace River region",
        "country": "CA",
        "url": "https://www.adzuna.ca/details/5909988849?utm_medium=api&utm_source=600ef87e",
        "created": "2026-10-03T08:11:08Z",
        "salary_min": null,
        "salary_max": null,
        "matched_keyword": "topographe",
        "source": "Adzuna"
      }
    },
    {
      "type": "Feature",
      "geometry": {
        "type": "Point",
        "coordinates": [
          -106.651489,
          52.129941
        ]
      },
      "properties": {
        "title": "Surveyor",
        "company": "Allnorth Consultants Limited",
        "location": "Saskatoon, Saskatchewan",
        "country": "CA",
        "url": "https://www.adzuna.ca/details/5910022815?utm_medium=api&utm_source=600ef87e",
        "created": "2026-10-03T08:22:13Z",
        "salary_min": null,
        "salary_max": null,
        "matched_keyword": "topographe",
        "source": "Adzuna"
      }
    },
    {
      "type": "Feature",
      "geometry": {
        "type": "Point",
        "coordinates": [
          -52.809226,
          47.516619
        ]
      },
      "properties": {
        "title": "Surveyor",
        "company": "Allnorth Consultants Limited",
        "location": "Mount Pearl, Conception Bay - St. Johns",
        "country": "CA",
        "url": "https://www.adzuna.ca/details/5896793402?utm_medium=api&utm_source=600ef87e",
        "created": "2026-09-24T08:34:28Z",
        "salary_min": null,
        "salary_max": null,
        "matched_keyword": "topographe",
        "source": "Adzuna"
      }
    },
    {
      "type": "Feature",
      "geometry": {
        "type": "Point",
        "coordinates": [
          -128.602401,
          54.510797
        ]
      },
      "properties": {
        "title": "Surveyor",
        "company": "Allnorth Consultants Limited",
        "location": "Terrace, Kitimat-Stikine",
        "country": "CA",
        "url": "https://www.adzuna.ca/details/5910001172?utm_medium=api&utm_source=600ef87e",
        "created": "2026-10-03T08:15:56Z",
        "salary_min": null,
        "salary_max": null,
        "matched_keyword": "topographe",
        "source": "Adzuna"
      }
    },
    {
      "type": "Feature",
      "geometry": {
        "type": "Point",
        "coordinates": [
          -119.441908,
          49.883362
        ]
      },
      "properties": {
        "title": "Surveyor",
        "company": "Allnorth Consultants Limited",
        "location": "Kelowna, Central Okanagan",
        "country": "CA",
        "url": "https://www.adzuna.ca/details/5917030472?utm_medium=api&utm_source=600ef87e",
        "created": "2026-10-07T08:25:55Z",
        "salary_min": null,
        "salary_max": null,
        "matched_keyword": "topographe",
        "source": "Adzuna"
      }
    },
    {
      "type": "Feature",
      "geometry": {
        "type": "Point",
        "coordinates": [
          -81.340881,
          48.478713
        ]
      },
      "properties": {
        "title": "Survey Crew Chief",
        "company": "TULLOCH",
        "location": "Timmins, Cochrane region",
        "country": "CA",
        "url": "https://www.adzuna.ca/details/5820384768?utm_medium=api&utm_source=600ef87e",
        "created": "2026-07-29T19:04:57Z",
        "salary_min": null,
        "salary_max": null,
        "matched_keyword": "topographe",
        "source": "Adzuna"
      }
    },
    {
      "type": "Feature",
      "geometry": {
        "type": "Point",
        "coordinates": [
          -106.651489,
          52.129941
        ]
      },
      "properties": {
        "title": "Survey Technician / Technologist",
        "company": "Stantec",
        "location": "Saskatoon, Saskatchewan",
        "country": "CA",
        "url": "https://www.adzuna.ca/details/5768488036?utm_medium=api&utm_source=600ef87e",
        "created": "2026-06-18T16:51:33Z",
        "salary_min": null,
        "salary_max": null,
        "matched_keyword": "topographe",
        "source": "Adzuna"
      }
    },
    {
      "type": "Feature",
      "geometry": {
        "type": "Point",
        "coordinates": [
          -81.22633,
          42.97659
        ]
      },
      "properties": {
        "title": "Survey Crew Chief",
        "company": "Callon Dietz",
        "location": "London, Middlesex",
        "country": "CA",
        "url": "https://www.adzuna.ca/details/5768471516?utm_medium=api&utm_source=600ef87e",
        "created": "2026-06-18T16:48:34Z",
        "salary_min": 54080,
        "salary_max": 83200,
        "matched_keyword": "topographe",
        "source": "Adzuna"
      }
    },
    {
      "type": "Feature",
      "geometry": {
        "type": "Point",
        "coordinates": [
          -80.93909,
          44.56868
        ]
      },
      "properties": {
        "title": "Civil Technologist",
        "company": "WSP",
        "location": "Owen Sound, Grey",
        "country": "CA",
        "url": "https://www.adzuna.ca/details/5819874251?utm_medium=api&utm_source=600ef87e",
        "created": "2026-07-29T11:18:23Z",
        "salary_min": 52500,
        "salary_max": 72300,
        "matched_keyword": "topographe",
        "source": "Adzuna"
      }
    },
    {
      "type": "Feature",
      "geometry": {
        "type": "Point",
        "coordinates": [
          -123.379507,
          48.450866
        ]
      },
      "properties": {
        "title": "Survey Technologist",
        "company": "McElhanney",
        "location": "Victoria, Capital",
        "country": "CA",
        "url": "https://www.adzuna.ca/details/5819849221?utm_medium=api&utm_source=600ef87e",
        "created": "2026-07-29T10:57:06Z",
        "salary_min": 60000,
        "salary_max": 90000,
        "matched_keyword": "topographe",
        "source": "Adzuna"
      }
    },
    {
      "type": "Feature",
      "geometry": {
        "type": "Point",
        "coordinates": [
          -80.99792,
          46.49497
        ]
      },
      "properties": {
        "title": "Technologist – Land Development & Municipal Engineering",
        "company": "WSP",
        "location": "Sudbury, Greater Sudbury",
        "country": "CA",
        "url": "https://www.adzuna.ca/details/5871692784?utm_medium=api&utm_source=600ef87e",
        "created": "2026-09-05T04:30:59Z",
        "salary_min": 52000,
        "salary_max": 69000,
        "matched_keyword": "topographe",
        "source": "Adzuna"
      }
    },
    {
      "type": "Feature",
      "geometry": {
        "type": "Point",
        "coordinates": [
          -113.794034,
          52.842837
        ]
      },
      "properties": {
        "title": "Construction Surveyor / Survey Technician",
        "company": "McElhanney",
        "location": "Alberta, Canada",
        "country": "CA",
        "url": "https://www.adzuna.ca/details/5847960191?utm_medium=api&utm_source=600ef87e",
        "created": "2026-08-19T04:35:42Z",
        "salary_min": 60320,
        "salary_max": 89440,
        "matched_keyword": "topographe",
        "source": "Adzuna"
      }
    },
    {
      "type": "Feature",
      "geometry": {
        "type": "Point",
        "coordinates": [
          -113.8123,
          52.26895
        ]
      },
      "properties": {
        "title": "Intermediate Civil Engineering Technologist",
        "company": "Stantec",
        "location": "Red Deer, Red Deer region",
        "country": "CA",
        "url": "https://www.adzuna.ca/details/5832072575?utm_medium=api&utm_source=600ef87e",
        "created": "2026-08-07T11:05:24Z",
        "salary_min": null,
        "salary_max": null,
        "matched_keyword": "topographe",
        "source": "Adzuna"
      }
    },
    {
      "type": "Feature",
      "geometry": {
        "type": "Point",
        "coordinates": [
          -81.248057,
          42.981065
        ]
      },
      "properties": {
        "title": "Survey Crew Chief",
        "company": "Callon Dietz Inc Ontario Land Surveyors",
        "location": "London, Middlesex",
        "country": "CA",
        "url": "https://www.adzuna.ca/details/5884561580?utm_medium=api&utm_source=600ef87e",
        "created": "2026-09-15T07:07:54Z",
        "salary_min": null,
        "salary_max": null,
        "matched_keyword": "topographe",
        "source": "Adzuna"
      }
    },
    {
      "type": "Feature",
      "geometry": {
        "type": "Point",
        "coordinates": [
          -122.87054,
          49.15214
        ]
      },
      "properties": {
        "title": "Civil Engineering Designer",
        "company": "Aplin Martin",
        "location": "Surrey, Greater Vancouver",
        "country": "CA",
        "url": "https://www.adzuna.ca/details/5897520794?utm_medium=api&utm_source=600ef87e",
        "created": "2026-09-24T20:25:37Z",
        "salary_min": null,
        "salary_max": null,
        "matched_keyword": "topographe",
        "source": "Adzuna"
      }
    },
    {
      "type": "Feature",
      "geometry": {
        "type": "Point",
        "coordinates": [
          -123.128418,
          49.284303
        ]
      },
      "properties": {
        "title": "Land Surveyor (BCLS)",
        "company": "Allnorth",
        "location": "Downtown, Vancouver",
        "country": "CA",
        "url": "https://www.adzuna.ca/details/5529520993?utm_medium=api&utm_source=600ef87e",
        "created": "2025-12-05T12:29:58Z",
        "salary_min": null,
        "salary_max": null,
        "matched_keyword": "topographe",
        "source": "Adzuna"
      }
    },
    {
      "type": "Feature",
      "geometry": {
        "type": "Point",
        "coordinates": [
          -113.502542,
          53.536055
        ]
      },
      "properties": {
        "title": "Survey Crew Cheif",
        "company": "ProtechGeo",
        "location": "Edmonton, Edmonton region",
        "country": "CA",
        "url": "https://www.adzuna.ca/details/5913793734?utm_medium=api&utm_source=600ef87e",
        "created": "2026-10-06T08:21:03Z",
        "salary_min": null,
        "salary_max": null,
        "matched_keyword": "land surveyor engineer",
        "source": "Adzuna"
      }
    },
    {
      "type": "Feature",
      "geometry": {
        "type": "Point",
        "coordinates": [
          -120.284786,
          50.669962
        ]
      },
      "properties": {
        "title": "Land Surveyor (BCLS)",
        "company": "Allnorth Consultants Limited",
        "location": "Kamloops, Thompson-Nicola",
        "country": "CA",
        "url": "https://www.adzuna.ca/details/5902783653?utm_medium=api&utm_source=600ef87e",
        "created": "2026-09-29T07:09:44Z",
        "salary_min": null,
        "salary_max": null,
        "matched_keyword": "land surveyor engineer",
        "source": "Adzuna"
      }
    },
    {
      "type": "Feature",
      "geometry": {
        "type": "Point",
        "coordinates": [
          -119.441908,
          49.883362
        ]
      },
      "properties": {
        "title": "Land Surveyor (BCLS)",
        "company": "Allnorth Consultants Limited",
        "location": "Kelowna, Central Okanagan",
        "country": "CA",
        "url": "https://www.adzuna.ca/details/5902783824?utm_medium=api&utm_source=600ef87e",
        "created": "2026-09-29T07:12:02Z",
        "salary_min": null,
        "salary_max": null,
        "matched_keyword": "land surveyor engineer",
        "source": "Adzuna"
      }
    },
    {
      "type": "Feature",
      "geometry": {
        "type": "Point",
        "coordinates": [
          -123.108651,
          49.252255
        ]
      },
      "properties": {
        "title": "Land Surveyor (BCLS)",
        "company": "Allnorth Consultants Limited",
        "location": "Vancouver, Greater Vancouver",
        "country": "CA",
        "url": "https://www.adzuna.ca/details/5902776570?utm_medium=api&utm_source=600ef87e",
        "created": "2026-09-29T07:03:20Z",
        "salary_min": null,
        "salary_max": null,
        "matched_keyword": "land surveyor engineer",
        "source": "Adzuna"
      }
    },
    {
      "type": "Feature",
      "geometry": {
        "type": "Point",
        "coordinates": [
          -113.271393,
          53.524217
        ]
      },
      "properties": {
        "title": "Land Surveyor (BCLS)",
        "company": "Allnorth Consultants Limited",
        "location": "Sherwood Park, Edmonton region",
        "country": "CA",
        "url": "https://www.adzuna.ca/details/5902783745?utm_medium=api&utm_source=600ef87e",
        "created": "2026-09-29T07:11:17Z",
        "salary_min": null,
        "salary_max": null,
        "matched_keyword": "land surveyor engineer",
        "source": "Adzuna"
      }
    },
    {
      "type": "Feature",
      "geometry": {
        "type": "Point",
        "coordinates": [
          -80.5494,
          43.47149
        ]
      },
      "properties": {
        "title": "Water Resources Engineering Graduate",
        "company": "Stantec",
        "location": "Waterloo, Waterloo region",
        "country": "CA",
        "url": "https://www.adzuna.ca/details/5896529305?utm_medium=api&utm_source=600ef87e",
        "created": "2026-09-24T04:44:34Z",
        "salary_min": null,
        "salary_max": null,
        "matched_keyword": "bathymetric survey",
        "source": "Adzuna"
      }
    },
    {
      "type": "Feature",
      "geometry": {
        "type": "Point",
        "coordinates": [
          -124.00921,
          54.02195
        ]
      },
      "properties": {
        "title": "Water Resources Engineer (Hydrotechnical)",
        "company": "Artemis Gold Inc",
        "location": "Vanderhoof, Bulkley-Nechako",
        "country": "CA",
        "url": "https://www.adzuna.ca/details/5856314121?utm_medium=api&utm_source=600ef87e",
        "created": "2026-08-25T23:26:24Z",
        "salary_min": 104544,
        "salary_max": 120000,
        "matched_keyword": "bathymetric survey",
        "source": "Adzuna"
      }
    },
    {
      "type": "Feature",
      "geometry": {
        "type": "Point",
        "coordinates": [
          -81.248057,
          42.981065
        ]
      },
      "properties": {
        "title": "Water Resources Engineering Graduate",
        "company": "Stantec",
        "location": "London, Middlesex",
        "country": "CA",
        "url": "https://www.adzuna.ca/details/5896471807?utm_medium=api&utm_source=600ef87e",
        "created": "2026-09-24T03:13:16Z",
        "salary_min": null,
        "salary_max": null,
        "matched_keyword": "bathymetric survey",
        "source": "Adzuna"
      }
    },
    {
      "type": "Feature",
      "geometry": {
        "type": "Point",
        "coordinates": [
          -79.996792,
          43.250887
        ]
      },
      "properties": {
        "title": "Water Resources Engineering Graduate",
        "company": "Stantec",
        "location": "Hamilton region, Ontario",
        "country": "CA",
        "url": "https://www.adzuna.ca/details/5896471818?utm_medium=api&utm_source=600ef87e",
        "created": "2026-09-24T03:13:16Z",
        "salary_min": null,
        "salary_max": null,
        "matched_keyword": "bathymetric survey",
        "source": "Adzuna"
      }
    },
    {
      "type": "Feature",
      "geometry": {
        "type": "Point",
        "coordinates": [
          -122.976173,
          49.246112
        ]
      },
      "properties": {
        "title": "Survey Technician / Technologist",
        "company": "Stantec",
        "location": "Burnaby, Greater Vancouver",
        "country": "CA",
        "url": "https://www.adzuna.ca/details/5769059137?utm_medium=api&utm_source=600ef87e",
        "created": "2026-06-19T01:44:35Z",
        "salary_min": null,
        "salary_max": null,
        "matched_keyword": "bathymetric survey",
        "source": "Adzuna"
      }
    },
    {
      "type": "Feature",
      "geometry": {
        "type": "Point",
        "coordinates": [
          -120.336104,
          50.691274
        ]
      },
      "properties": {
        "title": "Survey Technician / Technologist",
        "company": "Stantec",
        "location": "Kamloops, Thompson-Nicola",
        "country": "CA",
        "url": "https://www.adzuna.ca/details/5769059131?utm_medium=api&utm_source=600ef87e",
        "created": "2026-06-19T01:44:35Z",
        "salary_min": null,
        "salary_max": null,
        "matched_keyword": "bathymetric survey",
        "source": "Adzuna"
      }
    },
    {
      "type": "Feature",
      "geometry": {
        "type": "Point",
        "coordinates": [
          -114.086648,
          51.071225
        ]
      },
      "properties": {
        "title": "Geomatics Technician",
        "company": "Allnorth",
        "location": "Mount Pleasant, Calgary",
        "country": "CA",
        "url": "https://www.adzuna.ca/details/5888940282?utm_medium=api&utm_source=600ef87e",
        "created": "2026-09-18T04:37:13Z",
        "salary_min": null,
        "salary_max": null,
        "matched_keyword": "lidar engineer",
        "source": "Adzuna"
      }
    },
    {
      "type": "Feature",
      "geometry": {
        "type": "Point",
        "coordinates": [
          -106.651489,
          52.129941
        ]
      },
      "properties": {
        "title": "Geomatics Technician",
        "company": "Allnorth Consultants Limited",
        "location": "Saskatoon, Saskatchewan",
        "country": "CA",
        "url": "https://www.adzuna.ca/details/5887677993?utm_medium=api&utm_source=600ef87e",
        "created": "2026-09-17T08:14:04Z",
        "salary_min": null,
        "salary_max": null,
        "matched_keyword": "lidar engineer",
        "source": "Adzuna"
      }
    },
    {
      "type": "Feature",
      "geometry": {
        "type": "Point",
        "coordinates": [
          -113.271393,
          53.524217
        ]
      },
      "properties": {
        "title": "Geomatics Technician",
        "company": "Allnorth Consultants Limited",
        "location": "Sherwood Park, Edmonton region",
        "country": "CA",
        "url": "https://www.adzuna.ca/details/5887654891?utm_medium=api&utm_source=600ef87e",
        "created": "2026-09-17T08:05:33Z",
        "salary_min": null,
        "salary_max": null,
        "matched_keyword": "lidar engineer",
        "source": "Adzuna"
      }
    },
    {
      "type": "Feature",
      "geometry": {
        "type": "Point",
        "coordinates": [
          -123.108651,
          49.252255
        ]
      },
      "properties": {
        "title": "Geomatics Technician",
        "company": "Allnorth Consultants Limited",
        "location": "Vancouver, Greater Vancouver",
        "country": "CA",
        "url": "https://www.adzuna.ca/details/5887677547?utm_medium=api&utm_source=600ef87e",
        "created": "2026-09-17T08:13:49Z",
        "salary_min": null,
        "salary_max": null,
        "matched_keyword": "lidar engineer",
        "source": "Adzuna"
      }
    },
    {
      "type": "Feature",
      "geometry": {
        "type": "Point",
        "coordinates": [
          -123.108651,
          49.252255
        ]
      },
      "properties": {
        "title": "Civil Technologist (Highways)",
        "company": "Associated Engineering",
        "location": "Vancouver, Greater Vancouver",
        "country": "CA",
        "url": "https://www.adzuna.ca/details/5898266734?utm_medium=api&utm_source=600ef87e",
        "created": "2026-09-25T07:06:05Z",
        "salary_min": null,
        "salary_max": null,
        "matched_keyword": "lidar engineer",
        "source": "Adzuna"
      }
    },
    {
      "type": "Feature",
      "geometry": {
        "type": "Point",
        "coordinates": [
          -123.01152,
          49.26637
        ]
      },
      "properties": {
        "title": "Technical Business Development Lead",
        "company": "Encepta",
        "location": "Hastings-Sunrise, Vancouver",
        "country": "CA",
        "url": "https://www.adzuna.ca/details/5887346417?utm_medium=api&utm_source=600ef87e",
        "created": "2026-09-17T04:25:38Z",
        "salary_min": 100000,
        "salary_max": 150000,
        "matched_keyword": "lidar engineer",
        "source": "Adzuna"
      }
    },
    {
      "type": "Feature",
      "geometry": {
        "type": "Point",
        "coordinates": [
          -122.976173,
          49.246112
        ]
      },
      "properties": {
        "title": "Technical Business Development Lead",
        "company": "Encepta",
        "location": "Burnaby, Greater Vancouver",
        "country": "CA",
        "url": "https://www.adzuna.ca/details/5886075378?utm_medium=api&utm_source=600ef87e",
        "created": "2026-09-16T07:15:14Z",
        "salary_min": null,
        "salary_max": null,
        "matched_keyword": "lidar engineer",
        "source": "Adzuna"
      }
    },
    {
      "type": "Feature",
      "geometry": {
        "type": "Point",
        "coordinates": [
          -123.108651,
          49.252255
        ]
      },
      "properties": {
        "title": "Civil Technologist",
        "company": "Associated Engineering",
        "location": "Vancouver, Greater Vancouver",
        "country": "CA",
        "url": "https://www.adzuna.ca/details/5898262226?utm_medium=api&utm_source=600ef87e",
        "created": "2026-09-25T07:04:44Z",
        "salary_min": null,
        "salary_max": null,
        "matched_keyword": "lidar engineer",
        "source": "Adzuna"
      }
    },
    {
      "type": "Feature",
      "geometry": {
        "type": "Point",
        "coordinates": [
          -111.613808,
          57.589767
        ]
      },
      "properties": {
        "title": "Civil, Geotechnical & Geomatic Engineering Students - January 2027",
        "company": "Suncor Energy Services",
        "location": "Fort McMurray region, Alberta",
        "country": "CA",
        "url": "https://www.adzuna.ca/details/5888936243?utm_medium=api&utm_source=600ef87e",
        "created": "2026-09-18T04:31:06Z",
        "salary_min": null,
        "salary_max": null,
        "matched_keyword": "geomatics engineer",
        "source": "Adzuna"
      }
    },
    {
      "type": "Feature",
      "geometry": {
        "type": "Point",
        "coordinates": [
          -120.838903,
          56.246356
        ]
      },
      "properties": {
        "title": "Geomatics (Survey) New Graduate- Fort St John",
        "company": "McElhanney",
        "location": "Fort St. John, Peace River region",
        "country": "CA",
        "url": "https://www.adzuna.ca/details/5860917486?utm_medium=api&utm_source=600ef87e",
        "created": "2026-08-29T04:46:30Z",
        "salary_min": 45760,
        "salary_max": 70720,
        "matched_keyword": "geomatics engineer",
        "source": "Adzuna"
      }
    },
    {
      "type": "Feature",
      "geometry": {
        "type": "Point",
        "coordinates": [
          -79.656736,
          43.588336
        ]
      },
      "properties": {
        "title": "Geomatics Technical Support Specialist",
        "company": "Brandt Tractor Ltd",
        "location": "Mississauga, Peel region",
        "country": "CA",
        "url": "https://www.adzuna.ca/details/5912502866?utm_medium=api&utm_source=600ef87e",
        "created": "2026-10-05T08:31:37Z",
        "salary_min": null,
        "salary_max": null,
        "matched_keyword": "geomatics engineer",
        "source": "Adzuna"
      }
    },
    {
      "type": "Feature",
      "geometry": {
        "type": "Point",
        "coordinates": [
          -110.018998,
          53.274628
        ]
      },
      "properties": {
        "title": "Survey Crew Lead/ Senior Technologist",
        "company": "McElhanney",
        "location": "Lloydminster, Camrose region",
        "country": "CA",
        "url": "https://www.adzuna.ca/details/5907702444?utm_medium=api&utm_source=600ef87e",
        "created": "2026-10-02T04:51:08Z",
        "salary_min": 66560,
        "salary_max": 95680,
        "matched_keyword": "geomatics engineer",
        "source": "Adzuna"
      }
    },
    {
      "type": "Feature",
      "geometry": {
        "type": "Point",
        "coordinates": [
          -113.502542,
          53.536055
        ]
      },
      "properties": {
        "title": "Civil Engineering Technologist",
        "company": "Egis Group",
        "location": "Edmonton, Edmonton region",
        "country": "CA",
        "url": "https://www.adzuna.ca/details/5908006421?utm_medium=api&utm_source=600ef87e",
        "created": "2026-10-02T08:15:10Z",
        "salary_min": null,
        "salary_max": null,
        "matched_keyword": "geomatics engineer",
        "source": "Adzuna"
      }
    },
    {
      "type": "Feature",
      "geometry": {
        "type": "Point",
        "coordinates": [
          -114.078513,
          51.040175
        ]
      },
      "properties": {
        "title": "Civil Engineering Technologist",
        "company": "Egis Group",
        "location": "Calgary, Calgary region",
        "country": "CA",
        "url": "https://www.adzuna.ca/details/5907992943?utm_medium=api&utm_source=600ef87e",
        "created": "2026-10-02T08:09:04Z",
        "salary_min": null,
        "salary_max": null,
        "matched_keyword": "geomatics engineer",
        "source": "Adzuna"
      }
    },
    {
      "type": "Feature",
      "geometry": {
        "type": "Point",
        "coordinates": [
          -123.108651,
          49.252255
        ]
      },
      "properties": {
        "title": "Civil Engineering Technologist",
        "company": "Egis Group",
        "location": "Vancouver, Greater Vancouver",
        "country": "CA",
        "url": "https://www.adzuna.ca/details/5908009669?utm_medium=api&utm_source=600ef87e",
        "created": "2026-10-02T08:15:58Z",
        "salary_min": null,
        "salary_max": null,
        "matched_keyword": "geomatics engineer",
        "source": "Adzuna"
      }
    },
    {
      "type": "Feature",
      "geometry": {
        "type": "Point",
        "coordinates": [
          -123.12418,
          49.28885
        ]
      },
      "properties": {
        "title": "GIS Specialist",
        "company": "Arcadis",
        "location": "Coal Harbour, Vancouver",
        "country": "CA",
        "url": "https://www.adzuna.ca/details/5909701809?utm_medium=api&utm_source=600ef87e",
        "created": "2026-10-03T04:30:23Z",
        "salary_min": 80000,
        "salary_max": 120000,
        "matched_keyword": "geomatics engineer",
        "source": "Adzuna"
      }
    },
    {
      "type": "Feature",
      "geometry": {
        "type": "Point",
        "coordinates": [
          -73.57045,
          45.49842
        ]
      },
      "properties": {
        "title": "GIS Project Manager - ALTO project / Cadence",
        "company": "SYSTRA",
        "location": "Westmount, Montréal",
        "country": "CA",
        "url": "https://www.adzuna.ca/details/5893556390?utm_medium=api&utm_source=600ef87e",
        "created": "2026-09-22T00:00:20Z",
        "salary_min": null,
        "salary_max": null,
        "matched_keyword": "geomatics engineer",
        "source": "Adzuna"
      }
    },
    {
      "type": "Feature",
      "geometry": {
        "type": "Point",
        "coordinates": [
          -113.794034,
          52.842837
        ]
      },
      "properties": {
        "title": "2026- 27 McElhanney Technical and Digital Innovation in Engineering Scholarship",
        "company": "McElhanney",
        "location": "Alberta, Canada",
        "country": "CA",
        "url": "https://www.adzuna.ca/details/5887349316?utm_medium=api&utm_source=600ef87e",
        "created": "2026-09-17T04:29:24Z",
        "salary_min": null,
        "salary_max": null,
        "matched_keyword": "geomatics engineer",
        "source": "Adzuna"
      }
    },
    {
      "type": "Feature",
      "geometry": {
        "type": "Point",
        "coordinates": [
          -113.794034,
          52.842837
        ]
      },
      "properties": {
        "title": "2026- 27 McElhanney Indigenous Peoples Scholarship",
        "company": "McElhanney",
        "location": "Alberta, Canada",
        "country": "CA",
        "url": "https://www.adzuna.ca/details/5887350916?utm_medium=api&utm_source=600ef87e",
        "created": "2026-09-17T04:31:32Z",
        "salary_min": null,
        "salary_max": null,
        "matched_keyword": "geomatics engineer",
        "source": "Adzuna"
      }
    },
    {
      "type": "Feature",
      "geometry": {
        "type": "Point",
        "coordinates": [
          -97.19513,
          49.92654
        ]
      },
      "properties": {
        "title": "Outside Sales Representative L2",
        "company": "Toromont Cat",
        "location": "Sargent Park, Winnipeg",
        "country": "CA",
        "url": "https://www.adzuna.ca/details/5899457265?utm_medium=api&utm_source=600ef87e",
        "created": "2026-09-26T04:53:29Z",
        "salary_min": 67500,
        "salary_max": 67500,
        "matched_keyword": "geomatics engineer",
        "source": "Adzuna"
      }
    },
    {
      "type": "Feature",
      "geometry": {
        "type": "Point",
        "coordinates": [
          -73.588138,
          45.544959
        ]
      },
      "properties": {
        "title": "Ingénieur en Données Géospatiales / Geospatial Data Engineer",
        "company": "Shearwater",
        "location": "Montréal, Québec",
        "country": "CA",
        "url": "https://www.adzuna.ca/details/5419128784?utm_medium=api&utm_source=600ef87e",
        "created": "2025-09-28T05:49:21Z",
        "salary_min": null,
        "salary_max": null,
        "matched_keyword": "geospatial engineer",
        "source": "Adzuna"
      }
    },
    {
      "type": "Feature",
      "geometry": {
        "type": "Point",
        "coordinates": [
          -79.38334,
          43.65004
        ]
      },
      "properties": {
        "title": "Geospatial & BIM Information Specialist",
        "company": "WSP",
        "location": "Rua Açores, City of Toronto",
        "country": "CA",
        "url": "https://www.adzuna.ca/details/5806474744?utm_medium=api&utm_source=600ef87e",
        "created": "2026-07-18T17:44:55Z",
        "salary_min": 69900,
        "salary_max": 92900,
        "matched_keyword": "geospatial engineer",
        "source": "Adzuna"
      }
    },
    {
      "type": "Feature",
      "geometry": {
        "type": "Point",
        "coordinates": [
          -79.424769,
          43.814854
        ]
      },
      "properties": {
        "title": "Geospatial & BIM Information Specialist",
        "company": "WSP USA",
        "location": "Thornhill, York region",
        "country": "CA",
        "url": "https://www.adzuna.ca/details/5806927442?utm_medium=api&utm_source=600ef87e",
        "created": "2026-07-19T02:41:04Z",
        "salary_min": null,
        "salary_max": null,
        "matched_keyword": "geospatial engineer",
        "source": "Adzuna"
      }
    },
    {
      "type": "Feature",
      "geometry": {
        "type": "Point",
        "coordinates": [
          -79.402726,
          43.706102
        ]
      },
      "properties": {
        "title": "Geospatial & BIM Information Specialist",
        "company": "WSP USA",
        "location": "Toronto, Ontario",
        "country": "CA",
        "url": "https://www.adzuna.ca/details/5806927437?utm_medium=api&utm_source=600ef87e",
        "created": "2026-07-19T02:41:04Z",
        "salary_min": null,
        "salary_max": null,
        "matched_keyword": "geospatial engineer",
        "source": "Adzuna"
      }
    },
    {
      "type": "Feature",
      "geometry": {
        "type": "Point",
        "coordinates": [
          -79.402726,
          43.706102
        ]
      },
      "properties": {
        "title": "Geospatial & BIM Information Specialist",
        "company": "WSP Canada",
        "location": "Toronto, Ontario",
        "country": "CA",
        "url": "https://www.adzuna.ca/details/5906647545?utm_medium=api&utm_source=600ef87e",
        "created": "2026-10-01T21:26:56Z",
        "salary_min": null,
        "salary_max": null,
        "matched_keyword": "geospatial engineer",
        "source": "Adzuna"
      }
    },
    {
      "type": "Feature",
      "geometry": {
        "type": "Point",
        "coordinates": [
          -79.86009,
          43.8751
        ]
      },
      "properties": {
        "title": "Student, Engineering GIS",
        "company": "The Town of Caledon",
        "location": "Caledon East, Peel region",
        "country": "CA",
        "url": "https://www.adzuna.ca/details/5918707688?utm_medium=api&utm_source=600ef87e",
        "created": "2026-10-08T04:41:23Z",
        "salary_min": 44054,
        "salary_max": 55078,
        "matched_keyword": "GIS engineer",
        "source": "Adzuna"
      }
    },
    {
      "type": "Feature",
      "geometry": {
        "type": "Point",
        "coordinates": [
          -79.746701,
          43.88334
        ]
      },
      "properties": {
        "title": "GIS & Utility Systems Integration Engineer",
        "company": "Qualus",
        "location": "Bolton, Peel region",
        "country": "CA",
        "url": "https://www.adzuna.ca/details/5766401875?utm_medium=api&utm_source=600ef87e",
        "created": "2026-06-17T01:48:21Z",
        "salary_min": null,
        "salary_max": null,
        "matched_keyword": "GIS engineer",
        "source": "Adzuna"
      }
    },
    {
      "type": "Feature",
      "geometry": {
        "type": "Point",
        "coordinates": [
          -123.078768,
          51.467658
        ]
      },
      "properties": {
        "title": "Asset Management Lead",
        "company": "McElhanney",
        "location": "British Columbia, Canada",
        "country": "CA",
        "url": "https://www.adzuna.ca/details/5849384122?utm_medium=api&utm_source=600ef87e",
        "created": "2026-08-20T04:22:26Z",
        "salary_min": 80000,
        "salary_max": 150000,
        "matched_keyword": "GIS engineer",
        "source": "Adzuna"
      }
    },
    {
      "type": "Feature",
      "geometry": {
        "type": "Point",
        "coordinates": [
          -79.37938,
          43.84934
        ]
      },
      "properties": {
        "title": "Senior Developer - Cloud Applications",
        "company": "Cansel Group of companies",
        "location": "Thornhill, York region",
        "country": "CA",
        "url": "https://www.adzuna.ca/details/5824110104?utm_medium=api&utm_source=600ef87e",
        "created": "2026-08-01T11:00:25Z",
        "salary_min": null,
        "salary_max": null,
        "matched_keyword": "GIS engineer",
        "source": "Adzuna"
      }
    },
    {
      "type": "Feature",
      "geometry": {
        "type": "Point",
        "coordinates": [
          -79.69129,
          43.73188
        ]
      },
      "properties": {
        "title": "Lead Water Resources Engineer/Sr. Modeler",
        "company": "EXP",
        "location": "Brampton, Peel region",
        "country": "CA",
        "url": "https://www.adzuna.ca/details/5841511766?utm_medium=api&utm_source=600ef87e",
        "created": "2026-08-14T04:55:10Z",
        "salary_min": 106400,
        "salary_max": 141100,
        "matched_keyword": "GIS engineer",
        "source": "Adzuna"
      }
    },
    {
      "type": "Feature",
      "geometry": {
        "type": "Point",
        "coordinates": [
          -79.402726,
          43.706102
        ]
      },
      "properties": {
        "title": "Senior AI/ML Quality Assurance Engineer",
        "company": "CDM Smith",
        "location": "Toronto, Ontario",
        "country": "CA",
        "url": "https://www.adzuna.ca/details/5870197167?utm_medium=api&utm_source=600ef87e",
        "created": "2026-09-04T03:22:48Z",
        "salary_min": null,
        "salary_max": null,
        "matched_keyword": "GIS engineer",
        "source": "Adzuna"
      }
    },
    {
      "type": "Feature",
      "geometry": {
        "type": "Point",
        "coordinates": [
          -106.651489,
          52.129941
        ]
      },
      "properties": {
        "title": "Lakeland Career Fair",
        "company": "SLR Consulting",
        "location": "Saskatoon, Saskatchewan",
        "country": "CA",
        "url": "https://www.adzuna.ca/details/5907690598?utm_medium=api&utm_source=600ef87e",
        "created": "2026-10-02T04:36:24Z",
        "salary_min": null,
        "salary_max": null,
        "matched_keyword": "GIS engineer",
        "source": "Adzuna"
      }
    },
    {
      "type": "Feature",
      "geometry": {
        "type": "Point",
        "coordinates": [
          -113.49271,
          53.54117
        ]
      },
      "properties": {
        "title": "Intern, Civil Engineering",
        "company": "WSP",
        "location": "Downtown, Edmonton",
        "country": "CA",
        "url": "https://www.adzuna.ca/details/5860916210?utm_medium=api&utm_source=600ef87e",
        "created": "2026-08-29T04:45:17Z",
        "salary_min": 44720,
        "salary_max": 62920,
        "matched_keyword": "GIS engineer",
        "source": "Adzuna"
      }
    },
    {
      "type": "Feature",
      "geometry": {
        "type": "Point",
        "coordinates": [
          -123.136733,
          49.156021
        ]
      },
      "properties": {
        "title": "Fleet Engineer Job Details | Purolator",
        "company": "Purolator",
        "location": "Richmond, Greater Vancouver",
        "country": "CA",
        "url": "https://www.adzuna.ca/land/ad/5888574616?se=2k0x5g7D8RGZrtr1kasdFg&utm_medium=api&utm_source=600ef87e&v=661D5236C87FE7E5409C103AC2E52CD890681F1F",
        "created": "2026-09-17T22:31:52Z",
        "salary_min": null,
        "salary_max": null,
        "matched_keyword": "GIS engineer",
        "source": "Adzuna"
      }
    },
    {
      "type": "Feature",
      "geometry": {
        "type": "Point",
        "coordinates": [
          -79.101906,
          43.833355
        ]
      },
      "properties": {
        "title": "25-136 SAP Digital Engineer",
        "company": "Morson",
        "location": "Pickering, Durham region",
        "country": "CA",
        "url": "https://www.adzuna.ca/details/5909700351?utm_medium=api&utm_source=600ef87e",
        "created": "2026-10-03T04:29:11Z",
        "salary_min": 145600,
        "salary_max": 208000,
        "matched_keyword": "GIS engineer",
        "source": "Adzuna"
      }
    },
    {
      "type": "Feature",
      "geometry": {
        "type": "Point",
        "coordinates": [
          -73.57045,
          45.49842
        ]
      },
      "properties": {
        "title": "Digital Solutions Portfolio Specialist (Internship or VIE) - ALTO project / Cadence",
        "company": "SYSTRA",
        "location": "Westmount, Montréal",
        "country": "CA",
        "url": "https://www.adzuna.ca/details/5893556388?utm_medium=api&utm_source=600ef87e",
        "created": "2026-09-22T00:00:20Z",
        "salary_min": null,
        "salary_max": null,
        "matched_keyword": "GIS engineer",
        "source": "Adzuna"
      }
    },
    {
      "type": "Feature",
      "geometry": {
        "type": "Point",
        "coordinates": [
          -117.32892,
          53.03053
        ]
      },
      "properties": {
        "title": "Senior Underground Mining Engineer",
        "company": "Heidelberg Materials US, Inc.",
        "location": "Cadomin, Yellowhead",
        "country": "CA",
        "url": "https://www.adzuna.ca/details/5891452750?utm_medium=api&utm_source=600ef87e",
        "created": "2026-09-20T03:14:13Z",
        "salary_min": null,
        "salary_max": null,
        "matched_keyword": "GIS engineer",
        "source": "Adzuna"
      }
    },
    {
      "type": "Feature",
      "geometry": {
        "type": "Point",
        "coordinates": [
          -122.976173,
          49.246112
        ]
      },
      "properties": {
        "title": "Civil/Transportation Engineering Intern/Co-op",
        "company": "AECOM",
        "location": "Burnaby, Greater Vancouver",
        "country": "CA",
        "url": "https://www.adzuna.ca/details/5852172020?utm_medium=api&utm_source=600ef87e",
        "created": "2026-08-22T03:01:12Z",
        "salary_min": null,
        "salary_max": null,
        "matched_keyword": "GIS engineer",
        "source": "Adzuna"
      }
    },
    {
      "type": "Feature",
      "geometry": {
        "type": "Point",
        "coordinates": [
          -68.638735,
          48.145264
        ]
      },
      "properties": {
        "title": "Ingénieur·e principal·e (Postes électriques) / Primary Engineer (Substations)",
        "company": "Hitachi",
        "location": "Bas-Saint-Laurent, Québec",
        "country": "CA",
        "url": "https://www.adzuna.ca/details/5911276686?utm_medium=api&utm_source=600ef87e",
        "created": "2026-10-04T04:38:01Z",
        "salary_min": null,
        "salary_max": null,
        "matched_keyword": "GIS engineer",
        "source": "Adzuna"
      }
    },
    {
      "type": "Feature",
      "geometry": {
        "type": "Point",
        "coordinates": [
          -130.315828,
          54.312908
        ]
      },
      "properties": {
        "title": "Department Manager - Engineering",
        "company": "Victoria Newitt Recruitment",
        "location": "Prince Rupert, Skeena-Queen Charlotte",
        "country": "CA",
        "url": "https://www.adzuna.ca/details/5780516318?utm_medium=api&utm_source=600ef87e",
        "created": "2026-06-28T16:56:02Z",
        "salary_min": 125000,
        "salary_max": 150000,
        "matched_keyword": "GIS engineer",
        "source": "Adzuna"
      }
    },
    {
      "type": "Feature",
      "geometry": {
        "type": "Point",
        "coordinates": [
          -123.11503,
          49.28723
        ]
      },
      "properties": {
        "title": "Sr. Software Engineer (ML Researcher)",
        "company": "EarthDaily Analytics",
        "location": "Canada Place, Vancouver",
        "country": "CA",
        "url": "https://www.adzuna.ca/details/5791306558?utm_medium=api&utm_source=600ef87e",
        "created": "2026-07-07T16:38:05Z",
        "salary_min": null,
        "salary_max": null,
        "matched_keyword": "GIS engineer",
        "source": "Adzuna"
      }
    },
    {
      "type": "Feature",
      "geometry": {
        "type": "Point",
        "coordinates": [
          -130.315828,
          54.312908
        ]
      },
      "properties": {
        "title": "General Manager - Engineering",
        "company": "Victoria Newitt Recruitment",
        "location": "Prince Rupert, Skeena-Queen Charlotte",
        "country": "CA",
        "url": "https://www.adzuna.ca/details/5888933854?utm_medium=api&utm_source=600ef87e",
        "created": "2026-09-18T04:26:28Z",
        "salary_min": 125000,
        "salary_max": 150000,
        "matched_keyword": "GIS engineer",
        "source": "Adzuna"
      }
    },
    {
      "type": "Feature",
      "geometry": {
        "type": "Point",
        "coordinates": [
          -122.898456,
          49.256582
        ]
      },
      "properties": {
        "title": "Sr. Software Engineer (ML Researcher)",
        "company": "EarthDaily Analytics",
        "location": "Greater Vancouver, British Columbia",
        "country": "CA",
        "url": "https://www.adzuna.ca/details/5641503362?utm_medium=api&utm_source=600ef87e",
        "created": "2026-02-22T15:11:00Z",
        "salary_min": 145000,
        "salary_max": 170000,
        "matched_keyword": "GIS engineer",
        "source": "Adzuna"
      }
    },
    {
      "type": "Feature",
      "geometry": {
        "type": "Point",
        "coordinates": [
          -123.108651,
          49.252255
        ]
      },
      "properties": {
        "title": "Sr. Software Engineer (ML Researcher)",
        "company": "EarthDaily Analytics",
        "location": "Vancouver, Greater Vancouver",
        "country": "CA",
        "url": "https://www.adzuna.ca/details/5913789872?utm_medium=api&utm_source=600ef87e",
        "created": "2026-10-06T08:19:43Z",
        "salary_min": null,
        "salary_max": null,
        "matched_keyword": "GIS engineer",
        "source": "Adzuna"
      }
    },
    {
      "type": "Feature",
      "geometry": {
        "type": "Point",
        "coordinates": [
          -114.078513,
          51.040175
        ]
      },
      "properties": {
        "title": "GIS Analyst",
        "company": "Associated Engineering",
        "location": "Calgary, Calgary region",
        "country": "CA",
        "url": "https://www.adzuna.ca/details/5879738482?utm_medium=api&utm_source=600ef87e",
        "created": "2026-09-11T08:32:54Z",
        "salary_min": null,
        "salary_max": null,
        "matched_keyword": "GIS engineer",
        "source": "Adzuna"
      }
    },
    {
      "type": "Feature",
      "geometry": {
        "type": "Point",
        "coordinates": [
          -113.49362,
          53.544
        ]
      },
      "properties": {
        "title": "Waste Management Engineering Graduate",
        "company": "GHD",
        "location": "Downtown, Edmonton",
        "country": "CA",
        "url": "https://www.adzuna.ca/details/5879438717?utm_medium=api&utm_source=600ef87e",
        "created": "2026-09-11T04:23:03Z",
        "salary_min": null,
        "salary_max": null,
        "matched_keyword": "GIS engineer",
        "source": "Adzuna"
      }
    },
    {
      "type": "Feature",
      "geometry": {
        "type": "Point",
        "coordinates": [
          -113.99982,
          51.04797
        ]
      },
      "properties": {
        "title": "Senior Geotechnical and Geohazards Engineer",
        "company": "Stantec",
        "location": "Zoo, Calgary",
        "country": "CA",
        "url": "https://www.adzuna.ca/details/5638609173?utm_medium=api&utm_source=600ef87e",
        "created": "2026-02-20T15:03:13Z",
        "salary_min": null,
        "salary_max": null,
        "matched_keyword": "GIS engineer",
        "source": "Adzuna"
      }
    },
    {
      "type": "Feature",
      "geometry": {
        "type": "Point",
        "coordinates": [
          -122.976173,
          49.246112
        ]
      },
      "properties": {
        "title": "Senior Geotechnical and Geohazards Engineer",
        "company": "Stantec",
        "location": "Burnaby, Greater Vancouver",
        "country": "CA",
        "url": "https://www.adzuna.ca/details/5664821885?utm_medium=api&utm_source=600ef87e",
        "created": "2026-03-14T00:48:49Z",
        "salary_min": null,
        "salary_max": null,
        "matched_keyword": "GIS engineer",
        "source": "Adzuna"
      }
    },
    {
      "type": "Feature",
      "geometry": {
        "type": "Point",
        "coordinates": [
          -78.841265,
          43.891634
        ]
      },
      "properties": {
        "title": "Oshawa Power | Manager, Engineering and System Planning",
        "company": "The MEARIE Group",
        "location": "Oshawa, Durham region",
        "country": "CA",
        "url": "https://www.adzuna.ca/details/5916643583?utm_medium=api&utm_source=600ef87e",
        "created": "2026-10-07T04:43:37Z",
        "salary_min": 118989,
        "salary_max": 148736,
        "matched_keyword": "GIS engineer",
        "source": "Adzuna"
      }
    },
    {
      "type": "Feature",
      "geometry": {
        "type": "Point",
        "coordinates": [
          -79.402726,
          43.706102
        ]
      },
      "properties": {
        "title": "GIS Developer",
        "company": "Bridgenext",
        "location": "Toronto, Ontario",
        "country": "CA",
        "url": "https://www.adzuna.ca/details/5861853119?utm_medium=api&utm_source=600ef87e",
        "created": "2026-08-29T23:27:45Z",
        "salary_min": null,
        "salary_max": null,
        "matched_keyword": "GIS engineer",
        "source": "Adzuna"
      }
    },
    {
      "type": "Feature",
      "geometry": {
        "type": "Point",
        "coordinates": [
          -122.29961,
          52.42606
        ]
      },
      "properties": {
        "title": "Engineer-in-Training, Tailings",
        "company": "Trekor Metals Limited",
        "location": "McLeese Lake, Cariboo",
        "country": "CA",
        "url": "https://www.adzuna.ca/details/5341582729?utm_medium=api&utm_source=600ef87e",
        "created": "2025-08-07T05:26:46Z",
        "salary_min": 94900,
        "salary_max": 118700,
        "matched_keyword": "photogrammetrie",
        "source": "Adzuna"
      }
    },
    {
      "type": "Feature",
      "geometry": {
        "type": "Point",
        "coordinates": [
          -122.976173,
          49.246112
        ]
      },
      "properties": {
        "title": "Geotechnical Engineer (Rock Engineering)",
        "company": "SSA Recruitment ",
        "location": "Burnaby, Greater Vancouver",
        "country": "CA",
        "url": "https://www.adzuna.ca/details/5878418303?utm_medium=api&utm_source=600ef87e",
        "created": "2026-09-10T07:58:01Z",
        "salary_min": 120000,
        "salary_max": 145000,
        "matched_keyword": "photogrammetrie",
        "source": "Adzuna"
      }
    },
    {
      "type": "Feature",
      "geometry": {
        "type": "Point",
        "coordinates": [
          -79.402726,
          43.706102
        ]
      },
      "properties": {
        "title": "Sr. Computer Vision Engineer",
        "company": "OpenSpace",
        "location": "Toronto, Ontario",
        "country": "CA",
        "url": "https://www.adzuna.ca/details/5898270243?utm_medium=api&utm_source=600ef87e",
        "created": "2026-09-25T07:08:10Z",
        "salary_min": null,
        "salary_max": null,
        "matched_keyword": "photogrammetrie",
        "source": "Adzuna"
      }
    },
    {
      "type": "Feature",
      "geometry": {
        "type": "Point",
        "coordinates": [
          -81.181765,
          42.775558
        ]
      },
      "properties": {
        "title": "Construction Surveyor Coordinator",
        "company": "North America Construction",
        "location": "St. Thomas, Elgin region",
        "country": "CA",
        "url": "https://www.adzuna.ca/details/5866740842?utm_medium=api&utm_source=600ef87e",
        "created": "2026-09-02T04:37:45Z",
        "salary_min": null,
        "salary_max": null,
        "matched_keyword": "photogrammetrie",
        "source": "Adzuna"
      }
    },
    {
      "type": "Feature",
      "geometry": {
        "type": "Point",
        "coordinates": [
          -135.05123,
          60.7198
        ]
      },
      "properties": {
        "title": "Intermediate / Senior Geotechnical Engineer",
        "company": "Stantec",
        "location": "Whitehorse, Yukon",
        "country": "CA",
        "url": "https://www.adzuna.ca/details/5701715172?utm_medium=api&utm_source=600ef87e",
        "created": "2026-04-16T16:27:00Z",
        "salary_min": null,
        "salary_max": null,
        "matched_keyword": "photogrammetrie",
        "source": "Adzuna"
      }
    },
    {
      "type": "Feature",
      "geometry": {
        "type": "Point",
        "coordinates": [
          -114.37103,
          62.45461
        ]
      },
      "properties": {
        "title": "Intermediate / Senior Geotechnical Engineer",
        "company": "Stantec",
        "location": "Yellowknife, Fort Smith",
        "country": "CA",
        "url": "https://www.adzuna.ca/details/5750947263?utm_medium=api&utm_source=600ef87e",
        "created": "2026-06-03T16:45:25Z",
        "salary_min": null,
        "salary_max": null,
        "matched_keyword": "photogrammetrie",
        "source": "Adzuna"
      }
    },
    {
      "type": "Feature",
      "geometry": {
        "type": "Point",
        "coordinates": [
          -79.431,
          43.64571
        ]
      },
      "properties": {
        "title": "Sr. Software Engineer, Embedded Vision Systems",
        "company": "Vivid Machines",
        "location": "Brockton, City of Toronto",
        "country": "CA",
        "url": "https://www.adzuna.ca/details/5878178317?utm_medium=api&utm_source=600ef87e",
        "created": "2026-09-10T04:39:01Z",
        "salary_min": 135000,
        "salary_max": 175000,
        "matched_keyword": "photogrammetrie",
        "source": "Adzuna"
      }
    },
    {
      "type": "Feature",
      "geometry": {
        "type": "Point",
        "coordinates": [
          -122.976173,
          49.246112
        ]
      },
      "properties": {
        "title": "Geotechnical Engineer (Rock Engineering) - Intermediate/Senior",
        "company": "Stantec",
        "location": "Burnaby, Greater Vancouver",
        "country": "CA",
        "url": "https://www.adzuna.ca/details/5805398386?utm_medium=api&utm_source=600ef87e",
        "created": "2026-07-17T17:58:42Z",
        "salary_min": null,
        "salary_max": null,
        "matched_keyword": "photogrammetrie",
        "source": "Adzuna"
      }
    },
    {
      "type": "Feature",
      "geometry": {
        "type": "Point",
        "coordinates": [
          -122.898456,
          49.256582
        ]
      },
      "properties": {
        "title": "Geotechnical Engineer (Rock Engineering) - Intermediate/Senior",
        "company": "Stantec",
        "location": "Greater Vancouver, British Columbia",
        "country": "CA",
        "url": "https://www.adzuna.ca/details/5804478862?utm_medium=api&utm_source=600ef87e",
        "created": "2026-07-17T02:38:42Z",
        "salary_min": null,
        "salary_max": null,
        "matched_keyword": "photogrammetrie",
        "source": "Adzuna"
      }
    },
    {
      "type": "Feature",
      "geometry": {
        "type": "Point",
        "coordinates": [
          -122.976173,
          49.246112
        ]
      },
      "properties": {
        "title": "Geotechnical Engineer (Rock Engineering) - Intermediate/Senior",
        "company": "Stantec",
        "location": "Burnaby, Greater Vancouver",
        "country": "CA",
        "url": "https://www.adzuna.ca/details/5804478863?utm_medium=api&utm_source=600ef87e",
        "created": "2026-07-17T02:38:42Z",
        "salary_min": null,
        "salary_max": null,
        "matched_keyword": "photogrammetrie",
        "source": "Adzuna"
      }
    },
    {
      "type": "Feature",
      "geometry": {
        "type": "Point",
        "coordinates": [
          77.59837,
          12.95703
        ]
      },
      "properties": {
        "title": "Electrical Engineer I",
        "company": "Nordson",
        "location": "Bangalore, Karnataka",
        "country": "IN",
        "url": "https://www.adzuna.in/details/5805401347?utm_medium=api&utm_source=600ef87e",
        "created": "2026-07-18T03:31:31Z",
        "salary_min": null,
        "salary_max": null,
        "matched_keyword": "topographe",
        "source": "Adzuna"
      }
    },
    {
      "type": "Feature",
      "geometry": {
        "type": "Point",
        "coordinates": [
          76.983738,
          28.323996
        ]
      },
      "properties": {
        "title": "Civil Engineer/Lead (Lv.4)(Lv.3)(Lv.2)",
        "company": "Right Advisors",
        "location": "Gurgaon, Haryana",
        "country": "IN",
        "url": "https://www.adzuna.in/details/5768542366?utm_medium=api&utm_source=600ef87e",
        "created": "2026-06-19T02:30:35Z",
        "salary_min": 600000,
        "salary_max": 600000,
        "matched_keyword": "topographe",
        "source": "Adzuna"
      }
    },
    {
      "type": "Feature",
      "geometry": {
        "type": "Point",
        "coordinates": [
          77.59837,
          12.95703
        ]
      },
      "properties": {
        "title": "Senior Civil 3D Designer",
        "company": "Hirestar job Bank",
        "location": "Bangalore, Karnataka",
        "country": "IN",
        "url": "https://www.adzuna.in/details/5770225299?utm_medium=api&utm_source=600ef87e",
        "created": "2026-06-20T10:39:55Z",
        "salary_min": 50000,
        "salary_max": 55000,
        "matched_keyword": "topographe",
        "source": "Adzuna"
      }
    },
    {
      "type": "Feature",
      "geometry": {
        "type": "Point",
        "coordinates": [
          73.84735,
          18.5062
        ]
      },
      "properties": {
        "title": "Urgent Job Opening For Electrical Engineer ( HT)",
        "company": "Prajakta Jobs",
        "location": "Pune, Maharashtra",
        "country": "IN",
        "url": "https://www.adzuna.in/details/5856954236?utm_medium=api&utm_source=600ef87e",
        "created": "2026-08-26T20:49:33Z",
        "salary_min": 1200000,
        "salary_max": 4800000,
        "matched_keyword": "topographe",
        "source": "Adzuna"
      }
    },
    {
      "type": "Feature",
      "geometry": {
        "type": "Point",
        "coordinates": [
          72.06095,
          21.73335
        ]
      },
      "properties": {
        "title": "Urgent Opening For Solar Civil Engineer - Bhavnagar",
        "company": "Kaapro Management Solutions",
        "location": "Bhavnagar, Gujarat",
        "country": "IN",
        "url": "https://www.adzuna.in/details/5727262081?utm_medium=api&utm_source=600ef87e",
        "created": "2026-05-13T02:15:31Z",
        "salary_min": 3600000,
        "salary_max": 4608000,
        "matched_keyword": "topographe",
        "source": "Adzuna"
      }
    },
    {
      "type": "Feature",
      "geometry": {
        "type": "Point",
        "coordinates": [
          73.87405,
          18.43375
        ]
      },
      "properties": {
        "title": "Design Engineer - Survey",
        "company": "Indovance Private Limited",
        "location": "Katraj, Pune",
        "country": "IN",
        "url": "https://www.adzuna.in/details/5893571832?utm_medium=api&utm_source=600ef87e",
        "created": "2026-09-22T09:44:58Z",
        "salary_min": null,
        "salary_max": null,
        "matched_keyword": "topographe",
        "source": "Adzuna"
      }
    },
    {
      "type": "Feature",
      "geometry": {
        "type": "Point",
        "coordinates": [
          82.2359,
          21.03681
        ]
      },
      "properties": {
        "title": "Electrical Engineer (Sid) - Raipur",
        "company": "Vinayak Outsourcing Works",
        "location": "Raipur, Chhattisgarh",
        "country": "IN",
        "url": "https://www.adzuna.in/details/5727284148?utm_medium=api&utm_source=600ef87e",
        "created": "2026-05-13T02:19:43Z",
        "salary_min": 2160000,
        "salary_max": 2880000,
        "matched_keyword": "topographe",
        "source": "Adzuna"
      }
    },
    {
      "type": "Feature",
      "geometry": {
        "type": "Point",
        "coordinates": [
          77.59837,
          12.95703
        ]
      },
      "properties": {
        "title": "Senior Electrical Engineer",
        "company": "Nordson",
        "location": "Bangalore, Karnataka",
        "country": "IN",
        "url": "https://www.adzuna.in/details/5887897341?utm_medium=api&utm_source=600ef87e",
        "created": "2026-09-17T21:28:36Z",
        "salary_min": null,
        "salary_max": null,
        "matched_keyword": "topographe",
        "source": "Adzuna"
      }
    },
    {
      "type": "Feature",
      "geometry": {
        "type": "Point",
        "coordinates": [
          82.2359,
          21.03681
        ]
      },
      "properties": {
        "title": "Sr. Engineer - E&I (Sms &Power) - Raipur",
        "company": "Vinayak Outsourcing Works",
        "location": "Raipur, Chhattisgarh",
        "country": "IN",
        "url": "https://www.adzuna.in/details/5727146887?utm_medium=api&utm_source=600ef87e",
        "created": "2026-05-13T02:05:02Z",
        "salary_min": 240000,
        "salary_max": 480000,
        "matched_keyword": "topographe",
        "source": "Adzuna"
      }
    },
    {
      "type": "Feature",
      "geometry": {
        "type": "Point",
        "coordinates": [
          77.3225,
          28.56579
        ]
      },
      "properties": {
        "title": "Senior Engineer - Piping",
        "company": "WSP",
        "location": "Noida, Ghaziabad",
        "country": "IN",
        "url": "https://www.adzuna.in/details/5841931363?utm_medium=api&utm_source=600ef87e",
        "created": "2026-08-14T20:50:48Z",
        "salary_min": null,
        "salary_max": null,
        "matched_keyword": "topographe",
        "source": "Adzuna"
      }
    },
    {
      "type": "Feature",
      "geometry": {
        "type": "Point",
        "coordinates": [
          71.87953,
          26.86335
        ]
      },
      "properties": {
        "title": "Engineer Civil For Solar Energy Company - Jaisalmer , Rajasthan",
        "company": "Vinayak Outsourcing Works",
        "location": "Jaisalmer, Rajasthan",
        "country": "IN",
        "url": "https://www.adzuna.in/details/5728412117?utm_medium=api&utm_source=600ef87e",
        "created": "2026-05-14T02:25:09Z",
        "salary_min": 300000,
        "salary_max": 420000,
        "matched_keyword": "topographe",
        "source": "Adzuna"
      }
    },
    {
      "type": "Feature",
      "geometry": {
        "type": "Point",
        "coordinates": [
          70.11485,
          22.50935
        ]
      },
      "properties": {
        "title": "Civil Engineer Assistant",
        "company": "GoalConsultancy",
        "location": "Jamnagar, Gujarat",
        "country": "IN",
        "url": "https://www.adzuna.in/details/5822020467?utm_medium=api&utm_source=600ef87e",
        "created": "2026-07-31T10:42:39Z",
        "salary_min": 20000,
        "salary_max": 25000,
        "matched_keyword": "topographe",
        "source": "Adzuna"
      }
    },
    {
      "type": "Feature",
      "geometry": {
        "type": "Point",
        "coordinates": [
          77.224601,
          28.62523
        ]
      },
      "properties": {
        "title": "Senior Manager - Structural Design - Civil Substation",
        "company": "Mastermind Network",
        "location": "Delhi, India",
        "country": "IN",
        "url": "https://www.adzuna.in/details/5859121430?utm_medium=api&utm_source=600ef87e",
        "created": "2026-08-28T07:37:19Z",
        "salary_min": null,
        "salary_max": null,
        "matched_keyword": "topographe",
        "source": "Adzuna"
      }
    },
    {
      "type": "Feature",
      "geometry": {
        "type": "Point",
        "coordinates": [
          82.2359,
          21.03681
        ]
      },
      "properties": {
        "title": "Civil Engineer - Raipur",
        "company": "Vinayak Outsourcing Works",
        "location": "Raipur, Chhattisgarh",
        "country": "IN",
        "url": "https://www.adzuna.in/details/5727080487?utm_medium=api&utm_source=600ef87e",
        "created": "2026-05-13T01:56:13Z",
        "salary_min": 360000,
        "salary_max": 420000,
        "matched_keyword": "topographe",
        "source": "Adzuna"
      }
    },
    {
      "type": "Feature",
      "geometry": {
        "type": "Point",
        "coordinates": [
          80.24963,
          13.06041
        ]
      },
      "properties": {
        "title": "Civil Design Engineer - Ss",
        "company": "LT-Larsen & Toubro",
        "location": "Chennai, Tamil Nadu",
        "country": "IN",
        "url": "https://www.adzuna.in/details/5745945849?utm_medium=api&utm_source=600ef87e",
        "created": "2026-05-31T02:37:36Z",
        "salary_min": null,
        "salary_max": null,
        "matched_keyword": "topographe",
        "source": "Adzuna"
      }
    },
    {
      "type": "Feature",
      "geometry": {
        "type": "Point",
        "coordinates": [
          78.50806,
          17.40275
        ]
      },
      "properties": {
        "title": "Analyst or Senior Analyst – Detailed Design (Civil) Engineering",
        "company": "DESRI",
        "location": "Hyderabad, Telangana",
        "country": "IN",
        "url": "https://www.adzuna.in/details/5784280037?utm_medium=api&utm_source=600ef87e",
        "created": "2026-07-02T02:36:12Z",
        "salary_min": null,
        "salary_max": null,
        "matched_keyword": "topographe",
        "source": "Adzuna"
      }
    },
    {
      "type": "Feature",
      "geometry": {
        "type": "Point",
        "coordinates": [
          77.3225,
          28.56579
        ]
      },
      "properties": {
        "title": "Renewable Energy Systems Engineer",
        "company": "WSP",
        "location": "Noida, Ghaziabad",
        "country": "IN",
        "url": "https://www.adzuna.in/details/5889522402?utm_medium=api&utm_source=600ef87e",
        "created": "2026-09-18T21:38:12Z",
        "salary_min": null,
        "salary_max": null,
        "matched_keyword": "topographe",
        "source": "Adzuna"
      }
    },
    {
      "type": "Feature",
      "geometry": {
        "type": "Point",
        "coordinates": [
          88.34373,
          22.57285
        ]
      },
      "properties": {
        "title": "Principal Engineer - Civil & Structural",
        "company": "Wood Group",
        "location": "Kolkata, West Bengal",
        "country": "IN",
        "url": "https://www.adzuna.in/details/5897025847?utm_medium=api&utm_source=600ef87e",
        "created": "2026-09-24T21:04:30Z",
        "salary_min": null,
        "salary_max": null,
        "matched_keyword": "topographe",
        "source": "Adzuna"
      }
    },
    {
      "type": "Feature",
      "geometry": {
        "type": "Point",
        "coordinates": [
          88.34373,
          22.57285
        ]
      },
      "properties": {
        "title": "Principal Engineer - Civil & Structural",
        "company": "Wood",
        "location": "Kolkata, West Bengal",
        "country": "IN",
        "url": "https://www.adzuna.in/details/5898178846?utm_medium=api&utm_source=600ef87e",
        "created": "2026-09-25T16:16:21Z",
        "salary_min": null,
        "salary_max": null,
        "matched_keyword": "topographe",
        "source": "Adzuna"
      }
    },
    {
      "type": "Feature",
      "geometry": {
        "type": "Point",
        "coordinates": [
          77.59837,
          12.95703
        ]
      },
      "properties": {
        "title": "Senior Electrical Engineer",
        "company": "Nordson",
        "location": "Bangalore, Karnataka",
        "country": "IN",
        "url": "https://www.adzuna.in/details/5536368612?utm_medium=api&utm_source=600ef87e",
        "created": "2025-12-10T23:57:33Z",
        "salary_min": null,
        "salary_max": null,
        "matched_keyword": "topographe",
        "source": "Adzuna"
      }
    },
    {
      "type": "Feature",
      "geometry": {
        "type": "Point",
        "coordinates": [
          77.3225,
          28.56579
        ]
      },
      "properties": {
        "title": "BIM Engineer",
        "company": "WSP",
        "location": "Noida, Ghaziabad",
        "country": "IN",
        "url": "https://www.adzuna.in/details/5877282461?utm_medium=api&utm_source=600ef87e",
        "created": "2026-09-09T21:29:24Z",
        "salary_min": null,
        "salary_max": null,
        "matched_keyword": "topographe",
        "source": "Adzuna"
      }
    },
    {
      "type": "Feature",
      "geometry": {
        "type": "Point",
        "coordinates": [
          77.3225,
          28.56579
        ]
      },
      "properties": {
        "title": "Senior Engineer - Piping",
        "company": "WSP USA",
        "location": "Noida, Ghaziabad",
        "country": "IN",
        "url": "https://www.adzuna.in/details/5842782924?utm_medium=api&utm_source=600ef87e",
        "created": "2026-08-15T11:40:00Z",
        "salary_min": null,
        "salary_max": null,
        "matched_keyword": "topographe",
        "source": "Adzuna"
      }
    },
    {
      "type": "Feature",
      "geometry": {
        "type": "Point",
        "coordinates": [
          77.3225,
          28.56579
        ]
      },
      "properties": {
        "title": "Senior BIM Engineer - Geo Environmental Engineering",
        "company": "WSP",
        "location": "Noida, Ghaziabad",
        "country": "IN",
        "url": "https://www.adzuna.in/details/5914008928?utm_medium=api&utm_source=600ef87e",
        "created": "2026-10-06T21:46:39Z",
        "salary_min": null,
        "salary_max": null,
        "matched_keyword": "topographe",
        "source": "Adzuna"
      }
    },
    {
      "type": "Feature",
      "geometry": {
        "type": "Point",
        "coordinates": [
          72.84415,
          19.00821
        ]
      },
      "properties": {
        "title": "Renewable Energy Systems Engineer",
        "company": "WSP USA",
        "location": "Mumbai, Maharashtra",
        "country": "IN",
        "url": "https://www.adzuna.in/details/5891406542?utm_medium=api&utm_source=600ef87e",
        "created": "2026-09-20T11:14:20Z",
        "salary_min": null,
        "salary_max": null,
        "matched_keyword": "topographe",
        "source": "Adzuna"
      }
    },
    {
      "type": "Feature",
      "geometry": {
        "type": "Point",
        "coordinates": [
          77.3225,
          28.56579
        ]
      },
      "properties": {
        "title": "Renewable Energy Systems Engineer",
        "company": "WSP USA",
        "location": "Noida, Ghaziabad",
        "country": "IN",
        "url": "https://www.adzuna.in/details/5891406529?utm_medium=api&utm_source=600ef87e",
        "created": "2026-09-20T11:14:20Z",
        "salary_min": null,
        "salary_max": null,
        "matched_keyword": "topographe",
        "source": "Adzuna"
      }
    },
    {
      "type": "Feature",
      "geometry": {
        "type": "Point",
        "coordinates": [
          77.3225,
          28.56579
        ]
      },
      "properties": {
        "title": "BIM Engineer",
        "company": "WSP USA",
        "location": "Noida, Ghaziabad",
        "country": "IN",
        "url": "https://www.adzuna.in/details/5878060874?utm_medium=api&utm_source=600ef87e",
        "created": "2026-09-10T11:11:05Z",
        "salary_min": null,
        "salary_max": null,
        "matched_keyword": "topographe",
        "source": "Adzuna"
      }
    },
    {
      "type": "Feature",
      "geometry": {
        "type": "Point",
        "coordinates": [
          77.3225,
          28.56579
        ]
      },
      "properties": {
        "title": "Senior BIM Engineer - Geo Environmental Engineering",
        "company": "WSP USA",
        "location": "Noida, Ghaziabad",
        "country": "IN",
        "url": "https://www.adzuna.in/details/5915707873?utm_medium=api&utm_source=600ef87e",
        "created": "2026-10-07T11:20:26Z",
        "salary_min": null,
        "salary_max": null,
        "matched_keyword": "topographe",
        "source": "Adzuna"
      }
    },
    {
      "type": "Feature",
      "geometry": {
        "type": "Point",
        "coordinates": [
          72.84415,
          19.00821
        ]
      },
      "properties": {
        "title": "Senior Engineer - Water Resources",
        "company": "WSP USA",
        "location": "Mumbai, Maharashtra",
        "country": "IN",
        "url": "https://www.adzuna.in/details/5909550504?utm_medium=api&utm_source=600ef87e",
        "created": "2026-10-03T11:18:58Z",
        "salary_min": null,
        "salary_max": null,
        "matched_keyword": "hydrographe",
        "source": "Adzuna"
      }
    },
    {
      "type": "Feature",
      "geometry": {
        "type": "Point",
        "coordinates": [
          77.59837,
          12.95703
        ]
      },
      "properties": {
        "title": "Staff LiDAR Algorithms Engineer",
        "company": "Aeva",
        "location": "Bangalore, Karnataka",
        "country": "IN",
        "url": "https://www.adzuna.in/details/5760311848?utm_medium=api&utm_source=600ef87e",
        "created": "2026-06-12T02:18:48Z",
        "salary_min": null,
        "salary_max": null,
        "matched_keyword": "lidar engineer",
        "source": "Adzuna"
      }
    },
    {
      "type": "Feature",
      "geometry": {
        "type": "Point",
        "coordinates": [
          77.3225,
          28.56579
        ]
      },
      "properties": {
        "title": "Principal Engineer - Overhead Transmission",
        "company": "WSP",
        "location": "Noida, Ghaziabad",
        "country": "IN",
        "url": "https://www.adzuna.in/details/5825764634?utm_medium=api&utm_source=600ef87e",
        "created": "2026-08-02T20:49:52Z",
        "salary_min": null,
        "salary_max": null,
        "matched_keyword": "lidar engineer",
        "source": "Adzuna"
      }
    },
    {
      "type": "Feature",
      "geometry": {
        "type": "Point",
        "coordinates": [
          72.84415,
          19.00821
        ]
      },
      "properties": {
        "title": "Principal Engineer - Overhead Transmission",
        "company": "WSP USA",
        "location": "Mumbai, Maharashtra",
        "country": "IN",
        "url": "https://www.adzuna.in/details/5866612501?utm_medium=api&utm_source=600ef87e",
        "created": "2026-09-02T11:32:21Z",
        "salary_min": null,
        "salary_max": null,
        "matched_keyword": "lidar engineer",
        "source": "Adzuna"
      }
    },
    {
      "type": "Feature",
      "geometry": {
        "type": "Point",
        "coordinates": [
          77.3225,
          28.56579
        ]
      },
      "properties": {
        "title": "Principal Engineer - Overhead Transmission",
        "company": "WSP USA",
        "location": "Noida, Ghaziabad",
        "country": "IN",
        "url": "https://www.adzuna.in/details/5826344629?utm_medium=api&utm_source=600ef87e",
        "created": "2026-08-03T11:03:47Z",
        "salary_min": null,
        "salary_max": null,
        "matched_keyword": "lidar engineer",
        "source": "Adzuna"
      }
    },
    {
      "type": "Feature",
      "geometry": {
        "type": "Point",
        "coordinates": [
          76.26268,
          9.88186
        ]
      },
      "properties": {
        "title": "Land Surveyor",
        "company": "Gamma Holdings.",
        "location": "Kochi, Ernakulam",
        "country": "IN",
        "url": "https://www.adzuna.in/details/5899841190?utm_medium=api&utm_source=600ef87e",
        "created": "2026-09-26T21:10:39Z",
        "salary_min": null,
        "salary_max": null,
        "matched_keyword": "geomatics engineer",
        "source": "Adzuna"
      }
    },
    {
      "type": "Feature",
      "geometry": {
        "type": "Point",
        "coordinates": [
          72.59465,
          23.042
        ]
      },
      "properties": {
        "title": "Construction Site Engineer (0-1 Year of Experience)",
        "company": "Inkers Technology",
        "location": "Ahmedabad, Gujarat",
        "country": "IN",
        "url": "https://www.adzuna.in/details/5900808771?utm_medium=api&utm_source=600ef87e",
        "created": "2026-09-27T22:43:42Z",
        "salary_min": null,
        "salary_max": null,
        "matched_keyword": "geomatics engineer",
        "source": "Adzuna"
      }
    },
    {
      "type": "Feature",
      "geometry": {
        "type": "Point",
        "coordinates": [
          78.50806,
          17.40275
        ]
      },
      "properties": {
        "title": "GeoSpatial Engineer MAP",
        "company": "Cognizant",
        "location": "Hyderabad, Telangana",
        "country": "IN",
        "url": "https://www.adzuna.in/details/5878284742?utm_medium=api&utm_source=600ef87e",
        "created": "2026-09-10T16:12:48Z",
        "salary_min": null,
        "salary_max": null,
        "matched_keyword": "geospatial engineer",
        "source": "Adzuna"
      }
    },
    {
      "type": "Feature",
      "geometry": {
        "type": "Point",
        "coordinates": [
          78.50806,
          17.40275
        ]
      },
      "properties": {
        "title": "GeoSpatial Engineer MAP",
        "company": "Cognizant",
        "location": "Hyderabad, Telangana",
        "country": "IN",
        "url": "https://www.adzuna.in/details/5878058517?utm_medium=api&utm_source=600ef87e",
        "created": "2026-09-10T11:08:43Z",
        "salary_min": null,
        "salary_max": null,
        "matched_keyword": "geospatial engineer",
        "source": "Adzuna"
      }
    },
    {
      "type": "Feature",
      "geometry": {
        "type": "Point",
        "coordinates": [
          77.21808,
          28.62623
        ]
      },
      "properties": {
        "title": "Product Engineer II - Geospatial Data Science",
        "company": "Esri",
        "location": "New Delhi, Delhi",
        "country": "IN",
        "url": "https://www.adzuna.in/details/5829191783?utm_medium=api&utm_source=600ef87e",
        "created": "2026-08-05T20:51:10Z",
        "salary_min": null,
        "salary_max": null,
        "matched_keyword": "geospatial engineer",
        "source": "Adzuna"
      }
    },
    {
      "type": "Feature",
      "geometry": {
        "type": "Point",
        "coordinates": [
          80.24963,
          13.06041
        ]
      },
      "properties": {
        "title": "Flexcube Developer with Retail Banking (ISG)",
        "company": "Cognizant",
        "location": "Chennai, Tamil Nadu",
        "country": "IN",
        "url": "https://www.adzuna.in/details/5905433849?utm_medium=api&utm_source=600ef87e",
        "created": "2026-10-01T16:27:17Z",
        "salary_min": null,
        "salary_max": null,
        "matched_keyword": "geospatial engineer",
        "source": "Adzuna"
      }
    },
    {
      "type": "Feature",
      "geometry": {
        "type": "Point",
        "coordinates": [
          80.24963,
          13.06041
        ]
      },
      "properties": {
        "title": "Flexcube Developer with Retail Banking (ISG)",
        "company": "Cognizant",
        "location": "Chennai, Tamil Nadu",
        "country": "IN",
        "url": "https://www.adzuna.in/details/5907462142?utm_medium=api&utm_source=600ef87e",
        "created": "2026-10-02T11:15:50Z",
        "salary_min": null,
        "salary_max": null,
        "matched_keyword": "geospatial engineer",
        "source": "Adzuna"
      }
    },
    {
      "type": "Feature",
      "geometry": {
        "type": "Point",
        "coordinates": [
          77.59837,
          12.95703
        ]
      },
      "properties": {
        "title": "Software Development Engineer - 2",
        "company": "SatSure",
        "location": "Bangalore, Karnataka",
        "country": "IN",
        "url": "https://www.adzuna.in/details/5819873519?utm_medium=api&utm_source=600ef87e",
        "created": "2026-07-29T20:47:37Z",
        "salary_min": null,
        "salary_max": null,
        "matched_keyword": "geospatial engineer",
        "source": "Adzuna"
      }
    },
    {
      "type": "Feature",
      "geometry": {
        "type": "Point",
        "coordinates": [
          73.84735,
          18.5062
        ]
      },
      "properties": {
        "title": "Artificial Intelligence AI Scientist",
        "company": "SCYTECHIN INFORMATION TECHNOLOGIES LLP",
        "location": "Pune, Maharashtra",
        "country": "IN",
        "url": "https://www.adzuna.in/details/5503836872?utm_medium=api&utm_source=600ef87e",
        "created": "2025-11-20T00:58:11Z",
        "salary_min": null,
        "salary_max": null,
        "matched_keyword": "geospatial engineer",
        "source": "Adzuna"
      }
    },
    {
      "type": "Feature",
      "geometry": {
        "type": "Point",
        "coordinates": [
          77.59837,
          12.95703
        ]
      },
      "properties": {
        "title": "Sr Engineer - Target India",
        "company": "Target",
        "location": "Bangalore, Karnataka",
        "country": "IN",
        "url": "https://www.adzuna.in/details/5907470003?utm_medium=api&utm_source=600ef87e",
        "created": "2026-10-02T11:18:11Z",
        "salary_min": null,
        "salary_max": null,
        "matched_keyword": "geospatial engineer",
        "source": "Adzuna"
      }
    },
    {
      "type": "Feature",
      "geometry": {
        "type": "Point",
        "coordinates": [
          77.3225,
          28.56579
        ]
      },
      "properties": {
        "title": "Principal GIS Consultant - GeoAI & Spatial Intelligence",
        "company": "WSP",
        "location": "Noida, Ghaziabad",
        "country": "IN",
        "url": "https://www.adzuna.in/details/5827925818?utm_medium=api&utm_source=600ef87e",
        "created": "2026-08-04T20:43:00Z",
        "salary_min": null,
        "salary_max": null,
        "matched_keyword": "geospatial engineer",
        "source": "Adzuna"
      }
    },
    {
      "type": "Feature",
      "geometry": {
        "type": "Point",
        "coordinates": [
          77.3225,
          28.56579
        ]
      },
      "properties": {
        "title": "Data Engineer",
        "company": "WSP",
        "location": "Noida, Ghaziabad",
        "country": "IN",
        "url": "https://www.adzuna.in/details/5913974341?utm_medium=api&utm_source=600ef87e",
        "created": "2026-10-06T21:37:11Z",
        "salary_min": null,
        "salary_max": null,
        "matched_keyword": "geospatial engineer",
        "source": "Adzuna"
      }
    },
    {
      "type": "Feature",
      "geometry": {
        "type": "Point",
        "coordinates": [
          77.3225,
          28.56579
        ]
      },
      "properties": {
        "title": "Principal GIS Consultant - GeoAI & Spatial Intelligence",
        "company": "WSP USA",
        "location": "Noida, Ghaziabad",
        "country": "IN",
        "url": "https://www.adzuna.in/details/5828768195?utm_medium=api&utm_source=600ef87e",
        "created": "2026-08-05T10:58:15Z",
        "salary_min": null,
        "salary_max": null,
        "matched_keyword": "geospatial engineer",
        "source": "Adzuna"
      }
    },
    {
      "type": "Feature",
      "geometry": {
        "type": "Point",
        "coordinates": [
          72.84415,
          19.00821
        ]
      },
      "properties": {
        "title": "Junior Software Developer - Python",
        "company": "WSP USA",
        "location": "Mumbai, Maharashtra",
        "country": "IN",
        "url": "https://www.adzuna.in/details/5896369519?utm_medium=api&utm_source=600ef87e",
        "created": "2026-09-24T11:15:33Z",
        "salary_min": null,
        "salary_max": null,
        "matched_keyword": "geospatial engineer",
        "source": "Adzuna"
      }
    },
    {
      "type": "Feature",
      "geometry": {
        "type": "Point",
        "coordinates": [
          77.3225,
          28.56579
        ]
      },
      "properties": {
        "title": "Junior Software Developer - Python",
        "company": "WSP USA",
        "location": "Noida, Ghaziabad",
        "country": "IN",
        "url": "https://www.adzuna.in/details/5878060873?utm_medium=api&utm_source=600ef87e",
        "created": "2026-09-10T11:11:05Z",
        "salary_min": null,
        "salary_max": null,
        "matched_keyword": "geospatial engineer",
        "source": "Adzuna"
      }
    },
    {
      "type": "Feature",
      "geometry": {
        "type": "Point",
        "coordinates": [
          78.50806,
          17.40275
        ]
      },
      "properties": {
        "title": "GIS Engineer",
        "company": "Kumaran Systems",
        "location": "Hyderabad, Telangana",
        "country": "IN",
        "url": "https://www.adzuna.in/details/5880853870?utm_medium=api&utm_source=600ef87e",
        "created": "2026-09-12T16:13:33Z",
        "salary_min": null,
        "salary_max": null,
        "matched_keyword": "GIS engineer",
        "source": "Adzuna"
      }
    },
    {
      "type": "Feature",
      "geometry": {
        "type": "Point",
        "coordinates": [
          78.50806,
          17.40275
        ]
      },
      "properties": {
        "title": "GIS Platform Engineer",
        "company": "TRC Companies, Inc.",
        "location": "Hyderabad, Telangana",
        "country": "IN",
        "url": "https://www.adzuna.in/details/5912386602?utm_medium=api&utm_source=600ef87e",
        "created": "2026-10-05T16:35:03Z",
        "salary_min": null,
        "salary_max": null,
        "matched_keyword": "GIS engineer",
        "source": "Adzuna"
      }
    },
    {
      "type": "Feature",
      "geometry": {
        "type": "Point",
        "coordinates": [
          80.24963,
          13.06041
        ]
      },
      "properties": {
        "title": "GIS Primary Engineering Team Leader",
        "company": "Hitachi",
        "location": "Chennai, Tamil Nadu",
        "country": "IN",
        "url": "https://www.adzuna.in/details/5824115385?utm_medium=api&utm_source=600ef87e",
        "created": "2026-08-01T20:38:20Z",
        "salary_min": null,
        "salary_max": null,
        "matched_keyword": "GIS engineer",
        "source": "Adzuna"
      }
    },
    {
      "type": "Feature",
      "geometry": {
        "type": "Point",
        "coordinates": [
          80.24963,
          13.06041
        ]
      },
      "properties": {
        "title": "Pre-Sales Engineer",
        "company": "GeoConcept India",
        "location": "Chennai, Tamil Nadu",
        "country": "IN",
        "url": "https://www.adzuna.in/details/4801538286?utm_medium=api&utm_source=600ef87e",
        "created": "2024-07-31T03:14:12Z",
        "salary_min": null,
        "salary_max": null,
        "matched_keyword": "GIS engineer",
        "source": "Adzuna"
      }
    },
    {
      "type": "Feature",
      "geometry": {
        "type": "Point",
        "coordinates": [
          78.50806,
          17.40275
        ]
      },
      "properties": {
        "title": "Design Engineer (Smallworld-Utilities)-ESA002",
        "company": "Techwave",
        "location": "Hyderabad, Telangana",
        "country": "IN",
        "url": "https://www.adzuna.in/details/5892690075?utm_medium=api&utm_source=600ef87e",
        "created": "2026-09-21T16:14:55Z",
        "salary_min": null,
        "salary_max": null,
        "matched_keyword": "GIS engineer",
        "source": "Adzuna"
      }
    },
    {
      "type": "Feature",
      "geometry": {
        "type": "Point",
        "coordinates": [
          80.24963,
          13.06041
        ]
      },
      "properties": {
        "title": "Team Lead - GIS Structural Steel",
        "company": "Hitachi",
        "location": "Chennai, Tamil Nadu",
        "country": "IN",
        "url": "https://www.adzuna.in/details/5832080848?utm_medium=api&utm_source=600ef87e",
        "created": "2026-08-07T20:44:02Z",
        "salary_min": null,
        "salary_max": null,
        "matched_keyword": "GIS engineer",
        "source": "Adzuna"
      }
    },
    {
      "type": "Feature",
      "geometry": {
        "type": "Point",
        "coordinates": [
          73.04845,
          19.17335
        ]
      },
      "properties": {
        "title": "System Engineer - SwitchGear (AIS/GIS)",
        "company": "Siemens",
        "location": "Thane, Maharashtra",
        "country": "IN",
        "url": "https://www.adzuna.in/details/5915041944?utm_medium=api&utm_source=600ef87e",
        "created": "2026-10-07T08:06:06Z",
        "salary_min": null,
        "salary_max": null,
        "matched_keyword": "GIS engineer",
        "source": "Adzuna"
      }
    },
    {
      "type": "Feature",
      "geometry": {
        "type": "Point",
        "coordinates": [
          77.224601,
          28.62523
        ]
      },
      "properties": {
        "title": "Talent Acquistion ( IT / Engineering)",
        "company": "Hunarstreet Technologies Pvt Ltd",
        "location": "Delhi, India",
        "country": "IN",
        "url": "https://www.adzuna.in/details/5518596977?utm_medium=api&utm_source=600ef87e",
        "created": "2025-11-29T04:52:41Z",
        "salary_min": 300000,
        "salary_max": 480000,
        "matched_keyword": "GIS engineer",
        "source": "Adzuna"
      }
    },
    {
      "type": "Feature",
      "geometry": {
        "type": "Point",
        "coordinates": [
          72.87335,
          19.08185
        ]
      },
      "properties": {
        "title": "Tendering Engineer - Substation | Mumbai",
        "company": "Hudson Manpower",
        "location": "Worli, Mumbai",
        "country": "IN",
        "url": "https://www.adzuna.in/details/5899137521?utm_medium=api&utm_source=600ef87e",
        "created": "2026-09-26T08:03:42Z",
        "salary_min": null,
        "salary_max": null,
        "matched_keyword": "GIS engineer",
        "source": "Adzuna"
      }
    },
    {
      "type": "Feature",
      "geometry": {
        "type": "Point",
        "coordinates": [
          72.59465,
          23.042
        ]
      },
      "properties": {
        "title": "Unity Developer",
        "company": "Mantras2Success",
        "location": "Ahmedabad, Gujarat",
        "country": "IN",
        "url": "https://www.adzuna.in/details/5727277321?utm_medium=api&utm_source=600ef87e",
        "created": "2026-05-13T02:18:10Z",
        "salary_min": 100000,
        "salary_max": 800000,
        "matched_keyword": "GIS engineer",
        "source": "Adzuna"
      }
    },
    {
      "type": "Feature",
      "geometry": {
        "type": "Point",
        "coordinates": [
          88.34373,
          22.57285
        ]
      },
      "properties": {
        "title": "Lead Engineer - Electrical Component",
        "company": "GE Vernova",
        "location": "Kolkata, West Bengal",
        "country": "IN",
        "url": "https://www.adzuna.in/details/5861959753?utm_medium=api&utm_source=600ef87e",
        "created": "2026-08-30T11:24:30Z",
        "salary_min": null,
        "salary_max": null,
        "matched_keyword": "GIS engineer",
        "source": "Adzuna"
      }
    },
    {
      "type": "Feature",
      "geometry": {
        "type": "Point",
        "coordinates": [
          77.3225,
          28.56579
        ]
      },
      "properties": {
        "title": "Lead Engineer - Electrical Component",
        "company": "GE Vernova",
        "location": "Noida, Ghaziabad",
        "country": "IN",
        "url": "https://www.adzuna.in/details/5861959679?utm_medium=api&utm_source=600ef87e",
        "created": "2026-08-30T11:24:29Z",
        "salary_min": null,
        "salary_max": null,
        "matched_keyword": "GIS engineer",
        "source": "Adzuna"
      }
    },
    {
      "type": "Feature",
      "geometry": {
        "type": "Point",
        "coordinates": [
          72.84415,
          19.00821
        ]
      },
      "properties": {
        "title": "Civil Design Engineer",
        "company": "Accord Synergy",
        "location": "Mumbai, Maharashtra",
        "country": "IN",
        "url": "https://www.adzuna.in/details/5857745407?utm_medium=api&utm_source=600ef87e",
        "created": "2026-08-27T07:40:26Z",
        "salary_min": null,
        "salary_max": null,
        "matched_keyword": "GIS engineer",
        "source": "Adzuna"
      }
    },
    {
      "type": "Feature",
      "geometry": {
        "type": "Point",
        "coordinates": [
          77.224601,
          28.62523
        ]
      },
      "properties": {
        "title": "Talent Acquisition Specialist",
        "company": "Hunarstreet Technologies Pvt Ltd",
        "location": "Delhi, India",
        "country": "IN",
        "url": "https://www.adzuna.in/details/5513865442?utm_medium=api&utm_source=600ef87e",
        "created": "2025-11-26T04:50:09Z",
        "salary_min": 200000,
        "salary_max": 500000,
        "matched_keyword": "GIS engineer",
        "source": "Adzuna"
      }
    },
    {
      "type": "Feature",
      "geometry": {
        "type": "Point",
        "coordinates": [
          73.04845,
          19.17335
        ]
      },
      "properties": {
        "title": "Proposal Engineer for Gas Insulated Switchgears (GIS)",
        "company": "Siemens",
        "location": "Thane, Maharashtra",
        "country": "IN",
        "url": "https://www.adzuna.in/details/5893831945?utm_medium=api&utm_source=600ef87e",
        "created": "2026-09-22T16:14:54Z",
        "salary_min": null,
        "salary_max": null,
        "matched_keyword": "GIS engineer",
        "source": "Adzuna"
      }
    },
    {
      "type": "Feature",
      "geometry": {
        "type": "Point",
        "coordinates": [
          80.24963,
          13.06041
        ]
      },
      "properties": {
        "title": "Offer Engineer - Gas Insulated Switchgear",
        "company": "Hitachi",
        "location": "Chennai, Tamil Nadu",
        "country": "IN",
        "url": "https://www.adzuna.in/details/5826671990?utm_medium=api&utm_source=600ef87e",
        "created": "2026-08-03T20:47:53Z",
        "salary_min": null,
        "salary_max": null,
        "matched_keyword": "GIS engineer",
        "source": "Adzuna"
      }
    },
    {
      "type": "Feature",
      "geometry": {
        "type": "Point",
        "coordinates": [
          77.07225,
          28.4596
        ]
      },
      "properties": {
        "title": "Engineer/Senior Engineer-Primary Design",
        "company": "Hyosung T& D India Pvt Ltd",
        "location": "Mini Sectt., Gurgaon",
        "country": "IN",
        "url": "https://www.adzuna.in/details/5880151535?utm_medium=api&utm_source=600ef87e",
        "created": "2026-09-12T03:58:16Z",
        "salary_min": null,
        "salary_max": null,
        "matched_keyword": "GIS engineer",
        "source": "Adzuna"
      }
    },
    {
      "type": "Feature",
      "geometry": {
        "type": "Point",
        "coordinates": [
          72.87335,
          19.08185
        ]
      },
      "properties": {
        "title": "Electrical Design Engineer(Substation) | Mumbai",
        "company": "Hudson Manpower",
        "location": "Worli, Mumbai",
        "country": "IN",
        "url": "https://www.adzuna.in/details/5897785780?utm_medium=api&utm_source=600ef87e",
        "created": "2026-09-25T07:54:44Z",
        "salary_min": null,
        "salary_max": null,
        "matched_keyword": "GIS engineer",
        "source": "Adzuna"
      }
    },
    {
      "type": "Feature",
      "geometry": {
        "type": "Point",
        "coordinates": [
          77.3225,
          28.56579
        ]
      },
      "properties": {
        "title": "Engineer - Electrical Component",
        "company": "GE Vernova",
        "location": "Noida, Ghaziabad",
        "country": "IN",
        "url": "https://www.adzuna.in/details/5678824986?utm_medium=api&utm_source=600ef87e",
        "created": "2026-03-26T09:33:57Z",
        "salary_min": null,
        "salary_max": null,
        "matched_keyword": "GIS engineer",
        "source": "Adzuna"
      }
    },
    {
      "type": "Feature",
      "geometry": {
        "type": "Point",
        "coordinates": [
          88.34373,
          22.57285
        ]
      },
      "properties": {
        "title": "Engineer - Electrical Component",
        "company": "GE Vernova",
        "location": "Kolkata, West Bengal",
        "country": "IN",
        "url": "https://www.adzuna.in/details/5678824969?utm_medium=api&utm_source=600ef87e",
        "created": "2026-03-26T09:33:57Z",
        "salary_min": null,
        "salary_max": null,
        "matched_keyword": "GIS engineer",
        "source": "Adzuna"
      }
    },
    {
      "type": "Feature",
      "geometry": {
        "type": "Point",
        "coordinates": [
          88.34373,
          22.57285
        ]
      },
      "properties": {
        "title": "Lead Engineer - Electrical Component",
        "company": "GE Vernova",
        "location": "Kolkata, West Bengal",
        "country": "IN",
        "url": "https://www.adzuna.in/details/5822058573?utm_medium=api&utm_source=600ef87e",
        "created": "2026-07-31T10:54:53Z",
        "salary_min": null,
        "salary_max": null,
        "matched_keyword": "GIS engineer",
        "source": "Adzuna"
      }
    },
    {
      "type": "Feature",
      "geometry": {
        "type": "Point",
        "coordinates": [
          77.3225,
          28.56579
        ]
      },
      "properties": {
        "title": "Lead Engineer - Electrical Component",
        "company": "GE Vernova",
        "location": "Noida, Ghaziabad",
        "country": "IN",
        "url": "https://www.adzuna.in/details/5822058578?utm_medium=api&utm_source=600ef87e",
        "created": "2026-07-31T10:54:53Z",
        "salary_min": null,
        "salary_max": null,
        "matched_keyword": "GIS engineer",
        "source": "Adzuna"
      }
    },
    {
      "type": "Feature",
      "geometry": {
        "type": "Point",
        "coordinates": [
          77.3225,
          28.56579
        ]
      },
      "properties": {
        "title": "Lead Engineer - Electrical Component",
        "company": "GE Vernova",
        "location": "Noida, Ghaziabad",
        "country": "IN",
        "url": "https://www.adzuna.in/details/5714257503?utm_medium=api&utm_source=600ef87e",
        "created": "2026-04-30T09:49:15Z",
        "salary_min": null,
        "salary_max": null,
        "matched_keyword": "GIS engineer",
        "source": "Adzuna"
      }
    },
    {
      "type": "Feature",
      "geometry": {
        "type": "Point",
        "coordinates": [
          88.34373,
          22.57285
        ]
      },
      "properties": {
        "title": "Lead Engineer - Electrical Component",
        "company": "GE Vernova",
        "location": "Kolkata, West Bengal",
        "country": "IN",
        "url": "https://www.adzuna.in/details/5745232165?utm_medium=api&utm_source=600ef87e",
        "created": "2026-05-30T10:13:38Z",
        "salary_min": null,
        "salary_max": null,
        "matched_keyword": "GIS engineer",
        "source": "Adzuna"
      }
    },
    {
      "type": "Feature",
      "geometry": {
        "type": "Point",
        "coordinates": [
          73.84735,
          18.5062
        ]
      },
      "properties": {
        "title": "Design Manager/ Engineer",
        "company": "AtkinsRealis",
        "location": "Pune, Maharashtra",
        "country": "IN",
        "url": "https://www.adzuna.in/details/5879138744?utm_medium=api&utm_source=600ef87e",
        "created": "2026-09-11T07:37:42Z",
        "salary_min": null,
        "salary_max": null,
        "matched_keyword": "GIS engineer",
        "source": "Adzuna"
      }
    },
    {
      "type": "Feature",
      "geometry": {
        "type": "Point",
        "coordinates": [
          72.84415,
          19.00821
        ]
      },
      "properties": {
        "title": "Primary Engineer - MBI",
        "company": "Burns & McDonnell",
        "location": "Mumbai, Maharashtra",
        "country": "IN",
        "url": "https://www.adzuna.in/details/5831607918?utm_medium=api&utm_source=600ef87e",
        "created": "2026-08-07T10:56:19Z",
        "salary_min": null,
        "salary_max": null,
        "matched_keyword": "GIS engineer",
        "source": "Adzuna"
      }
    },
    {
      "type": "Feature",
      "geometry": {
        "type": "Point",
        "coordinates": [
          88.34373,
          22.57285
        ]
      },
      "properties": {
        "title": "Lead Engineer - Electrical Component",
        "company": "GE Vernova",
        "location": "Kolkata, West Bengal",
        "country": "IN",
        "url": "https://www.adzuna.in/details/5891404215?utm_medium=api&utm_source=600ef87e",
        "created": "2026-09-20T11:11:31Z",
        "salary_min": null,
        "salary_max": null,
        "matched_keyword": "GIS engineer",
        "source": "Adzuna"
      }
    },
    {
      "type": "Feature",
      "geometry": {
        "type": "Point",
        "coordinates": [
          77.3225,
          28.56579
        ]
      },
      "properties": {
        "title": "Lead Engineer - Electrical Component",
        "company": "GE Vernova",
        "location": "Noida, Ghaziabad",
        "country": "IN",
        "url": "https://www.adzuna.in/details/5891404220?utm_medium=api&utm_source=600ef87e",
        "created": "2026-09-20T11:11:31Z",
        "salary_min": null,
        "salary_max": null,
        "matched_keyword": "GIS engineer",
        "source": "Adzuna"
      }
    },
    {
      "type": "Feature",
      "geometry": {
        "type": "Point",
        "coordinates": [
          80.24963,
          13.06041
        ]
      },
      "properties": {
        "title": "Primary Engineer - Gas Insulated Switchgear",
        "company": "Hitachi",
        "location": "Chennai, Tamil Nadu",
        "country": "IN",
        "url": "https://www.adzuna.in/details/5912653973?utm_medium=api&utm_source=600ef87e",
        "created": "2026-10-05T21:27:36Z",
        "salary_min": null,
        "salary_max": null,
        "matched_keyword": "GIS engineer",
        "source": "Adzuna"
      }
    },
    {
      "type": "Feature",
      "geometry": {
        "type": "Point",
        "coordinates": [
          80.24963,
          13.06041
        ]
      },
      "properties": {
        "title": "Lead Engineer Primary",
        "company": "LT-Larsen & Toubro",
        "location": "Chennai, Tamil Nadu",
        "country": "IN",
        "url": "https://www.adzuna.in/details/5745825846?utm_medium=api&utm_source=600ef87e",
        "created": "2026-05-31T02:17:49Z",
        "salary_min": null,
        "salary_max": null,
        "matched_keyword": "GIS engineer",
        "source": "Adzuna"
      }
    },
    {
      "type": "Feature",
      "geometry": {
        "type": "Point",
        "coordinates": [
          80.24963,
          13.06041
        ]
      },
      "properties": {
        "title": "Application Engineer I",
        "company": "Emerson",
        "location": "Chennai, Tamil Nadu",
        "country": "IN",
        "url": "https://www.adzuna.in/details/5897024287?utm_medium=api&utm_source=600ef87e",
        "created": "2026-09-24T21:03:33Z",
        "salary_min": null,
        "salary_max": null,
        "matched_keyword": "GIS engineer",
        "source": "Adzuna"
      }
    },
    {
      "type": "Feature",
      "geometry": {
        "type": "Point",
        "coordinates": [
          80.24963,
          13.06041
        ]
      },
      "properties": {
        "title": "Application Engineer I",
        "company": "Emerson",
        "location": "Chennai, Tamil Nadu",
        "country": "IN",
        "url": "https://www.adzuna.in/details/5902358481?utm_medium=api&utm_source=600ef87e",
        "created": "2026-09-29T08:14:33Z",
        "salary_min": null,
        "salary_max": null,
        "matched_keyword": "GIS engineer",
        "source": "Adzuna"
      }
    },
    {
      "type": "Feature",
      "geometry": {
        "type": "Point",
        "coordinates": [
          80.24963,
          13.06041
        ]
      },
      "properties": {
        "title": "Lead Structural Steel Engineer",
        "company": "Hitachi",
        "location": "Chennai, Tamil Nadu",
        "country": "IN",
        "url": "https://www.adzuna.in/details/5911684170?utm_medium=api&utm_source=600ef87e",
        "created": "2026-10-04T21:44:42Z",
        "salary_min": null,
        "salary_max": null,
        "matched_keyword": "GIS engineer",
        "source": "Adzuna"
      }
    },
    {
      "type": "Feature",
      "geometry": {
        "type": "Point",
        "coordinates": [
          73.02,
          19.02
        ]
      },
      "properties": {
        "title": "Test Engineer",
        "company": "ideaForge",
        "location": "Navi Mumbai, Maharashtra",
        "country": "IN",
        "url": "https://www.adzuna.in/details/5905434213?utm_medium=api&utm_source=600ef87e",
        "created": "2026-10-01T16:27:19Z",
        "salary_min": null,
        "salary_max": null,
        "matched_keyword": "photogrammetrie",
        "source": "Adzuna"
      }
    },
    {
      "type": "Feature",
      "geometry": {
        "type": "Point",
        "coordinates": [
          73.84735,
          18.5062
        ]
      },
      "properties": {
        "title": "BIM Civil Engineer",
        "company": "Everest Group",
        "location": "Pune, Maharashtra",
        "country": "IN",
        "url": "https://www.adzuna.in/details/5723779812?utm_medium=api&utm_source=600ef87e",
        "created": "2026-05-09T09:10:22Z",
        "salary_min": 300000,
        "salary_max": 1500000,
        "matched_keyword": "photogrammetrie",
        "source": "Adzuna"
      }
    },
    {
      "type": "Feature",
      "geometry": {
        "type": "Point",
        "coordinates": [
          77.3225,
          28.56579
        ]
      },
      "properties": {
        "title": "Robotics AI Engineer | Defence",
        "company": "Zoid technologies Pvt. Ltd.",
        "location": "Noida, Ghaziabad",
        "country": "IN",
        "url": "https://www.adzuna.in/details/5913213982?utm_medium=api&utm_source=600ef87e",
        "created": "2026-10-06T07:35:34Z",
        "salary_min": 600000,
        "salary_max": 800000,
        "matched_keyword": "photogrammetrie",
        "source": "Adzuna"
      }
    }
  ]
}